Time,Station,Temperature,Moisture,Light,Total_Rainfall,Rainfall,Wind_Direction,PM2.5,PM10,CO,NOx,SO2
01/08/2023 00:00:00,SVDT1,26.9,97.8,0,3176.4,0,109,1.6,5,2,0,0
01/08/2023 00:01:00,SVDT1,26.9,97.7,0,3176.4,0,72,1.3,3.4,2,0,0
01/08/2023 00:02:00,SVDT1,26.9,97.7,0,3176.4,0,164,1,1.3,2,0,0
01/08/2023 00:03:00,SVDT1,26.9,97.7,0,3176.4,0,157,1.3,5.8,2,0,0
01/08/2023 00:04:00,SVDT1,26.9,97.6,0,3176.4,0,175,1.5,4.1,2,0,0
01/08/2023 00:05:00,SVDT1,26.9,97.6,0,3176.4,0,182,1.9,10.6,2,0,0
01/08/2023 00:06:00,SVDT1,26.9,97.6,0,3176.4,0,138,1.9,3.8,2,0,0
01/08/2023 00:07:00,SVDT1,26.9,97.6,0,3176.4,0,72,1.2,3.1,2,0,0
01/08/2023 00:08:00,SVDT1,26.9,97.6,0,3176.4,0,191,1.3,2.1,2,0,0
01/08/2023 00:09:00,SVDT1,26.9,97.6,0,3176.4,0,44,2,11.1,2,0,0
01/08/2023 00:10:00,SVDT1,26.9,97.6,0,3176.4,0,124,1.6,5.1,2,0,0
01/08/2023 00:11:00,SVDT1,26.9,97.6,0,3176.4,0,74,1.3,3,2,0,0
01/08/2023 00:12:00,SVDT1,26.9,97.6,0,3176.4,0,134,1.3,2.7,2,0,0
01/08/2023 00:13:00,SVDT1,26.9,97.6,0,3176.4,0,212,1.6,3.6,2,0,0
01/08/2023 00:14:00,SVDT1,26.9,97.6,0,3176.4,0,206,1.7,3.2,2,0,0
01/08/2023 00:15:00,SVDT1,26.9,97.6,0,3176.4,0,197,1.2,2.3,2,0,0
01/08/2023 00:16:00,SVDT1,26.9,97.6,0,3176.4,0,107,0.9,1,2,0,0
01/08/2023 00:17:00,SVDT1,26.8,97.6,0,3176.4,0,185,1.4,2.2,2,0,0
01/08/2023 00:18:00,SVDT1,26.9,97.5,0,3176.4,0,127,1.5,3.5,2,0,0
01/08/2023 00:19:00,SVDT1,26.9,97.5,0,3176.4,0,92,1.5,2.4,2,0,0
01/08/2023 00:20:00,SVDT1,26.9,97.4,0,3176.4,0,119,1.2,1.4,2,0,0
01/08/2023 00:21:00,SVDT1,26.9,97.4,0,3176.4,0,79,1.4,4.5,2,0,0
01/08/2023 00:22:00,SVDT1,26.9,97.3,0,3176.4,0,142,1.7,2.6,2,0,0
01/08/2023 00:23:00,SVDT1,26.9,97.2,0,3176.4,0,94,1.5,4.5,2,0,0
01/08/2023 00:24:00,SVDT1,26.9,97.2,0,3176.4,0,149,1.6,5.8,2,0,0
01/08/2023 00:25:00,SVDT1,26.9,97.2,0,3176.4,0,164,1.6,3.6,2,0,0
01/08/2023 00:26:00,SVDT1,26.9,97.2,0,3176.4,0,110,1.7,2.8,2,0,0
01/08/2023 00:27:00,SVDT1,26.9,97.1,0,3176.4,0,104,1.2,3.2,2,0,0
01/08/2023 00:28:00,SVDT1,26.9,97.1,0,3176.4,0,97,1.3,2.6,2,0,0
01/08/2023 00:29:00,SVDT1,26.9,97.1,0,3176.4,0,106,1.4,3,2,0,0
01/08/2023 00:30:00,SVDT1,26.9,97.1,0,3176.4,0,97,2.2,6.3,2,0,0
01/08/2023 00:31:00,SVDT1,26.9,97.1,0,3176.4,0,193,1.9,3.8,2,0,0
01/08/2023 00:32:00,SVDT1,26.9,97.1,0,3176.4,0,140,1.7,2.1,2,0,0
01/08/2023 00:33:00,SVDT1,26.9,97.1,0,3176.4,0,124,1.5,1.9,2,0,0
01/08/2023 00:34:00,SVDT1,26.9,97.1,0,3176.4,0,119,1.2,2.1,2,0,0
01/08/2023 00:35:00,SVDT1,26.9,97.0,0,3176.4,0,85,1.6,2.7,2,0,0
01/08/2023 00:36:00,SVDT1,26.9,97.1,0,3176.4,0,103,1.7,3.4,2,0,0
01/08/2023 00:37:00,SVDT1,26.9,97.0,0,3176.4,0,112,2.2,5.4,2,0,0
01/08/2023 00:38:00,SVDT1,26.8,97.0,0,3176.4,0,98,1.6,2.9,2,0,0
01/08/2023 00:39:00,SVDT1,26.8,97.1,0,3176.4,0,101,1.8,3.3,2,0,0
01/08/2023 00:40:00,SVDT1,26.9,97.1,0,3176.4,0,141,1.4,3.9,2,0,0
01/08/2023 00:41:00,SVDT1,26.9,97.1,0,3176.4,0,99,1.4,2,2,0,0
01/08/2023 00:42:00,SVDT1,26.9,97.1,0,3176.4,0,97,1.9,4.1,2,0,0
01/08/2023 00:43:00,SVDT1,26.9,97.1,0,3176.4,0,105,1.3,2,2,0,0
01/08/2023 00:44:00,SVDT1,26.9,97.1,0,3176.4,0,78,1.8,3.8,2,0,0
01/08/2023 00:45:00,SVDT1,26.9,97.1,0,3176.4,0,107,1.8,4.1,2,0,0
01/08/2023 00:46:00,SVDT1,26.9,97.1,0,3176.4,0,96,1.9,6.1,2,0,0
01/08/2023 00:47:00,SVDT1,26.9,97.1,0,3176.4,0,100,1.3,7.3,2,0,0
01/08/2023 00:48:00,SVDT1,26.9,97.2,0,3176.4,0,89,1.5,8.6,2,0,0
01/08/2023 00:49:00,SVDT1,26.9,97.2,0,3176.4,0,102,1.2,1.9,2,0,0
01/08/2023 00:50:00,SVDT1,26.9,97.2,0,3176.4,0,99,1.3,2.1,2,0,0
01/08/2023 00:51:00,SVDT1,26.9,97.2,0,3176.4,0,95,1.3,3.5,2,0,0
01/08/2023 00:52:00,SVDT1,26.9,97.2,0,3176.4,0,87,1.1,1.5,2,0,0
01/08/2023 00:53:00,SVDT1,26.9,97.2,0,3176.4,0,91,2.1,4.5,2,0,0
01/08/2023 00:54:00,SVDT1,26.9,97.2,0,3176.4,0,59,1.7,5.5,2,0,0
01/08/2023 00:55:00,SVDT1,26.9,97.2,0,3176.4,0,102,1.5,8.3,2,0,0
01/08/2023 00:56:00,SVDT1,26.9,97.2,0,3176.4,0,92,1.2,1.8,2,0,0
01/08/2023 00:57:00,SVDT1,26.9,97.2,0,3176.4,0,99,1.3,3.1,2,0,0
01/08/2023 00:58:00,SVDT1,26.9,97.2,0,3176.4,0,79,1.3,3.1,2,0,0
01/08/2023 00:59:00,SVDT1,26.9,97.2,0,3176.4,0,128,1.9,3.8,2,0,0
01/08/2023 01:00:00,SVDT1,26.9,97.2,0,3176.4,0,71,2,4.4,2,0,0
01/08/2023 01:01:00,SVDT1,26.9,97.1,0,3176.4,0,93,1.6,5.5,2,0,0
01/08/2023 01:02:00,SVDT1,26.9,97.1,0,3176.4,0,71,1.4,4.3,2,0,0
01/08/2023 01:03:00,SVDT1,26.9,97.1,0,3176.4,0,87,1.6,2.7,2,0,0
01/08/2023 01:04:00,SVDT1,26.9,97.1,0,3176.4,0,81,2.4,6.8,2,0,0
01/08/2023 01:05:00,SVDT1,26.9,97.0,0,3176.4,0,200,1.8,4.4,2,0,0
01/08/2023 01:06:00,SVDT1,26.9,97.0,0,3176.4,0,186,1.3,2.1,2,0,0
01/08/2023 01:07:00,SVDT1,26.9,97.0,0,3176.4,0,116,0.8,0.9,2,0,0
01/08/2023 01:08:00,SVDT1,26.9,97.0,0,3176.4,0,115,1.6,3.9,2,0,0
01/08/2023 01:09:00,SVDT1,26.9,97.0,0,3176.4,0,58,1.6,6.3,2,0,0
01/08/2023 01:10:00,SVDT1,26.9,96.9,0,3176.4,0,45,2.1,6.1,2,0,0
01/08/2023 01:11:00,SVDT1,26.9,96.9,0,3176.4,0,134,1.2,1.9,2,0,0
01/08/2023 01:12:00,SVDT1,26.9,96.9,0,3176.4,0,119,2.4,5.1,2,0,0
01/08/2023 01:13:00,SVDT1,26.9,96.9,0,3176.4,0,101,1.9,3.4,2,0,0
01/08/2023 01:14:00,SVDT1,26.9,96.9,0,3176.4,0,80,1.2,1.8,2,0,0
01/08/2023 01:15:00,SVDT1,26.9,96.9,0,3176.4,0,113,1.5,3.6,2,0,0
01/08/2023 01:16:00,SVDT1,26.9,96.9,0,3176.4,0,135,1.4,2.9,2,0,0
01/08/2023 01:17:00,SVDT1,26.9,96.9,0,3176.4,0,132,1.8,2.6,2,0,0
01/08/2023 01:18:00,SVDT1,26.9,96.9,0,3176.4,0,83,1.4,3.4,2,0,0
01/08/2023 01:19:00,SVDT1,26.9,96.8,0,3176.4,0,106,1.6,4.2,2,0,0
01/08/2023 01:20:00,SVDT1,26.9,96.9,0,3176.4,0,101,2.2,5.1,2,0,0
01/08/2023 01:21:00,SVDT1,26.9,96.9,0,3176.4,0,92,1.2,3.4,2,0,0
01/08/2023 01:22:00,SVDT1,26.9,96.9,0,3176.4,0,96,1.4,6.5,2,0,0
01/08/2023 01:23:00,SVDT1,26.9,96.8,0,3176.4,0,71,1.4,2,2,0,0
01/08/2023 01:24:00,SVDT1,26.9,96.8,0,3176.4,0,75,1.2,4.8,2,0,0
01/08/2023 01:25:00,SVDT1,26.9,96.8,0,3176.4,0,114,1.2,4.6,2,0,0
01/08/2023 01:26:00,SVDT1,26.9,96.8,0,3176.4,0,173,1.3,2.1,2,0,0
01/08/2023 01:27:00,SVDT1,26.9,96.8,0,3176.4,0,99,2.1,5.1,2,0,0
01/08/2023 01:28:00,SVDT1,26.9,96.8,0,3176.4,0,94,1.2,2,2,0,0
01/08/2023 01:29:00,SVDT1,26.9,96.8,0,3176.4,0,93,1.3,3.9,2,0,0
01/08/2023 01:30:00,SVDT1,26.9,96.7,0,3176.4,0,101,1.4,1.7,2,0,0
01/08/2023 01:31:00,SVDT1,26.9,96.7,0,3176.4,0,116,1.3,5.6,2,0,0
01/08/2023 01:32:00,SVDT1,26.9,96.7,0,3176.4,0,54,1.1,2.1,2,0,0
01/08/2023 01:33:00,SVDT1,26.9,96.8,0,3176.4,0,178,1.3,4.2,2,0,0
01/08/2023 01:34:00,SVDT1,26.9,96.8,0,3176.4,0,110,1.2,1.7,2,0,0
01/08/2023 01:35:00,SVDT1,26.9,96.8,0,3176.4,0,143,1.7,6.4,2,0,0
01/08/2023 01:36:00,SVDT1,26.8,96.8,0,3176.4,0,89,1.2,3.3,2,0,0
01/08/2023 01:37:00,SVDT1,26.8,96.8,0,3176.4,0,86,1.4,2.3,2,0,0
01/08/2023 01:38:00,SVDT1,26.8,96.8,0,3176.4,0,198,1.5,2.1,2,0,0
01/08/2023 01:39:00,SVDT1,26.8,96.8,0,3176.4,0,153,2.1,4.9,2,0,0
01/08/2023 01:40:00,SVDT1,26.8,96.8,0,3176.4,0,116,1.5,2.7,2,0,0
01/08/2023 01:41:00,SVDT1,26.8,96.8,0,3176.4,0,197,1.4,2.5,2,0,0
01/08/2023 01:42:00,SVDT1,26.8,96.9,0,3176.4,0,123,1.3,3.5,2,0,0
01/08/2023 01:43:00,SVDT1,26.8,96.9,0,3176.4,0,157,1.8,5,2,0,0
01/08/2023 01:44:00,SVDT1,26.7,96.9,0,3176.4,0,104,1.4,4.6,2,0,0
01/08/2023 01:45:00,SVDT1,26.7,97.0,0,3176.4,0,80,1.7,7,2,0,0
01/08/2023 01:46:00,SVDT1,26.7,97.0,0,3176.4,0,167,1.6,3,2,0,0
01/08/2023 01:47:00,SVDT1,26.7,97.0,0,3176.4,0,69,1.9,3.3,2,0,0
01/08/2023 01:48:00,SVDT1,26.7,97.0,0,3176.4,0,89,1.5,5.2,2,0,0
01/08/2023 01:49:00,SVDT1,26.7,97.1,0,3176.4,0,138,1.5,3.9,2,0,0
01/08/2023 01:50:00,SVDT1,26.7,97.1,0,3176.4,0,167,2,8.7,2,0,0
01/08/2023 01:51:00,SVDT1,26.6,97.1,0,3176.4,0,102,1.3,2.8,2,0,0
01/08/2023 01:52:00,SVDT1,26.6,97.2,0,3176.4,0,109,1.1,1.6,2,0,0
01/08/2023 01:53:00,SVDT1,26.6,97.2,0,3176.4,0,120,1.5,3.2,2,0,0
01/08/2023 01:54:00,SVDT1,26.6,97.2,0,3176.4,0,118,1.3,3.3,2,0,0
01/08/2023 01:55:00,SVDT1,26.6,97.2,0,3176.4,0,258,2.1,6.1,2,0,0
01/08/2023 01:56:00,SVDT1,26.6,97.2,0,3176.4,0,134,1.9,2.5,2,0,0
01/08/2023 01:57:00,SVDT1,26.6,97.2,0,3176.4,0,89,1.5,3.8,2,0,0
01/08/2023 01:58:00,SVDT1,26.6,97.2,0,3176.4,0,100,1.8,4.1,2,0,0
01/08/2023 01:59:00,SVDT1,26.6,97.3,0,3176.4,0,76,1.3,2.5,2,0,0
01/08/2023 02:00:00,SVDT1,26.6,97.3,0,3176.4,0,180,1.5,1.9,2,0,0
01/08/2023 02:01:00,SVDT1,26.6,97.3,0,3176.4,0,250,1.4,4.3,2,0,0
01/08/2023 02:02:00,SVDT1,26.6,97.3,0,3176.4,0,259,1.9,9.9,2,0,0
01/08/2023 02:03:00,SVDT1,26.6,97.3,0,3176.4,0,118,1.7,4.1,2,0,0
01/08/2023 02:04:00,SVDT1,26.6,97.3,0,3176.4,0,104,1.7,5.3,2,0,0
01/08/2023 02:05:00,SVDT1,26.6,97.3,0,3176.4,0,97,1.7,4.5,2,0,0
01/08/2023 02:06:00,SVDT1,26.6,97.3,0,3176.4,0,133,1.6,8.5,2,0,0
01/08/2023 02:07:00,SVDT1,26.6,97.4,0,3176.4,0,177,1.4,5.6,2,0,0
01/08/2023 02:08:00,SVDT1,26.5,97.3,0,3176.4,0,165,1.4,6.2,2,0,0
01/08/2023 02:09:00,SVDT1,26.5,97.3,0,3176.4,0,110,1.4,4.8,2,0,0
01/08/2023 02:10:00,SVDT1,26.5,97.4,0,3176.4,0,80,1.6,2.6,2,0,0
01/08/2023 02:11:00,SVDT1,26.5,97.4,0,3176.4,0,99,1.5,8.5,2,0,0
01/08/2023 02:12:00,SVDT1,26.5,97.4,0,3176.4,0,116,1.9,9.3,2,0,0
01/08/2023 02:13:00,SVDT1,26.5,97.4,0,3176.4,0,102,1.1,1.5,2,0,0
01/08/2023 02:14:00,SVDT1,26.5,97.4,0,3176.4,0,119,1.5,2.5,2,0,0
01/08/2023 02:15:00,SVDT1,26.5,97.4,0,3176.4,0,220,1.2,1.9,2,0,0
01/08/2023 02:16:00,SVDT1,26.5,97.4,0,3176.4,0,85,1.2,1.8,2,0,0
01/08/2023 02:17:00,SVDT1,26.5,97.4,0,3176.4,0,110,1.5,3.2,2,0,0
01/08/2023 02:18:00,SVDT1,26.5,97.4,0,3176.4,0,104,1.5,3.7,2,0,0
01/08/2023 02:19:00,SVDT1,26.5,97.4,0,3176.4,0,171,1.3,1.6,2,0,0
01/08/2023 02:20:00,SVDT1,26.5,97.4,0,3176.4,0,226,2.4,8.5,2,0,0
01/08/2023 02:21:00,SVDT1,26.5,97.4,0,3176.4,0,129,1.7,3.8,2,0,0
01/08/2023 02:22:00,SVDT1,26.5,97.5,0,3176.4,0,137,1.4,2.8,2,0,0
01/08/2023 02:23:00,SVDT1,26.5,97.5,0,3176.4,0,91,1.8,3,2,0,0
01/08/2023 02:24:00,SVDT1,26.5,97.5,0,3176.4,0,163,1.7,7.6,2,0,0
01/08/2023 02:25:00,SVDT1,26.5,97.5,0,3176.4,0,231,1.2,3,2,0,0
01/08/2023 02:26:00,SVDT1,26.5,97.5,0,3176.4,0,109,1,1.5,2,0,0
01/08/2023 02:27:00,SVDT1,26.5,97.5,0,3176.4,0,144,1.4,2.9,2,0,0
01/08/2023 02:28:00,SVDT1,26.5,97.5,0,3176.4,0,206,1.4,2.9,2,0,0
01/08/2023 02:29:00,SVDT1,26.5,97.5,0,3176.4,0,104,1.8,3.4,2,0,0
01/08/2023 02:30:00,SVDT1,26.4,97.5,0,3176.4,0,111,1.8,6.8,2,0,0
01/08/2023 02:31:00,SVDT1,26.4,97.6,0,3176.4,0,99,1.6,3,2,0,0
01/08/2023 02:32:00,SVDT1,26.4,97.6,0,3176.4,0,117,1.4,3.9,2,0,0
01/08/2023 02:33:00,SVDT1,26.4,97.6,0,3176.4,0,108,1.2,2.7,2,0,0
01/08/2023 02:34:00,SVDT1,26.4,97.6,0,3176.4,0,108,1.1,1.6,2,0,0
01/08/2023 02:35:00,SVDT1,26.4,97.6,0,3176.4,0,64,2,3.2,2,0,0
01/08/2023 02:36:00,SVDT1,26.4,97.6,0,3176.4,0,101,1.5,5.6,2,0,0
01/08/2023 02:37:00,SVDT1,26.4,97.6,0,3176.4,0,97,1.8,4.1,2,0,0
01/08/2023 02:38:00,SVDT1,26.4,97.6,0,3176.4,0,127,1.6,2.9,2,0,0
01/08/2023 02:39:00,SVDT1,26.4,97.6,0,3176.4,0,99,1.9,3.2,2,0,0
01/08/2023 02:40:00,SVDT1,26.4,97.6,0,3176.4,0,175,1.6,3.1,2,0,0
01/08/2023 02:41:00,SVDT1,26.4,97.7,0,3176.4,0,82,1.4,2.1,2,0,0
01/08/2023 02:42:00,SVDT1,26.4,97.7,0,3176.4,0,---,---,---,---,---,---
01/08/2023 02:43:00,SVDT1,26.4,97.7,0,3176.4,0,---,---,---,---,---,---
01/08/2023 02:44:00,SVDT1,26.4,97.7,0,3176.4,0,---,---,---,---,---,---
01/08/2023 02:45:00,SVDT1,26.4,97.7,0,3176.4,0,---,---,---,---,---,---
01/08/2023 02:46:00,SVDT1,26.4,97.7,0,3176.4,0,---,---,---,---,---,---
01/08/2023 02:47:00,SVDT1,26.4,97.7,0,3176.4,0,---,---,---,---,---,---
01/08/2023 02:48:00,SVDT1,26.4,97.7,0,3176.4,0,---,---,---,---,---,---
01/08/2023 02:49:00,SVDT1,26.4,97.7,0,3176.4,0,---,---,---,---,---,---
01/08/2023 02:50:00,SVDT1,26.4,97.7,0,3176.4,0,---,---,---,---,---,---
01/08/2023 02:51:00,SVDT1,26.4,97.7,0,3176.4,0,---,---,---,---,---,---
01/08/2023 02:52:00,SVDT1,26.4,97.7,0,3176.4,0,---,---,---,---,---,---
01/08/2023 02:53:00,SVDT1,26.4,97.7,0,3176.4,0,---,---,---,---,---,---
01/08/2023 02:54:00,SVDT1,26.4,97.7,0,3176.4,0,---,---,---,---,---,---
01/08/2023 02:55:00,SVDT1,26.4,97.7,0,3176.4,0,---,---,---,---,---,---
01/08/2023 02:56:00,SVDT1,26.4,97.7,0,3176.4,0,---,---,---,---,---,---
01/08/2023 02:57:00,SVDT1,26.4,97.7,0,3176.4,0,---,---,---,---,---,---
01/08/2023 02:58:00,SVDT1,26.5,97.7,0,3176.4,0,---,---,---,---,---,---
01/08/2023 02:59:00,SVDT1,26.4,97.7,0,3176.4,0,---,---,---,---,---,---
01/08/2023 03:00:00,SVDT1,26.4,97.7,0,3176.4,0,---,---,---,---,---,---
01/08/2023 03:01:00,SVDT1,26.5,97.8,0,3176.4,0,---,---,---,---,---,---
01/08/2023 03:02:00,SVDT1,26.5,97.8,0,3176.4,0,---,---,---,---,---,---
01/08/2023 03:03:00,SVDT1,26.5,97.8,0,3176.4,0,---,---,---,---,---,---
01/08/2023 03:04:00,SVDT1,26.4,97.8,0,3176.4,0,---,---,---,---,---,---
01/08/2023 03:05:00,SVDT1,26.4,97.8,0,3176.4,0,101,1.3,3.2,2,0,0
01/08/2023 03:06:00,SVDT1,26.5,97.8,0,3176.4,0,106,1.6,3.3,2,0,0
01/08/2023 03:07:00,SVDT1,26.5,97.8,0,3176.4,0,81,1.8,3.7,2,0,0
01/08/2023 03:08:00,SVDT1,26.5,97.8,0,3176.4,0,82,2,8,2,0,0
01/08/2023 03:09:00,SVDT1,26.5,97.8,0,3176.4,0,148,1.6,2.7,2,0,0
01/08/2023 03:10:00,SVDT1,26.5,97.8,0,3176.4,0,106,1.6,2.9,2,0,0
01/08/2023 03:11:00,SVDT1,26.5,97.8,0,3176.4,0,103,1.4,4.9,2,0,0
01/08/2023 03:12:00,SVDT1,26.5,97.8,0,3176.4,0,102,1.8,5.4,2,0,0
01/08/2023 03:13:00,SVDT1,26.5,97.8,0,3176.4,0,98,2.1,9,2,0,0
01/08/2023 03:14:00,SVDT1,26.5,97.8,0,3176.4,0,76,2.1,4.8,2,0,0
01/08/2023 03:15:00,SVDT1,26.4,97.8,0,3176.4,0,93,1.3,2.8,2,0,0
01/08/2023 03:16:00,SVDT1,26.5,97.8,0,3176.4,0,88,1.5,2.9,2,0,0
01/08/2023 03:17:00,SVDT1,26.4,97.8,0,3176.4,0,96,1.2,1.6,2,0,0
01/08/2023 03:18:00,SVDT1,26.5,97.8,0,3176.4,0,98,2.1,4.2,2,0,0
01/08/2023 03:19:00,SVDT1,26.5,97.8,0,3176.4,0,99,1.6,2.1,2,0,0
01/08/2023 03:20:00,SVDT1,26.4,97.8,0,3176.4,0,94,1.5,2,2,0,0
01/08/2023 03:21:00,SVDT1,26.4,97.9,0,3176.4,0,106,1.6,3.3,2,0,0
01/08/2023 03:22:00,SVDT1,26.4,97.9,0,3176.4,0,89,2.1,9.2,2,0,0
01/08/2023 03:23:00,SVDT1,26.4,97.9,0,3176.4,0,99,1.2,1.7,2,0,0
01/08/2023 03:24:00,SVDT1,26.4,97.9,0,3176.4,0,102,1.7,4.4,2,0,0
01/08/2023 03:25:00,SVDT1,26.4,97.9,0,3176.4,0,101,1.3,2.2,2,0,0
01/08/2023 03:26:00,SVDT1,26.4,97.9,0,3176.4,0,109,1.9,5.2,2,0,0
01/08/2023 03:27:00,SVDT1,26.4,98.0,0,3176.4,0,82,1.7,2.7,2,0,0
01/08/2023 03:28:00,SVDT1,26.4,98.0,0,3176.4,0,108,1.5,2.2,2,0,0
01/08/2023 03:29:00,SVDT1,26.4,98.0,0,3176.4,0,108,1.4,3.4,2,0,0
01/08/2023 03:30:00,SVDT1,26.4,98.0,0,3176.4,0,98,1.8,3.4,2,0,0
01/08/2023 03:31:00,SVDT1,26.4,98.0,0,3176.4,0,72,1.4,10,2,0,0
01/08/2023 03:32:00,SVDT1,26.4,98.0,0,3176.4,0,100,1.3,2.2,2,0,0
01/08/2023 03:33:00,SVDT1,26.4,98.0,0,3176.4,0,102,1.4,2.5,2,0,0
01/08/2023 03:34:00,SVDT1,26.4,97.9,0,3176.4,0,110,1.5,3.7,2,0,0
01/08/2023 03:35:00,SVDT1,26.4,97.9,0,3176.4,0,92,1.8,5.8,2,0,0
01/08/2023 03:36:00,SVDT1,26.4,97.9,0,3176.4,0,104,1.8,7.1,2,0,0
01/08/2023 03:37:00,SVDT1,26.4,97.9,0,3176.4,0,104,1.2,4.7,2,0,0
01/08/2023 03:38:00,SVDT1,26.4,97.9,0,3176.4,0,102,1.3,2.6,2,0,0
01/08/2023 03:39:00,SVDT1,26.4,97.9,0,3176.4,0,105,1.6,2.2,2,0,0
01/08/2023 03:40:00,SVDT1,26.4,98.0,0,3176.4,0,112,1.7,4.2,2,0,0
01/08/2023 03:41:00,SVDT1,26.4,97.9,0,3176.4,0,111,1.8,4.9,2,0,0
01/08/2023 03:42:00,SVDT1,26.4,98.0,0,3176.4,0,108,1.6,6,2,0,0
01/08/2023 03:43:00,SVDT1,26.4,98.0,0,3176.4,0,99,2.1,12.7,2,0,0
01/08/2023 03:44:00,SVDT1,26.4,98.0,0,3176.4,0,118,2.1,3.5,2,0,0
01/08/2023 03:45:00,SVDT1,26.4,98.0,0,3176.4,0,104,1.6,2.8,2,0,0
01/08/2023 03:46:00,SVDT1,26.4,98.0,0,3176.4,0,109,2.2,6.8,2,0,0
01/08/2023 03:47:00,SVDT1,26.4,98.0,0,3176.4,0,115,2,5.2,2,0,0
01/08/2023 03:48:00,SVDT1,26.4,98.0,0,3176.4,0,108,1.4,2.2,2,0,0
01/08/2023 03:49:00,SVDT1,26.4,98.0,0,3176.4,0,117,1.5,2.3,2,0,0
01/08/2023 03:50:00,SVDT1,26.4,98.0,0,3176.4,0,106,1.8,5.5,2,0,0
01/08/2023 03:51:00,SVDT1,26.4,98.0,0,3176.4,0,104,2.4,9.5,2,0,0
01/08/2023 03:52:00,SVDT1,26.4,98.1,0,3176.4,0,105,1.7,3.5,2,0,0
01/08/2023 03:53:00,SVDT1,26.4,98.1,0,3176.4,0,104,1.4,2.3,2,0,0
01/08/2023 03:54:00,SVDT1,26.4,98.1,0,3176.4,0,99,1.3,2,2,0,0
01/08/2023 03:55:00,SVDT1,26.4,98.1,0,3176.4,0,114,1.8,2.9,2,0,0
01/08/2023 03:56:00,SVDT1,26.4,98.1,0,3176.4,0,100,2.3,4.7,2,0,0
01/08/2023 03:57:00,SVDT1,26.4,98.1,0,3176.4,0,82,2.4,8.4,2,0,0
01/08/2023 03:58:00,SVDT1,26.4,98.1,0,3176.4,0,108,1.4,2.9,2,0,0
01/08/2023 03:59:00,SVDT1,26.4,98.1,0,3176.4,0,90,1.5,4.1,2,0,0
01/08/2023 04:00:00,SVDT1,26.4,98.1,0,3176.4,0,105,2,3.9,2,0,0
01/08/2023 04:01:00,SVDT1,26.4,98.1,0,3176.4,0,110,1.8,4.4,2,0,0
01/08/2023 04:02:00,SVDT1,26.4,98.1,0,3176.4,0,95,2.1,4.7,2,0,0
01/08/2023 04:03:00,SVDT1,26.4,98.1,0,3176.4,0,91,2.2,7.2,2,0,0
01/08/2023 04:04:00,SVDT1,26.4,98.1,0,3176.4,0,100,1.8,3.7,2,0,0
01/08/2023 04:05:00,SVDT1,26.4,98.1,0,3176.4,0,106,1.4,2.6,2,0,0
01/08/2023 04:06:00,SVDT1,26.4,98.1,0,3176.4,0,89,2,3,2,0,0
01/08/2023 04:07:00,SVDT1,26.4,98.1,0,3176.4,0,107,2.1,7.5,2,0,0
01/08/2023 04:08:00,SVDT1,26.4,98.2,0,3176.4,0,99,1.7,7.7,2,0,0
01/08/2023 04:09:00,SVDT1,26.4,98.2,0,3176.4,0,93,1.8,5.5,2,0,0
01/08/2023 04:10:00,SVDT1,26.4,98.2,0,3176.4,0,94,1.6,3.5,2,0,0
01/08/2023 04:11:00,SVDT1,26.4,98.2,0,3176.4,0,107,1.6,3.9,2,0,0
01/08/2023 04:12:00,SVDT1,26.4,98.2,0,3176.4,0,112,2.3,14.5,2,0,0
01/08/2023 04:13:00,SVDT1,26.4,98.2,0,3176.4,0,107,2.2,4.1,2,0,0
01/08/2023 04:14:00,SVDT1,26.4,98.2,0,3176.4,0,103,2,12.4,2,0,0
01/08/2023 04:15:00,SVDT1,26.4,98.2,0,3176.4,0,117,1.4,6,2,0,0
01/08/2023 04:16:00,SVDT1,26.4,98.2,0,3176.4,0,105,2.3,7.2,2,0,0
01/08/2023 04:17:00,SVDT1,26.3,98.2,0,3176.4,0,101,2,6.3,2,0,0
01/08/2023 04:18:00,SVDT1,26.3,98.2,0,3176.4,0,110,2.7,10.9,2,0,0
01/08/2023 04:19:00,SVDT1,26.3,98.2,0,3176.4,0,101,1.8,6.1,2,0,0
01/08/2023 04:20:00,SVDT1,26.3,98.2,0,3176.4,0,110,1.8,3.5,2,0,0
01/08/2023 04:21:00,SVDT1,26.4,98.2,0,3176.4,0,104,1.6,2.5,2,0,0
01/08/2023 04:22:00,SVDT1,26.4,98.2,0,3176.4,0,75,3,10.4,2,0,0
01/08/2023 04:23:00,SVDT1,26.4,98.2,0,3176.4,0,102,2.5,4.9,2,0,0
01/08/2023 04:24:00,SVDT1,26.3,98.2,0,3176.4,0,113,2.5,5.6,2,0,0
01/08/2023 04:25:00,SVDT1,26.3,98.2,0,3176.4,0,99,1.3,2.1,2,0,0
01/08/2023 04:26:00,SVDT1,26.3,98.2,0,3176.4,0,108,2.1,5.1,2,0,0
01/08/2023 04:27:00,SVDT1,26.4,98.2,0,3176.4,0,110,1.9,4.4,2,0,0
01/08/2023 04:28:00,SVDT1,26.4,98.2,0,3176.4,0,110,1.4,2.9,2,0,0
01/08/2023 04:29:00,SVDT1,26.4,98.3,0,3176.4,0,110,1.6,3.1,2,0,0
01/08/2023 04:30:00,SVDT1,26.4,98.2,0,3176.4,0,103,2.2,3.7,2,0,0
01/08/2023 04:31:00,SVDT1,26.4,98.3,0,3176.4,0,103,2.3,4.7,2,0,0
01/08/2023 04:32:00,SVDT1,26.3,98.3,0,3176.4,0,102,2.5,4.5,2,0,0
01/08/2023 04:33:00,SVDT1,26.4,98.3,0,3176.4,0,106,1.8,4.6,2,0,0
01/08/2023 04:34:00,SVDT1,26.4,98.3,0,3176.4,0,105,2,14,2,0,0
01/08/2023 04:35:00,SVDT1,26.3,98.3,0,3176.4,0,98,1.9,5.9,2,0,0
01/08/2023 04:36:00,SVDT1,26.3,98.3,0,3176.4,0,106,1.7,5.8,2,0,0
01/08/2023 04:37:00,SVDT1,26.3,98.3,0,3176.4,0,108,1.9,2.7,2,0,0
01/08/2023 04:38:00,SVDT1,26.3,98.3,0,3176.4,0,104,1.5,7.1,2,0,0
01/08/2023 04:39:00,SVDT1,26.3,98.3,0,3176.4,0,123,1.8,4.9,2,0,0
01/08/2023 04:40:00,SVDT1,26.3,98.3,0,3176.4,0,100,1.6,3.5,2,0,0
01/08/2023 04:41:00,SVDT1,26.3,98.4,0,3176.4,0,83,2.1,6.1,2,0,0
01/08/2023 04:42:00,SVDT1,26.3,98.3,0,3176.4,0,110,1.8,6.2,2,0,0
01/08/2023 04:43:00,SVDT1,26.3,98.3,0,3176.4,0,88,1.6,6.4,2,0,0
01/08/2023 04:44:00,SVDT1,26.3,98.4,0,3176.4,0,111,1.5,3.7,2,0,0
01/08/2023 04:45:00,SVDT1,26.3,98.4,0,3176.4,0,103,2.1,7.9,2,0,0
01/08/2023 04:46:00,SVDT1,26.3,98.4,0,3176.4,0,104,2.3,5.8,2,0,0
01/08/2023 04:47:00,SVDT1,26.3,98.4,0,3176.4,0,108,1.9,6.3,2,0,0
01/08/2023 04:48:00,SVDT1,26.3,98.4,0,3176.4,0,110,1.4,3.1,2,0,0
01/08/2023 04:49:00,SVDT1,26.3,98.4,0,3176.4,0,110,1.4,2.4,2,0,0
01/08/2023 04:50:00,SVDT1,26.3,98.4,0,3176.4,0,108,1.6,2.8,2,0,0
01/08/2023 04:51:00,SVDT1,26.3,98.4,0,3176.4,0,110,1.9,3.5,2,0,0
01/08/2023 04:52:00,SVDT1,26.3,98.4,0,3176.4,0,110,2.1,3.3,2,0,0
01/08/2023 04:53:00,SVDT1,26.3,98.5,0,3176.4,0,110,1.7,6,2,0,0
01/08/2023 04:54:00,SVDT1,26.3,98.5,0,3176.4,0,123,1.7,4.1,2,0,0
01/08/2023 04:55:00,SVDT1,26.3,98.5,0,3176.4,0,99,1.9,5.3,2,0,0
01/08/2023 04:56:00,SVDT1,26.3,98.5,0,3176.4,0,107,2.2,8.1,2,0,0
01/08/2023 04:57:00,SVDT1,26.3,98.5,0,3176.4,0,68,1.3,2.1,2,0,0
01/08/2023 04:58:00,SVDT1,26.3,98.5,0,3176.4,0,100,2,3.8,2,0,0
01/08/2023 04:59:00,SVDT1,26.3,98.6,0,3176.4,0,88,1.3,2.1,2,0,0
01/08/2023 05:00:00,SVDT1,26.3,98.6,0,3176.4,0,98,1.9,3.8,2,0,0
01/08/2023 05:01:00,SVDT1,26.3,98.5,0,3176.4,0,81,1.9,4.5,2,0,0
01/08/2023 05:02:00,SVDT1,26.3,98.6,0,3176.4,0,97,1.6,2.8,2,0,0
01/08/2023 05:03:00,SVDT1,26.3,98.6,0,3176.4,0,104,1.5,2.3,2,0,0
01/08/2023 05:04:00,SVDT1,26.3,98.6,0,3176.4,0,86,2.2,7.6,2,0,0
01/08/2023 05:05:00,SVDT1,26.3,98.6,0,3176.4,0,85,1.7,3.1,2,0,0
01/08/2023 05:06:00,SVDT1,26.3,98.6,0,3176.4,0,93,2.1,5.1,2,0,0
01/08/2023 05:07:00,SVDT1,26.3,98.6,0,3176.4,0,80,2,9.7,2,0,0
01/08/2023 05:08:00,SVDT1,26.3,98.6,0,3176.4,0,73,2.4,6.6,2,0,0
01/08/2023 05:09:00,SVDT1,26.3,98.6,0,3176.4,0,83,2.3,9,2,0,0
01/08/2023 05:10:00,SVDT1,26.3,98.6,0,3176.4,0,64,1.5,2.1,2,0,0
01/08/2023 05:11:00,SVDT1,26.3,98.6,0,3176.4,0,82,2.4,3.6,2,0,0
01/08/2023 05:12:00,SVDT1,26.3,98.6,0,3176.4,0,76,2,4.1,2,0,0
01/08/2023 05:13:00,SVDT1,26.3,98.6,0,3176.4,0,71,2.2,5.3,2,0,0
01/08/2023 05:14:00,SVDT1,26.3,98.6,0,3176.4,0,76,1.4,3,2,0,0
01/08/2023 05:15:00,SVDT1,26.3,98.6,0,3176.4,0,59,2.4,5.6,2,0,0
01/08/2023 05:16:00,SVDT1,26.3,98.6,0,3176.4,0,75,2.1,5.6,2,0,0
01/08/2023 05:17:00,SVDT1,26.3,98.6,0,3176.4,0,62,2,5.1,2,0,0
01/08/2023 05:18:00,SVDT1,26.3,98.6,0,3176.4,0,62,2.4,5.1,2,0,0
01/08/2023 05:19:00,SVDT1,26.3,98.6,0,3176.4,0,88,2.2,12.2,2,0,0
01/08/2023 05:20:00,SVDT1,26.3,98.6,0,3176.4,0,115,2.3,3.9,2,0,0
01/08/2023 05:21:00,SVDT1,26.3,98.6,0,3176.4,0,169,2.7,11.4,2,0,0
01/08/2023 05:22:00,SVDT1,26.3,98.6,0,3176.4,0,98,1.8,5.8,2,0,0
01/08/2023 05:23:00,SVDT1,26.3,98.6,0,3176.4,0,51,2.2,4.4,2,0,0
01/08/2023 05:24:00,SVDT1,26.3,98.6,0,3176.4,0,108,2.3,9.4,2,0,0
01/08/2023 05:25:00,SVDT1,26.3,98.7,0,3176.4,0,122,2.7,5.7,2,0,0
01/08/2023 05:26:00,SVDT1,26.3,98.7,0,3176.4,0,115,2.3,6.5,2,0,0
01/08/2023 05:27:00,SVDT1,26.3,98.7,0,3176.4,0,183,2.4,5.2,2,0,0
01/08/2023 05:28:00,SVDT1,26.3,98.7,0,3176.4,0,105,2.2,13.9,2,0,0
01/08/2023 05:29:00,SVDT1,26.3,98.7,0,3176.4,0,82,2,4.4,2,0,0
01/08/2023 05:30:00,SVDT1,26.3,98.7,0,3176.4,0,98,1.6,5.7,2,0,0
01/08/2023 05:31:00,SVDT1,26.3,98.7,0,3176.4,0,72,1.9,3.8,2,0,0
01/08/2023 05:32:00,SVDT1,26.3,98.7,0,3176.4,0,69,1.9,3.9,2,0,0
01/08/2023 05:33:00,SVDT1,26.3,98.7,0,3176.4,0,46,1.9,2.8,2,0,0
01/08/2023 05:34:00,SVDT1,26.3,98.7,0,3176.4,0,113,2.2,5.1,2,0,0
01/08/2023 05:35:00,SVDT1,26.3,98.7,0,3176.4,0,207,2.1,4.8,2,0,0
01/08/2023 05:36:00,SVDT1,26.3,98.7,0,3176.4,0,123,2.1,13,2,0,0
01/08/2023 05:37:00,SVDT1,26.3,98.7,1,3176.4,0,70,3.4,13.2,2,0,0
01/08/2023 05:38:00,SVDT1,26.3,98.7,1,3176.4,0,72,2.6,5.8,2,0,0
01/08/2023 05:39:00,SVDT1,26.3,98.7,1,3176.4,0,193,1.5,6.3,2,0,0
01/08/2023 05:40:00,SVDT1,26.3,98.7,1,3176.4,0,92,1.5,5.4,2,0,0
01/08/2023 05:41:00,SVDT1,26.3,98.7,2,3176.4,0,81,2,6.1,2,0,0
01/08/2023 05:42:00,SVDT1,26.3,98.7,2,3176.4,0,82,1.9,4.2,2,0,0
01/08/2023 05:43:00,SVDT1,26.3,98.7,3,3176.4,0,126,1.5,3.3,2,0,0
01/08/2023 05:44:00,SVDT1,26.3,98.7,3,3176.4,0,99,1.7,2.5,2,0,0
01/08/2023 05:45:00,SVDT1,26.3,98.7,4,3176.4,0,129,1.9,3.8,2,0,0
01/08/2023 05:46:00,SVDT1,26.3,98.7,4,3176.4,0,76,1.8,3.4,2,0,0
01/08/2023 05:47:00,SVDT1,26.3,98.7,5,3176.4,0,67,2.2,3.5,2,0,0
01/08/2023 05:48:00,SVDT1,26.3,98.7,6,3176.4,0,114,1.7,6,2,0,0
01/08/2023 05:49:00,SVDT1,26.3,98.7,7,3176.4,0,81,1.6,3.3,2,0,0
01/08/2023 05:50:00,SVDT1,26.3,98.7,8,3176.4,0,119,1.5,4.2,2,0,0
01/08/2023 05:51:00,SVDT1,26.3,98.7,9,3176.4,0,116,1.7,4.6,2,0,0
01/08/2023 05:52:00,SVDT1,26.3,98.7,10,3176.4,0,76,1.7,2.6,2,0,0
01/08/2023 05:53:00,SVDT1,26.3,98.7,12,3176.4,0,117,2.2,4,2,0,0
01/08/2023 05:54:00,SVDT1,26.3,98.6,14,3176.4,0,66,2.3,6.3,2,0,0
01/08/2023 05:55:00,SVDT1,26.4,98.6,15,3176.4,0,143,1.9,5.5,2,0,0
01/08/2023 05:56:00,SVDT1,26.3,98.6,18,3176.4,0,95,1.7,3.8,2,0,0
01/08/2023 05:57:00,SVDT1,26.3,98.6,20,3176.4,0,80,1.4,4.2,2,0,0
01/08/2023 05:58:00,SVDT1,26.4,98.6,22,3176.4,0,106,1.6,3.6,2,0,0
01/08/2023 05:59:00,SVDT1,26.3,98.6,25,3176.4,0,93,1.9,2.6,2,0,0
01/08/2023 06:00:00,SVDT1,26.3,98.6,27,3176.4,0,113,2,3.2,2,0,0
01/08/2023 06:01:00,SVDT1,26.3,98.6,29,3176.4,0,123,2.2,3.8,2,0,0
01/08/2023 06:02:00,SVDT1,26.3,98.6,32,3176.4,0,139,1.6,6.1,2,0,0
01/08/2023 06:03:00,SVDT1,26.3,98.6,35,3176.4,0,113,1.9,5.2,2,0,0
01/08/2023 06:04:00,SVDT1,26.3,98.6,37,3176.4,0,127,2,5.5,2,0,0
01/08/2023 06:05:00,SVDT1,26.4,98.6,40,3176.4,0,111,1.8,11.4,2,0,0
01/08/2023 06:06:00,SVDT1,26.3,98.6,43,3176.4,0,105,1.9,4.1,2,0,0
01/08/2023 06:07:00,SVDT1,26.4,98.6,46,3176.4,0,130,1.6,2.7,2,0,0
01/08/2023 06:08:00,SVDT1,26.4,98.5,49,3176.4,0,92,1.6,5.6,2,0,0
01/08/2023 06:09:00,SVDT1,26.4,98.5,51,3176.4,0,87,1.5,3.6,2,0,0
01/08/2023 06:10:00,SVDT1,26.4,98.5,55,3176.4,0,118,1.5,5.7,2,0,0
01/08/2023 06:11:00,SVDT1,26.4,98.5,57,3176.4,0,93,1.3,1.7,2,0,0
01/08/2023 06:12:00,SVDT1,26.4,98.4,60,3176.4,0,77,1.4,3.3,2,0,0
01/08/2023 06:13:00,SVDT1,26.4,98.4,63,3176.4,0,95,1.9,4.2,2,0,0
01/08/2023 06:14:00,SVDT1,26.4,98.3,66,3176.4,0,80,2.6,4.4,2,0,0
01/08/2023 06:15:00,SVDT1,26.5,98.3,69,3176.4,0,80,1.8,7.1,2,0,0
01/08/2023 06:16:00,SVDT1,26.5,98.3,72,3176.4,0,87,1.3,2.2,2,0,0
01/08/2023 06:17:00,SVDT1,26.5,98.2,75,3176.4,0,72,2,3.3,2,0,0
01/08/2023 06:18:00,SVDT1,26.5,98.2,78,3176.4,0,67,1.9,4.9,2,0,0
01/08/2023 06:19:00,SVDT1,26.5,98.2,81,3176.4,0,99,2.4,8.3,2,0,0
01/08/2023 06:20:00,SVDT1,26.5,98.1,84,3176.4,0,162,1.4,2.6,2,0,0
01/08/2023 06:21:00,SVDT1,26.5,98.1,87,3176.4,0,94,1.8,5.4,2,0,0
01/08/2023 06:22:00,SVDT1,26.5,97.9,91,3176.4,0,79,2,6.7,2,0,0
01/08/2023 06:23:00,SVDT1,26.5,97.9,94,3176.4,0,198,1.9,5.2,2,0,0
01/08/2023 06:24:00,SVDT1,26.5,97.9,98,3176.4,0,96,1.7,3.4,2,0,0
01/08/2023 06:25:00,SVDT1,26.5,97.8,102,3176.4,0,140,2.3,9.1,2,0,0
01/08/2023 06:26:00,SVDT1,26.5,97.7,105,3176.4,0,140,2.2,6,2,0,0
01/08/2023 06:27:00,SVDT1,26.6,97.6,108,3176.4,0,116,1.7,3.9,2,0,0
01/08/2023 06:28:00,SVDT1,26.6,97.6,112,3176.4,0,74,1.9,6.8,2,0,0
01/08/2023 06:29:00,SVDT1,26.6,97.5,116,3176.4,0,52,1.6,1.9,2,0,0
01/08/2023 06:30:00,SVDT1,26.6,97.4,120,3176.4,0,109,1.7,3.1,2,0,0
01/08/2023 06:31:00,SVDT1,26.6,97.4,124,3176.4,0,63,2.6,11.8,2,0,0
01/08/2023 06:32:00,SVDT1,26.7,97.4,128,3176.4,0,98,1.7,5.1,2,0,0
01/08/2023 06:33:00,SVDT1,26.7,97.3,132,3176.4,0,62,1.9,5.6,2,0,0
01/08/2023 06:34:00,SVDT1,26.7,97.3,137,3176.4,0,77,1.8,4.9,2,0,0
01/08/2023 06:35:00,SVDT1,26.7,97.3,141,3176.4,0,263,1.5,2.6,2,0,0
01/08/2023 06:36:00,SVDT1,26.7,97.2,145,3176.4,0,170,1.6,4.5,2,0,0
01/08/2023 06:37:00,SVDT1,26.7,97.2,149,3176.4,0,137,1.5,2.1,2,0,0
01/08/2023 06:38:00,SVDT1,26.7,97.2,154,3176.4,0,168,1.8,7.1,2,0,0
01/08/2023 06:39:00,SVDT1,26.7,97.1,158,3176.4,0,124,1.6,7.4,2,0,0
01/08/2023 06:40:00,SVDT1,26.8,97.1,162,3176.4,0,58,1.2,1.4,2,0,0
01/08/2023 06:41:00,SVDT1,26.8,97.1,166,3176.4,0,86,1.1,1.7,2,0,0
01/08/2023 06:42:00,SVDT1,26.8,97.1,170,3176.4,0,273,1.5,5.2,2,0,0
01/08/2023 06:43:00,SVDT1,26.8,97.0,174,3176.4,0,156,2.1,3.9,2,0,0
01/08/2023 06:44:00,SVDT1,26.8,97.0,178,3176.4,0,136,1.5,1.9,2,0,0
01/08/2023 06:45:00,SVDT1,26.8,96.9,182,3176.4,0,92,1.3,2.2,2,0,0
01/08/2023 06:46:00,SVDT1,26.9,96.9,185,3176.4,0,121,1.4,2.8,2,0,0
01/08/2023 06:47:00,SVDT1,26.8,96.7,190,3176.4,0,88,2.1,3.5,2,0,0
01/08/2023 06:48:00,SVDT1,26.9,96.6,194,3176.4,0,145,1.9,4.5,2,0,0
01/08/2023 06:49:00,SVDT1,26.9,96.6,198,3176.4,0,136,2.7,6.4,2,0,0
01/08/2023 06:50:00,SVDT1,26.9,96.5,202,3176.4,0,112,1.7,4.8,2,0,0
01/08/2023 06:51:00,SVDT1,26.9,96.4,206,3176.4,0,74,1.2,5.5,2,0,0
01/08/2023 06:52:00,SVDT1,26.9,96.4,211,3176.4,0,74,1.6,10.1,2,0,0
01/08/2023 06:53:00,SVDT1,27.0,96.4,216,3176.4,0,62,2,5.2,2,0,0
01/08/2023 06:54:00,SVDT1,27.0,96.3,222,3176.4,0,152,0.9,2.2,2,0,0
01/08/2023 06:55:00,SVDT1,27.0,96.3,227,3176.4,0,84,1.2,2.1,2,0,0
01/08/2023 06:56:00,SVDT1,27.0,96.2,233,3176.4,0,103,1.7,5,2,0,0
01/08/2023 06:57:00,SVDT1,27.0,96.2,239,3176.4,0,234,1.9,5.6,2,0,0
01/08/2023 06:58:00,SVDT1,27.0,96.2,245,3176.4,0,92,1,1.2,2,0,0
01/08/2023 06:59:00,SVDT1,27.1,96.2,251,3176.4,0,50,1.3,2.5,2,0,0
01/08/2023 07:00:00,SVDT1,27.1,96.1,258,3176.4,0,148,0.8,0.9,2,0,0
01/08/2023 07:01:00,SVDT1,27.1,96.1,265,3176.4,0,127,1.5,2.7,2,0,0
01/08/2023 07:02:00,SVDT1,27.1,96.1,272,3176.4,0,121,1.3,2.2,2,0,0
01/08/2023 07:03:00,SVDT1,27.1,96.0,279,3176.4,0,107,1.9,3.4,2,0,0
01/08/2023 07:04:00,SVDT1,27.2,96.0,287,3176.4,0,171,1.7,2.8,2,0,0
01/08/2023 07:05:00,SVDT1,27.2,95.8,295,3176.4,0,144,1.4,1.8,2,0,0
01/08/2023 07:06:00,SVDT1,27.2,95.5,303,3176.4,0,136,1.2,1.6,2,0,0
01/08/2023 07:07:00,SVDT1,27.2,95.6,312,3176.4,0,186,1.1,4.6,2,0,0
01/08/2023 07:08:00,SVDT1,27.3,95.6,320,3176.4,0,91,0.8,1.2,2,0,0
01/08/2023 07:09:00,SVDT1,27.3,95.4,327,3176.4,0,139,1.9,3.4,2,0,0
01/08/2023 07:10:00,SVDT1,27.3,95.4,336,3176.4,0,83,1.2,2.2,2,0,0
01/08/2023 07:11:00,SVDT1,27.3,95.2,345,3176.4,0,124,1.2,6.3,2,0,0
01/08/2023 07:12:00,SVDT1,27.3,95.1,353,3176.4,0,76,1.5,2.4,2,0,0
01/08/2023 07:13:00,SVDT1,27.4,95.2,362,3176.4,0,163,1.5,2.6,2,0,0
01/08/2023 07:14:00,SVDT1,27.5,95.4,370,3176.4,0,97,1.4,4.8,2,0,0
01/08/2023 07:15:00,SVDT1,27.5,95.4,378,3176.4,0,95,1.3,3.3,2,0,0
01/08/2023 07:16:00,SVDT1,27.5,95.1,385,3176.4,0,74,1.5,2.3,2,0,0
01/08/2023 07:17:00,SVDT1,27.5,95.0,392,3176.4,0,146,1.6,2.8,2,0,0
01/08/2023 07:18:00,SVDT1,27.5,94.7,399,3176.4,0,71,2,3.9,2,0,0
01/08/2023 07:19:00,SVDT1,27.5,94.6,405,3176.4,0,89,1.4,2.6,2,0,0
01/08/2023 07:20:00,SVDT1,27.6,94.7,411,3176.4,0,96,1.9,5.9,2,0,0
01/08/2023 07:21:00,SVDT1,27.6,94.6,416,3176.4,0,94,1.4,6.1,2,0,0
01/08/2023 07:22:00,SVDT1,27.6,94.5,421,3176.4,0,114,0.9,1.4,2,0,0
01/08/2023 07:23:00,SVDT1,27.7,94.5,425,3176.4,0,81,1.2,1.5,2,0,0
01/08/2023 07:24:00,SVDT1,27.7,94.4,430,3176.4,0,118,1.6,2.5,2,0,0
01/08/2023 07:25:00,SVDT1,27.8,94.4,434,3176.4,0,96,1.4,2.7,2,0,0
01/08/2023 07:26:00,SVDT1,27.8,94.4,437,3176.4,0,133,1.3,2.5,2,0,0
01/08/2023 07:27:00,SVDT1,27.9,94.4,441,3176.4,0,128,2,6.8,2,0,0
01/08/2023 07:28:00,SVDT1,27.9,94.2,445,3176.4,0,105,1.8,4.1,2,0,0
01/08/2023 07:29:00,SVDT1,27.9,93.8,450,3176.4,0,104,2.3,4,2,0,0
01/08/2023 07:30:00,SVDT1,28.0,93.8,455,3176.4,0,90,1.7,2.5,2,0,0
01/08/2023 07:31:00,SVDT1,28.1,94.0,461,3176.4,0,69,1.4,1.8,2,0,0
01/08/2023 07:32:00,SVDT1,28.0,93.5,467,3176.4,0,132,1.4,1.9,2,0,0
01/08/2023 07:33:00,SVDT1,28.1,93.7,474,3176.4,0,116,1.6,3.5,2,0,0
01/08/2023 07:34:00,SVDT1,28.1,93.5,481,3176.4,0,175,2.2,8.6,2,0,0
01/08/2023 07:35:00,SVDT1,28.2,93.5,491,3176.4,0,87,2.1,9.3,2,0,0
01/08/2023 07:36:00,SVDT1,28.3,93.1,507,3176.4,0,87,1.9,3.3,2,0,0
01/08/2023 07:37:00,SVDT1,28.4,93.5,530,3176.4,0,107,1.3,2.3,2,0,0
01/08/2023 07:38:00,SVDT1,28.5,93.2,544,3176.4,0,116,1.4,2.2,2,0,0
01/08/2023 07:39:00,SVDT1,28.6,92.8,554,3176.4,0,102,1.6,3.2,2,0,0
01/08/2023 07:40:00,SVDT1,28.7,92.9,559,3176.4,0,83,1.8,2.4,2,0,0
01/08/2023 07:41:00,SVDT1,28.8,92.4,563,3176.4,0,66,1.8,4,2,0,0
01/08/2023 07:42:00,SVDT1,28.9,92.2,568,3176.4,0,74,1.6,2.2,2,0,0
01/08/2023 07:43:00,SVDT1,29.0,92.3,582,3176.4,0,64,1.4,2.2,2,0,0
01/08/2023 07:44:00,SVDT1,29.1,92.1,603,3176.4,0,54,1.8,7.9,2,0,0
01/08/2023 07:45:00,SVDT1,29.2,91.6,606,3176.4,0,85,1.6,3.9,2,0,0
01/08/2023 07:46:00,SVDT1,29.3,91.1,607,3176.4,0,92,1.4,1.8,2,0,0
01/08/2023 07:47:00,SVDT1,29.3,90.9,603,3176.4,0,104,2.4,5,2,0,0
01/08/2023 07:48:00,SVDT1,29.3,90.7,612,3176.4,0,158,2.3,3.7,2,0,0
01/08/2023 07:49:00,SVDT1,29.4,90.7,669,3176.4,0,89,1.5,4.7,2,0,0
01/08/2023 07:50:00,SVDT1,29.6,90.4,714,3176.4,0,108,1.2,2.9,2,0,0
01/08/2023 07:51:00,SVDT1,29.7,90.1,740,3176.4,0,142,1.7,4.2,2,0,0
01/08/2023 07:52:00,SVDT1,29.8,89.3,724,3176.4,0,96,1.8,4.2,2,0,0
01/08/2023 07:53:00,SVDT1,30.1,89.2,751,3176.4,0,120,2.4,4.7,2,0,0
01/08/2023 07:54:00,SVDT1,30.2,88.8,722,3176.4,0,94,2.2,6.9,2,0,0
01/08/2023 07:55:00,SVDT1,30.3,88.0,708,3176.4,0,105,2,6.1,2,0,0
01/08/2023 07:56:00,SVDT1,30.5,87.6,759,3176.4,0,127,1.6,3,2,0,0
01/08/2023 07:57:00,SVDT1,30.7,87.3,764,3176.4,0,110,1.4,1.9,2,0,0
01/08/2023 07:58:00,SVDT1,31.1,86.7,798,3176.4,0,121,2,5.3,2,0,0
01/08/2023 07:59:00,SVDT1,31.4,86.2,798,3176.4,0,125,1.9,7.3,2,0,0
01/08/2023 08:00:00,SVDT1,31.8,85.1,745,3176.4,0,102,2.7,6.4,2,0,0
01/08/2023 08:01:00,SVDT1,31.8,84.8,727,3176.4,0,113,1.7,2.5,2,0,0
01/08/2023 08:02:00,SVDT1,31.9,84.4,696,3176.4,0,94,1.7,2.3,2,0,0
01/08/2023 08:03:00,SVDT1,32.0,83.9,706,3176.4,0,102,1.6,2.8,2,0,0
01/08/2023 08:04:00,SVDT1,31.8,83.1,688,3176.4,0,87,1.2,1.6,2,0,0
01/08/2023 08:05:00,SVDT1,31.7,84.1,652,3176.4,0,155,1.2,4.2,2,0,0
01/08/2023 08:06:00,SVDT1,31.8,84.1,553,3176.4,0,139,1.7,2.8,2,0,0
01/08/2023 08:07:00,SVDT1,31.9,83.8,553,3176.4,0,162,1.7,3.2,2,0,0
01/08/2023 08:08:00,SVDT1,31.9,84.0,553,3176.4,0,120,1.4,3.9,2,0,0
01/08/2023 08:09:00,SVDT1,32.0,83.7,579,3176.4,0,109,1.7,2.9,2,0,0
01/08/2023 08:10:00,SVDT1,31.9,83.1,574,3176.4,0,123,1.3,1.7,2,0,0
01/08/2023 08:11:00,SVDT1,31.8,83.9,584,3176.4,0,164,1.7,3.3,2,0,0
01/08/2023 08:12:00,SVDT1,31.9,83.9,652,3176.4,0,151,2.2,7.5,2,0,0
01/08/2023 08:13:00,SVDT1,32.0,83.7,642,3176.4,0,104,1.7,3.4,2,0,0
01/08/2023 08:14:00,SVDT1,32.0,83.6,528,3176.4,0,96,1.4,4.8,2,0,0
01/08/2023 08:15:00,SVDT1,31.9,83.9,671,3176.4,0,118,2,9,3,0,0
01/08/2023 08:16:00,SVDT1,32.0,83.7,659,3176.4,0,111,1.2,2,3,0,0
01/08/2023 08:17:00,SVDT1,32.1,83.1,549,3176.4,0,89,1.8,7.9,3,0,0
01/08/2023 08:18:00,SVDT1,31.7,83.3,602,3176.4,0,175,1.9,3.4,3,0,0
01/08/2023 08:19:00,SVDT1,31.7,84.1,667,3176.4,0,78,1.4,2.2,3,0,0
01/08/2023 08:20:00,SVDT1,32.0,83.8,589,3176.4,0,197,2,5.9,3,0,0
01/08/2023 08:21:00,SVDT1,32.3,83.3,684,3176.4,0,168,1.6,2.7,3,0,0
01/08/2023 08:22:00,SVDT1,32.5,81.8,693,3176.4,0,137,2.9,5,3,0,0
01/08/2023 08:23:00,SVDT1,32.6,81.1,711,3176.4,0,134,1.9,4.2,3,0,0
01/08/2023 08:24:00,SVDT1,32.6,80.8,733,3176.4,0,68,1.8,2.9,3,0,0
01/08/2023 08:25:00,SVDT1,32.8,81.2,739,3176.4,0,154,1.3,1.9,3,0,0
01/08/2023 08:26:00,SVDT1,33.1,80.4,807,3176.4,0,156,1.4,4,3,0,0
01/08/2023 08:27:00,SVDT1,33.4,78.8,811,3176.4,0,139,1.4,2.8,3,0,0
01/08/2023 08:28:00,SVDT1,33.6,78.9,838,3176.4,0,106,2.2,4.8,3,0,0
01/08/2023 08:29:00,SVDT1,34.0,77.4,809,3176.4,0,103,1.8,2.6,3,0,0
01/08/2023 08:30:00,SVDT1,34.2,77.2,799,3176.4,0,81,1.2,1.7,3,0,0
01/08/2023 08:31:00,SVDT1,34.5,77.0,815,3176.4,0,107,1.5,3.2,3,0,0
01/08/2023 08:32:00,SVDT1,34.5,75.8,820,3176.4,0,91,1.6,2.8,3,0,0
01/08/2023 08:33:00,SVDT1,34.3,75.4,770,3176.4,0,125,1.8,2.6,3,0,0
01/08/2023 08:34:00,SVDT1,34.4,75.7,941,3176.4,0,138,1.3,3.1,3,0,0
01/08/2023 08:35:00,SVDT1,34.5,74.6,995,3176.4,0,150,1.5,5.7,3,0,0
01/08/2023 08:36:00,SVDT1,34.5,74.3,855,3176.4,0,134,1.4,2.7,3,0,0
01/08/2023 08:37:00,SVDT1,34.1,75.9,805,3176.4,0,150,1.5,4.4,3,0,0
01/08/2023 08:38:00,SVDT1,34.1,76.9,765,3176.4,0,113,2.2,4.7,3,0,0
01/08/2023 08:39:00,SVDT1,34.4,76.8,884,3176.4,0,121,1.7,10.2,3,0,0
01/08/2023 08:40:00,SVDT1,34.7,74.9,751,3176.4,0,108,1.5,2.6,3,0,0
01/08/2023 08:41:00,SVDT1,34.5,75.9,747,3176.4,0,212,1.7,8.6,3,0,0
01/08/2023 08:42:00,SVDT1,34.4,76.2,785,3176.4,0,172,1.7,5.4,3,0,0
01/08/2023 08:43:00,SVDT1,34.4,75.9,762,3176.4,0,136,2,7.7,3,0,0
01/08/2023 08:44:00,SVDT1,34.1,76.1,758,3176.4,0,183,1.7,5.6,3,0,0
01/08/2023 08:45:00,SVDT1,33.7,76.3,887,3176.4,0,178,2.2,8.3,3,0,0
01/08/2023 08:46:00,SVDT1,33.8,76.0,900,3176.4,0,80,1.4,4.6,3,0,0
01/08/2023 08:47:00,SVDT1,34.0,75.8,795,3176.4,0,154,1.9,8.7,3,0,0
01/08/2023 08:48:00,SVDT1,33.9,76.3,680,3176.4,0,177,1.3,3.4,3,0,0
01/08/2023 08:49:00,SVDT1,33.6,76.5,668,3176.4,0,211,1.2,3.2,3,0,0
01/08/2023 08:50:00,SVDT1,33.2,77.5,627,3176.4,0,169,1.2,2.1,3,0,0
01/08/2023 08:51:00,SVDT1,32.9,79.0,743,3176.4,0,182,1.5,3.1,3,0,0
01/08/2023 08:52:00,SVDT1,33.0,78.7,1048,3176.4,0,173,1.3,2.8,3,0,0
01/08/2023 08:53:00,SVDT1,33.3,77.6,1081,3176.4,0,154,2,2.6,3,0,0
01/08/2023 08:54:00,SVDT1,33.4,77.9,931,3176.4,0,181,2.2,4.7,3,0,0
01/08/2023 08:55:00,SVDT1,33.3,77.8,830,3176.4,0,147,1.9,5.5,3,0,0
01/08/2023 08:56:00,SVDT1,33.2,78.0,838,3176.4,0,136,2.1,5.9,3,0,0
01/08/2023 08:57:00,SVDT1,33.2,77.5,766,3176.4,0,105,2.4,8.5,3,0,0
01/08/2023 08:58:00,SVDT1,33.2,77.6,766,3176.4,0,99,1.1,3.2,3,0,0
01/08/2023 08:59:00,SVDT1,32.8,78.1,792,3176.4,0,154,1.9,6.5,3,0,0
01/08/2023 09:00:00,SVDT1,32.4,79.5,876,3176.4,0,113,1.9,3.5,3,0,0
01/08/2023 09:01:00,SVDT1,32.2,80.3,857,3176.4,0,120,1.8,6,3,0,0
01/08/2023 09:02:00,SVDT1,32.4,80.9,770,3176.4,0,155,1.3,6.5,3,0,0
01/08/2023 09:03:00,SVDT1,32.6,80.3,739,3176.4,0,114,1.4,2.2,3,0,0
01/08/2023 09:04:00,SVDT1,32.4,80.8,785,3176.4,0,86,1.3,2.8,3,0,0
01/08/2023 09:05:00,SVDT1,32.2,80.2,832,3176.4,0,105,1.8,6.3,3,0,0
01/08/2023 09:06:00,SVDT1,32.2,80.8,960,3176.4,0,101,2.7,6.6,3,0,0
01/08/2023 09:07:00,SVDT1,32.3,80.8,930,3176.4,0,119,1.9,3.5,3,0,0
01/08/2023 09:08:00,SVDT1,32.3,80.8,763,3176.4,0,152,1.3,2.1,3,0,0
01/08/2023 09:09:00,SVDT1,32.2,80.5,776,3176.4,0,111,1.9,3.8,3,0,0
01/08/2023 09:10:00,SVDT1,32.1,80.9,773,3176.4,0,145,1.3,2.8,3,0,0
01/08/2023 09:11:00,SVDT1,31.8,80.9,931,3176.4,0,186,2,7,3,0,0
01/08/2023 09:12:00,SVDT1,32.1,81.7,1109,3176.4,0,303,1.4,2.9,3,0,0
01/08/2023 09:13:00,SVDT1,32.5,81.7,1295,3176.4,0,160,1.8,5.8,3,0,0
01/08/2023 09:14:00,SVDT1,33.1,79.4,1113,3176.4,0,180,1.6,6.9,3,0,0
01/08/2023 09:15:00,SVDT1,33.2,79.3,824,3176.4,0,162,1.9,4.2,3,0,0
01/08/2023 09:16:00,SVDT1,33.1,79.7,777,3176.4,0,154,2.1,5.1,3,0,0
01/08/2023 09:17:00,SVDT1,32.8,79.2,983,3176.4,0,174,1.2,2.2,3,0,0
01/08/2023 09:18:00,SVDT1,33.0,79.9,1336,3176.4,0,66,1.7,3.5,3,0,0
01/08/2023 09:19:00,SVDT1,33.3,78.4,1206,3176.4,0,113,1.9,2.6,3,0,0
01/08/2023 09:20:00,SVDT1,33.6,77.8,1221,3176.4,0,104,2.3,4.6,3,0,0
01/08/2023 09:21:00,SVDT1,33.6,77.3,1054,3176.4,0,129,2.3,6.3,3,0,0
01/08/2023 09:22:00,SVDT1,33.5,77.0,967,3176.4,0,114,2.1,4.2,3,0,0
01/08/2023 09:23:00,SVDT1,33.2,77.5,983,3176.4,0,75,2,4.4,3,0,0
01/08/2023 09:24:00,SVDT1,32.9,78.6,1007,3176.4,0,138,1.3,4.9,3,0,0
01/08/2023 09:25:00,SVDT1,32.7,79.6,954,3176.4,0,167,2.5,8.9,3,0,0
01/08/2023 09:26:00,SVDT1,32.6,80.2,786,3176.4,0,94,1.7,3.7,3,0,0
01/08/2023 09:27:00,SVDT1,32.5,79.7,771,3176.4,0,103,1.3,2.3,3,0,0
01/08/2023 09:28:00,SVDT1,32.4,79.8,727,3176.4,0,135,1.1,3.8,3,0,0
01/08/2023 09:29:00,SVDT1,32.3,80.0,670,3176.4,0,161,2,4.8,3,0,0
01/08/2023 09:30:00,SVDT1,32.3,80.8,588,3176.4,0,135,1.8,3.8,3,0,0
01/08/2023 09:31:00,SVDT1,32.1,80.0,556,3176.4,0,161,2.3,5.6,3,0,0
01/08/2023 09:32:00,SVDT1,32.1,80.4,639,3176.4,0,132,1.9,4.7,3,0,0
01/08/2023 09:33:00,SVDT1,32.3,80.1,765,3176.4,0,204,1.9,3.9,3,0,0
01/08/2023 09:34:00,SVDT1,32.6,79.7,795,3176.4,0,142,1.9,4.5,3,0,0
01/08/2023 09:35:00,SVDT1,32.9,78.7,804,3176.4,0,111,2.1,6.4,3,0,0
01/08/2023 09:36:00,SVDT1,33.2,78.4,867,3176.4,0,140,2.1,5.7,3,0,0
01/08/2023 09:37:00,SVDT1,33.5,77.8,952,3176.4,0,56,1.4,3.2,3,0,0
01/08/2023 09:38:00,SVDT1,33.8,76.7,1002,3176.4,0,107,1.6,2.5,3,0,0
01/08/2023 09:39:00,SVDT1,34.2,75.6,928,3176.4,0,157,1.6,4.6,3,0,0
01/08/2023 09:40:00,SVDT1,34.1,75.3,881,3176.4,0,154,1.3,2.1,3,0,0
01/08/2023 09:41:00,SVDT1,34.1,75.9,987,3176.4,0,159,1.6,2.5,3,0,0
01/08/2023 09:42:00,SVDT1,34.1,76.2,844,3176.4,0,131,1.2,1.6,3,0,0
01/08/2023 09:43:00,SVDT1,34.3,75.6,964,3176.4,0,176,1.8,6.3,3,0,0
01/08/2023 09:44:00,SVDT1,34.4,74.4,881,3176.4,0,220,1.5,3.1,3,0,0
01/08/2023 09:45:00,SVDT1,34.4,74.3,919,3176.4,0,118,1.2,3,3,0,0
01/08/2023 09:46:00,SVDT1,34.6,74.5,1038,3176.4,0,141,1.8,5.2,3,0,0
01/08/2023 09:47:00,SVDT1,34.9,73.8,1133,3176.4,0,80,1.5,8.5,3,0,0
01/08/2023 09:48:00,SVDT1,35.0,72.1,1139,3176.4,0,101,1.3,6.1,3,0,0
01/08/2023 09:49:00,SVDT1,34.9,72.8,969,3176.4,0,109,2,2.8,3,0,0
01/08/2023 09:50:00,SVDT1,34.8,72.8,1042,3176.4,0,71,1.7,3.6,3,0,0
01/08/2023 09:51:00,SVDT1,34.9,73.0,1171,3176.4,0,154,1.2,2.1,3,0,0
01/08/2023 09:52:00,SVDT1,35.0,71.9,949,3176.4,0,124,1.6,4.7,3,0,0
01/08/2023 09:53:00,SVDT1,34.9,71.8,852,3176.4,0,111,1.7,7.9,3,0,0
01/08/2023 09:54:00,SVDT1,34.7,71.9,834,3176.4,0,104,1.6,7,3,0,0
01/08/2023 09:55:00,SVDT1,34.6,72.6,977,3176.4,0,138,1.1,2.1,3,0,0
01/08/2023 09:56:00,SVDT1,34.8,72.7,999,3176.4,0,229,1.3,2.3,3,0,0
01/08/2023 09:57:00,SVDT1,34.9,71.9,1044,3176.4,0,155,2.1,6.8,3,0,0
01/08/2023 09:58:00,SVDT1,34.9,72.0,1164,3176.4,0,90,1.3,6,3,0,0
01/08/2023 09:59:00,SVDT1,35.1,71.2,1123,3176.4,0,100,1,2.2,3,0,0
01/08/2023 10:00:00,SVDT1,35.0,71.5,940,3176.4,0,62,1.4,2.2,3,0,0
01/08/2023 10:01:00,SVDT1,35.1,71.6,1064,3176.4,0,138,1.9,3.7,3,0,0
01/08/2023 10:02:00,SVDT1,35.2,72.0,796,3176.4,0,117,1.4,5.6,3,0,0
01/08/2023 10:03:00,SVDT1,35.0,72.0,711,3176.4,0,123,2,3.9,3,0,0
01/08/2023 10:04:00,SVDT1,34.5,73.4,812,3176.4,0,77,1.8,3.6,3,0,0
01/08/2023 10:05:00,SVDT1,34.4,74.0,950,3176.4,0,145,1.3,3,3,0,0
01/08/2023 10:06:00,SVDT1,34.6,74.0,1161,3176.4,0,141,1.6,2,3,0,0
01/08/2023 10:07:00,SVDT1,35.0,73.9,1254,3176.4,0,122,1.4,2.6,3,0,0
01/08/2023 10:08:00,SVDT1,35.0,73.1,1078,3176.4,0,199,1.7,3.5,3,0,0
01/08/2023 10:09:00,SVDT1,34.9,72.6,1010,3176.4,0,157,1.6,3.3,3,0,0
01/08/2023 10:10:00,SVDT1,34.7,72.0,902,3176.4,0,239,1,1.3,3,0,0
01/08/2023 10:11:00,SVDT1,34.5,72.6,848,3176.4,0,168,2,3.8,3,0,0
01/08/2023 10:12:00,SVDT1,34.5,72.8,877,3176.4,0,136,1.2,1.9,3,0,0
01/08/2023 10:13:00,SVDT1,34.3,73.4,938,3176.4,0,122,1.2,2.4,3,0,0
01/08/2023 10:14:00,SVDT1,34.7,74.2,1142,3176.4,0,172,1.1,4.6,3,0,0
01/08/2023 10:15:00,SVDT1,35.0,73.0,1172,3176.4,0,155,1.4,4.8,3,0,0
01/08/2023 10:16:00,SVDT1,35.0,72.3,836,3176.4,0,124,1.8,3.8,3,0,0
01/08/2023 10:17:00,SVDT1,34.8,72.9,992,3176.4,0,91,1.4,5,3,0,0
01/08/2023 10:18:00,SVDT1,34.8,73.4,1058,3176.4,0,96,1,2,3,0,0
01/08/2023 10:19:00,SVDT1,35.0,71.4,1084,3176.4,0,152,1.4,3.5,3,0,0
01/08/2023 10:20:00,SVDT1,35.1,72.5,1145,3176.4,0,131,1.2,3.9,3,0,0
01/08/2023 10:21:00,SVDT1,35.4,71.7,1121,3176.4,0,76,1.2,4.8,3,0,0
01/08/2023 10:22:00,SVDT1,35.6,70.7,1309,3176.4,0,139,1.3,2,3,0,0
01/08/2023 10:23:00,SVDT1,35.6,69.7,1156,3176.4,0,99,2,3.7,3,0,0
01/08/2023 10:24:00,SVDT1,35.4,70.6,1005,3176.4,0,131,1.4,3.1,3,0,0
01/08/2023 10:25:00,SVDT1,35.1,71.3,911,3176.4,0,91,1.6,8.4,3,0,0
01/08/2023 10:26:00,SVDT1,34.8,71.9,905,3176.4,0,91,1.1,3.1,3,0,0
01/08/2023 10:27:00,SVDT1,34.5,73.1,853,3176.4,0,109,1.3,2.2,3,0,0
01/08/2023 10:28:00,SVDT1,34.4,72.9,887,3176.4,0,74,1.3,3.5,3,0,0
01/08/2023 10:29:00,SVDT1,34.4,72.9,1108,3176.4,0,110,1.6,4,3,0,0
01/08/2023 10:30:00,SVDT1,34.4,72.6,1247,3176.4,0,159,2.3,4.9,3,0,0
01/08/2023 10:31:00,SVDT1,34.4,72.9,1277,3176.4,0,151,2.1,4.6,3,0,0
01/08/2023 10:32:00,SVDT1,34.7,72.7,1150,3176.4,0,192,1.4,4.2,3,0,0
01/08/2023 10:33:00,SVDT1,34.9,73.3,1158,3176.4,0,164,1.1,1.9,3,0,0
01/08/2023 10:34:00,SVDT1,35.1,72.8,944,3176.4,0,162,1.7,3.4,3,0,0
01/08/2023 10:35:00,SVDT1,35.1,72.2,1035,3176.4,0,144,1.2,2.6,3,0,0
01/08/2023 10:36:00,SVDT1,35.1,71.4,1065,3176.4,0,72,1.6,4.5,3,0,0
01/08/2023 10:37:00,SVDT1,35.1,70.6,1023,3176.4,0,92,1.5,4.6,3,0,0
01/08/2023 10:38:00,SVDT1,35.0,71.4,1016,3176.4,0,123,1.4,1.7,3,0,0
01/08/2023 10:39:00,SVDT1,35.3,70.2,1067,3176.4,0,141,1.3,2,3,0,0
01/08/2023 10:40:00,SVDT1,35.5,68.5,1169,3176.4,0,182,1.1,2,3,0,0
01/08/2023 10:41:00,SVDT1,35.5,68.4,1041,3176.4,0,203,1.5,3.6,3,0,0
01/08/2023 10:42:00,SVDT1,35.3,67.7,883,3176.4,0,190,1.9,14.3,3,0,0
01/08/2023 10:43:00,SVDT1,35.1,68.9,1037,3176.4,0,186,1.5,3.4,3,0,0
01/08/2023 10:44:00,SVDT1,34.9,70.5,1206,3176.4,0,154,1.5,5,3,0,0
01/08/2023 10:45:00,SVDT1,35.1,72.6,1058,3176.4,0,127,1.4,3,3,0,0
01/08/2023 10:46:00,SVDT1,35.1,71.8,954,3176.4,0,128,1.1,1.4,3,0,0
01/08/2023 10:47:00,SVDT1,34.9,72.0,1067,3176.4,0,136,1.6,4.8,3,0,0
01/08/2023 10:48:00,SVDT1,34.8,72.1,1030,3176.4,0,117,1.2,2.6,3,0,0
01/08/2023 10:49:00,SVDT1,34.9,71.8,1237,3176.4,0,139,1.8,3.3,3,0,0
01/08/2023 10:50:00,SVDT1,35.0,71.6,1040,3176.4,0,69,1.7,6.5,3,0,0
01/08/2023 10:51:00,SVDT1,34.9,71.9,903,3176.4,0,100,1.3,5.9,3,0,0
01/08/2023 10:52:00,SVDT1,34.6,72.3,970,3176.4,0,82,1.2,3.6,3,0,0
01/08/2023 10:53:00,SVDT1,34.6,72.7,889,3176.4,0,145,0.8,1.3,3,0,0
01/08/2023 10:54:00,SVDT1,34.7,73.1,1009,3176.4,0,176,1.4,2.9,3,0,0
01/08/2023 10:55:00,SVDT1,35.0,72.4,1051,3176.4,0,151,1,1.9,3,0,0
01/08/2023 10:56:00,SVDT1,35.2,71.7,1103,3176.4,0,99,1.1,4.6,3,0,0
01/08/2023 10:57:00,SVDT1,35.3,70.4,1154,3176.4,0,82,0.7,8.8,3,0,0
01/08/2023 10:58:00,SVDT1,35.3,69.9,1079,3176.4,0,74,0.9,1.3,3,0,0
01/08/2023 10:59:00,SVDT1,35.6,70.8,1196,3176.4,0,127,1.9,3,3,0,0
01/08/2023 11:00:00,SVDT1,35.9,68.2,1296,3176.4,0,140,1.6,4,3,0,0
01/08/2023 11:01:00,SVDT1,36.1,68.9,1505,3176.4,0,142,1.5,2.7,3,0,0
01/08/2023 11:02:00,SVDT1,36.2,68.5,1313,3176.4,0,149,1.4,2,3,0,0
01/08/2023 11:03:00,SVDT1,36.1,67.0,1361,3176.4,0,100,1,1.4,3,0,0
01/08/2023 11:04:00,SVDT1,36.1,67.8,1309,3176.4,0,106,1.1,1.8,3,0,0
01/08/2023 11:05:00,SVDT1,35.9,68.3,1160,3176.4,0,308,1.4,12,3,0,0
01/08/2023 11:06:00,SVDT1,35.8,69.2,1182,3176.4,0,112,1.6,10,3,0,0
01/08/2023 11:07:00,SVDT1,35.7,68.6,1125,3176.4,0,175,1.4,4.3,3,0,0
01/08/2023 11:08:00,SVDT1,35.6,69.5,1129,3176.4,0,100,1.1,2.4,3,0,0
01/08/2023 11:09:00,SVDT1,35.6,70.0,1399,3176.4,0,185,1.2,2.2,3,0,0
01/08/2023 11:10:00,SVDT1,35.6,69.7,1369,3176.4,0,142,1.3,2,3,0,0
01/08/2023 11:11:00,SVDT1,35.8,70.0,935,3176.4,0,150,1.3,1.8,3,0,0
01/08/2023 11:12:00,SVDT1,35.8,69.4,516,3176.4,0,87,1.2,2.7,3,0,0
01/08/2023 11:13:00,SVDT1,35.4,70.0,337,3176.4,0,161,1.1,3.2,3,0,0
01/08/2023 11:14:00,SVDT1,35.0,70.7,320,3176.4,0,118,1,1.2,3,0,0
01/08/2023 11:15:00,SVDT1,34.5,71.6,448,3176.4,0,90,1,1.9,3,0,0
01/08/2023 11:16:00,SVDT1,33.9,73.2,644,3176.4,0,83,1.5,2.7,3,0,0
01/08/2023 11:17:00,SVDT1,33.5,74.7,676,3176.4,0,78,1.1,1.8,3,0,0
01/08/2023 11:18:00,SVDT1,33.3,75.3,719,3176.4,0,89,1.3,3.5,3,0,0
01/08/2023 11:19:00,SVDT1,33.1,76.1,754,3176.4,0,80,1.5,3,3,0,0
01/08/2023 11:20:00,SVDT1,33.0,76.8,972,3176.4,0,85,1,1.8,3,0,0
01/08/2023 11:21:00,SVDT1,33.1,77.2,1135,3176.4,0,164,1,1.7,3,0,0
01/08/2023 11:22:00,SVDT1,33.3,77.3,1126,3176.4,0,94,1.4,3.1,3,0,0
01/08/2023 11:23:00,SVDT1,33.6,76.0,1095,3176.4,0,126,1.4,3.3,3,0,0
01/08/2023 11:24:00,SVDT1,33.8,73.6,1054,3176.4,0,118,1.3,1.8,3,0,0
01/08/2023 11:25:00,SVDT1,34.1,73.7,1037,3176.4,0,99,1.5,6.3,3,0,0
01/08/2023 11:26:00,SVDT1,34.4,72.2,1029,3176.4,0,86,1.5,3.9,3,0,0
01/08/2023 11:27:00,SVDT1,34.6,71.0,1029,3176.4,0,68,1.7,3.5,3,0,0
01/08/2023 11:28:00,SVDT1,34.7,69.9,1032,3176.4,0,131,1.3,3.2,3,0,0
01/08/2023 11:29:00,SVDT1,34.7,69.2,1023,3176.4,0,99,1.3,9.3,3,0,0
01/08/2023 11:30:00,SVDT1,34.7,69.8,1018,3176.4,0,107,1.2,7.2,3,0,0
01/08/2023 11:31:00,SVDT1,34.8,71.0,1014,3176.4,0,84,1,1.7,3,0,0
01/08/2023 11:32:00,SVDT1,35.1,70.2,1040,3176.4,0,77,0.9,1,3,0,0
01/08/2023 11:33:00,SVDT1,35.4,69.8,1061,3176.4,0,76,1.1,1.6,3,0,0
01/08/2023 11:34:00,SVDT1,35.3,69.4,1087,3176.4,0,133,2,7.9,3,0,0
01/08/2023 11:35:00,SVDT1,35.3,69.7,1123,3176.4,0,108,1.5,7.6,3,0,0
01/08/2023 11:36:00,SVDT1,35.3,68.8,1143,3176.4,0,103,1.3,3.6,3,0,0
01/08/2023 11:37:00,SVDT1,35.2,69.2,1157,3176.4,0,161,1.5,2.4,3,0,0
01/08/2023 11:38:00,SVDT1,35.1,70.0,1184,3176.4,0,139,1.4,3.7,3,0,0
01/08/2023 11:39:00,SVDT1,35.2,69.3,1180,3176.4,0,101,1,3.5,3,0,0
01/08/2023 11:40:00,SVDT1,35.3,70.1,1201,3176.4,0,96,1.1,2.2,3,0,0
01/08/2023 11:41:00,SVDT1,35.5,70.1,1210,3176.4,0,153,1.5,3.4,3,0,0
01/08/2023 11:42:00,SVDT1,35.6,68.0,1244,3176.4,0,176,1,6.2,3,0,0
01/08/2023 11:43:00,SVDT1,35.6,67.8,1316,3176.4,0,163,1.4,4,3,0,0
01/08/2023 11:44:00,SVDT1,35.7,68.9,1346,3176.4,0,74,0.8,2.3,3,0,0
01/08/2023 11:45:00,SVDT1,35.8,67.4,1379,3176.4,0,81,0.7,2,3,0,0
01/08/2023 11:46:00,SVDT1,35.9,68.3,1423,3176.4,0,112,0.9,1.9,3,0,0
01/08/2023 11:47:00,SVDT1,35.8,67.9,1463,3176.4,0,87,1.2,7.8,3,0,0
01/08/2023 11:48:00,SVDT1,35.8,68.7,1470,3176.4,0,117,1.2,7.4,3,0,0
01/08/2023 11:49:00,SVDT1,36.0,68.4,1521,3176.4,0,138,1,2.4,3,0,0
01/08/2023 11:50:00,SVDT1,36.1,67.7,1542,3176.4,0,107,1.2,2.3,3,0,0
01/08/2023 11:51:00,SVDT1,36.0,67.5,1600,3176.4,0,148,0.9,2,3,0,0
01/08/2023 11:52:00,SVDT1,36.0,67.9,1668,3176.4,0,151,0.9,1.8,3,0,0
01/08/2023 11:53:00,SVDT1,36.2,68.6,1739,3176.4,0,129,1.7,3.8,3,0,0
01/08/2023 11:54:00,SVDT1,36.5,68.3,1584,3176.4,0,95,1.7,2.9,3,0,0
01/08/2023 11:55:00,SVDT1,36.4,68.4,1841,3176.4,0,146,0.6,0.7,3,0,0
01/08/2023 11:56:00,SVDT1,36.7,67.8,1939,3176.4,0,84,0.6,0.7,3,0,0
01/08/2023 11:57:00,SVDT1,36.8,66.6,2042,3176.4,0,73,1,1.3,3,0,0
01/08/2023 11:58:00,SVDT1,36.8,67.4,2121,3176.4,0,67,0.8,1.6,3,0,0
01/08/2023 11:59:00,SVDT1,36.9,66.6,2133,3176.4,0,116,0.8,2.5,3,0,0
01/08/2023 12:00:00,SVDT1,36.6,67.2,1760,3176.4,0,146,1.1,2.1,3,0,0
01/08/2023 12:01:00,SVDT1,36.6,67.4,1981,3176.4,0,107,1.6,3.9,3,0,0
01/08/2023 12:02:00,SVDT1,36.8,69.4,2177,3176.4,0,112,1.3,2.3,3,0,0
01/08/2023 12:03:00,SVDT1,36.9,66.9,2009,3176.4,0,103,1,1.4,3,0,0
01/08/2023 12:04:00,SVDT1,36.8,67.9,2033,3176.4,0,123,1.5,2.7,3,0,0
01/08/2023 12:05:00,SVDT1,36.7,67.4,1950,3176.4,0,92,1.3,2.6,3,0,0
01/08/2023 12:06:00,SVDT1,36.5,67.8,1403,3176.4,0,72,1.4,2.5,3,0,0
01/08/2023 12:07:00,SVDT1,36.4,68.3,442,3176.4,0,142,1,2,3,0,0
01/08/2023 12:08:00,SVDT1,36.0,69.4,272,3176.4,0,135,1.3,2.7,3,0,0
01/08/2023 12:09:00,SVDT1,35.4,70.9,307,3176.4,0,87,1.2,2,3,0,0
01/08/2023 12:10:00,SVDT1,34.7,72.4,455,3176.4,0,115,1.3,2.3,3,0,0
01/08/2023 12:11:00,SVDT1,34.2,73.4,639,3176.4,0,192,1.1,1.9,3,0,0
01/08/2023 12:12:00,SVDT1,33.8,74.3,781,3176.4,0,100,1.6,3.4,3,0,0
01/08/2023 12:13:00,SVDT1,33.6,75.0,966,3176.4,0,85,1.6,3,3,0,0
01/08/2023 12:14:00,SVDT1,33.5,75.3,1183,3176.4,0,151,1.5,2.9,3,0,0
01/08/2023 12:15:00,SVDT1,33.4,75.9,1792,3176.4,0,133,1,2.3,3,0,0
01/08/2023 12:16:00,SVDT1,33.4,76.3,1954,3176.4,0,80,1.3,2.3,3,0,0
01/08/2023 12:17:00,SVDT1,33.4,77.0,2482,3176.4,0,134,1.1,7.1,3,0,0
01/08/2023 12:18:00,SVDT1,33.8,76.5,2148,3176.4,0,72,0.9,2.2,3,0,0
01/08/2023 12:19:00,SVDT1,34.1,76.2,2357,3176.4,0,118,1.9,3.5,3,0,0
01/08/2023 12:20:00,SVDT1,34.4,75.3,2386,3176.4,0,135,1.3,4.3,3,0,0
01/08/2023 12:21:00,SVDT1,34.6,75.2,2607,3176.4,0,96,1,13.8,3,0,0
01/08/2023 12:22:00,SVDT1,34.7,73.3,2299,3176.4,0,212,1.3,2.9,3,0,0
01/08/2023 12:23:00,SVDT1,34.6,73.7,2056,3176.4,0,127,0.8,1.2,3,0,0
01/08/2023 12:24:00,SVDT1,34.5,73.6,2077,3176.4,0,89,1.6,4.6,3,0,0
01/08/2023 12:25:00,SVDT1,34.7,74.3,1872,3176.4,0,159,1.2,4.2,3,0,0
01/08/2023 12:26:00,SVDT1,34.8,73.3,1791,3176.4,0,230,1.3,3.3,3,0,0
01/08/2023 12:27:00,SVDT1,34.7,71.9,1700,3176.4,0,221,1.6,5.3,3,0,0
01/08/2023 12:28:00,SVDT1,34.5,72.9,2027,3176.4,0,173,0.6,1.1,3,0,0
01/08/2023 12:29:00,SVDT1,34.7,73.9,2711,3176.4,0,109,0.3,0.3,3,0,0
01/08/2023 12:30:00,SVDT1,35.0,73.4,2551,3176.4,0,224,1,1,3,0,0
01/08/2023 12:31:00,SVDT1,35.1,71.5,2890,3176.4,0,112,0.6,0.7,3,0,0
01/08/2023 12:32:00,SVDT1,35.2,73.4,2964,3176.4,0,118,0.5,0.5,3,0,0
01/08/2023 12:33:00,SVDT1,35.5,71.0,2488,3176.4,0,111,0.5,0.6,3,0,0
01/08/2023 12:34:00,SVDT1,35.5,70.5,1820,3176.4,0,195,0.5,0.6,3,0,0
01/08/2023 12:35:00,SVDT1,35.3,70.8,1752,3176.4,0,148,0.6,0.6,3,0,0
01/08/2023 12:36:00,SVDT1,35.3,70.6,2053,3176.4,0,109,1,2.1,3,0,0
01/08/2023 12:37:00,SVDT1,35.3,70.7,2556,3176.4,0,123,0.7,0.7,3,0,0
01/08/2023 12:38:00,SVDT1,35.3,69.5,3092,3176.4,0,172,0.6,0.6,3,0,0
01/08/2023 12:39:00,SVDT1,35.4,69.8,3050,3176.4,0,108,1.3,3.5,3,0,0
01/08/2023 12:40:00,SVDT1,35.6,69.9,2806,3176.4,0,114,0.5,0.6,3,0,0
01/08/2023 12:41:00,SVDT1,35.8,69.1,2332,3176.4,0,122,1.1,1.4,3,0,0
01/08/2023 12:42:00,SVDT1,35.8,70.0,1701,3176.4,0,114,0.6,1.2,3,0,0
01/08/2023 12:43:00,SVDT1,35.8,68.7,1692,3176.4,0,98,0.4,1.2,3,0,0
01/08/2023 12:44:00,SVDT1,35.5,68.5,2086,3176.4,0,111,0.5,0.5,3,0,0
01/08/2023 12:45:00,SVDT1,35.4,69.5,3022,3176.4,0,155,0.8,1.1,3,0,0
01/08/2023 12:46:00,SVDT1,35.6,69.7,3250,3176.4,0,170,0.9,1.2,3,0,0
01/08/2023 12:47:00,SVDT1,35.7,70.1,2696,3176.4,0,130,0.8,2.6,3,0,0
01/08/2023 12:48:00,SVDT1,35.8,68.7,3018,3176.4,0,101,0.7,2.5,3,0,0
01/08/2023 12:49:00,SVDT1,35.8,68.1,3431,3176.4,0,74,0.8,0.8,3,0,0
01/08/2023 12:50:00,SVDT1,35.7,68.1,2202,3176.4,0,123,0.9,3.9,3,0,0
01/08/2023 12:51:00,SVDT1,35.7,68.6,2597,3176.4,0,81,0.8,1,3,0,0
01/08/2023 12:52:00,SVDT1,35.7,69.6,2185,3176.4,0,97,0.4,0.6,3,0,0
01/08/2023 12:53:00,SVDT1,35.7,69.1,1799,3176.4,0,99,0.7,2.5,3,0,0
01/08/2023 12:54:00,SVDT1,35.5,69.8,1966,3176.4,0,99,0.5,1,3,0,0
01/08/2023 12:55:00,SVDT1,35.3,69.7,1606,3176.4,0,99,0.8,1.1,3,0,0
01/08/2023 12:56:00,SVDT1,35.2,69.5,1703,3176.4,0,87,0.4,0.6,3,0,0
01/08/2023 12:57:00,SVDT1,35.3,69.8,1719,3176.4,0,140,1.1,3.8,3,0,0
01/08/2023 12:58:00,SVDT1,35.3,69.1,2145,3176.4,0,85,1,4,3,0,0
01/08/2023 12:59:00,SVDT1,35.4,69.4,1968,3176.4,0,105,0.9,1.3,3,0,0
01/08/2023 13:00:00,SVDT1,35.3,69.5,1924,3176.4,0,118,0.6,0.9,3,0,0
01/08/2023 13:01:00,SVDT1,35.0,69.6,2004,3176.4,0,120,0.9,6.9,3,0,0
01/08/2023 13:02:00,SVDT1,35.1,69.7,2106,3176.4,0,127,0.6,1.1,3,0,0
01/08/2023 13:03:00,SVDT1,35.2,69.8,1832,3176.4,0,126,0.9,1.8,3,0,0
01/08/2023 13:04:00,SVDT1,35.1,70.2,1402,3176.4,0,142,0.6,0.7,3,0,0
01/08/2023 13:05:00,SVDT1,35.1,71.2,1492,3176.4,0,92,0.5,0.6,3,0,0
01/08/2023 13:06:00,SVDT1,35.1,71.4,1515,3176.4,0,117,2.3,4,3,0,0
01/08/2023 13:07:00,SVDT1,35.0,70.9,1475,3176.4,0,105,1,2.3,3,0,0
01/08/2023 13:08:00,SVDT1,35.0,71.4,1718,3176.4,0,138,1,2.2,3,0,0
01/08/2023 13:09:00,SVDT1,35.0,72.4,1884,3176.4,0,130,0.9,1.8,3,0,0
01/08/2023 13:10:00,SVDT1,34.8,72.3,2137,3176.4,0,127,1.1,1.6,3,0,0
01/08/2023 13:11:00,SVDT1,34.9,72.4,1939,3176.4,0,137,0.9,1.9,3,0,0
01/08/2023 13:12:00,SVDT1,35.0,72.2,1853,3176.4,0,105,1.3,2.7,3,0,0
01/08/2023 13:13:00,SVDT1,35.0,72.2,1624,3176.4,0,70,1.2,1.9,3,0,0
01/08/2023 13:14:00,SVDT1,34.9,73.5,1748,3176.4,0,143,1.5,3.3,3,0,0
01/08/2023 13:15:00,SVDT1,34.8,72.7,2544,3176.4,0,113,1.7,7.9,3,0,0
01/08/2023 13:16:00,SVDT1,34.7,72.0,3036,3176.4,0,139,0.8,1.6,3,0,0
01/08/2023 13:17:00,SVDT1,34.8,72.0,2957,3176.4,0,116,1.2,1.4,3,0,0
01/08/2023 13:18:00,SVDT1,35.0,70.2,2961,3176.4,0,127,0.9,0.9,3,0,0
01/08/2023 13:19:00,SVDT1,35.3,69.9,2987,3176.4,0,72,0.6,0.7,3,0,0
01/08/2023 13:20:00,SVDT1,35.6,68.7,2486,3176.4,0,146,0.5,0.7,3,0,0
01/08/2023 13:21:00,SVDT1,35.6,69.1,1399,3176.4,0,122,1,1.3,3,0,0
01/08/2023 13:22:00,SVDT1,35.3,69.1,1196,3176.4,0,123,1,1.9,3,0,0
01/08/2023 13:23:00,SVDT1,35.3,69.8,1856,3176.4,0,86,1.6,4.4,3,0,0
01/08/2023 13:24:00,SVDT1,35.2,70.4,2728,3176.4,0,99,1,1.3,3,0,0
01/08/2023 13:25:00,SVDT1,35.2,69.9,2686,3176.4,0,122,0.7,0.8,3,0,0
01/08/2023 13:26:00,SVDT1,35.2,69.3,2655,3176.4,0,107,0.5,0.8,3,0,0
01/08/2023 13:27:00,SVDT1,35.2,69.2,2526,3176.4,0,81,1,2,3,0,0
01/08/2023 13:28:00,SVDT1,35.2,68.8,2064,3176.4,0,80,0.8,1.3,3,0,0
01/08/2023 13:29:00,SVDT1,35.2,69.4,2704,3176.4,0,144,1.2,3.3,3,0,0
01/08/2023 13:30:00,SVDT1,35.2,69.4,2161,3176.4,0,121,1.3,2.9,3,0,0
01/08/2023 13:31:00,SVDT1,35.0,70.6,1841,3176.4,0,101,0.8,0.9,3,0,0
01/08/2023 13:32:00,SVDT1,35.1,70.8,2551,3176.4,0,107,1.2,2.6,3,0,0
01/08/2023 13:33:00,SVDT1,35.3,70.7,2657,3176.4,0,87,1,2.7,3,0,0
01/08/2023 13:34:00,SVDT1,35.5,70.3,2550,3176.4,0,75,1.2,2.6,3,0,0
01/08/2023 13:35:00,SVDT1,35.2,69.9,2438,3176.4,0,106,0.7,0.9,3,0,0
01/08/2023 13:36:00,SVDT1,35.1,68.9,2461,3176.4,0,113,0.6,0.7,3,0,0
01/08/2023 13:37:00,SVDT1,35.1,69.6,2361,3176.4,0,152,0.7,1.1,3,0,0
01/08/2023 13:38:00,SVDT1,35.1,69.2,1845,3176.4,0,112,0.6,0.6,3,0,0
01/08/2023 13:39:00,SVDT1,35.1,70.4,2045,3176.4,0,159,1,1.4,3,0,0
01/08/2023 13:40:00,SVDT1,35.2,68.9,2016,3176.4,0,119,0.9,2.3,3,0,0
01/08/2023 13:41:00,SVDT1,35.0,68.8,1782,3176.4,0,132,0.4,0.5,3,0,0
01/08/2023 13:42:00,SVDT1,35.0,68.8,2421,3176.4,0,130,1,1.7,3,0,0
01/08/2023 13:43:00,SVDT1,34.8,68.9,2445,3176.4,0,125,0.6,0.7,3,0,0
01/08/2023 13:44:00,SVDT1,34.7,69.6,2465,3176.4,0,77,0.6,0.6,3,0,0
01/08/2023 13:45:00,SVDT1,34.9,71.6,1873,3176.4,0,112,0.6,0.8,3,0,0
01/08/2023 13:46:00,SVDT1,34.9,69.1,1988,3176.4,0,136,1.4,3.4,3,0,0
01/08/2023 13:47:00,SVDT1,34.9,70.2,1409,3176.4,0,60,1.5,2.3,3,0,0
01/08/2023 13:48:00,SVDT1,34.7,70.3,1198,3176.4,0,111,0.9,4.6,3,0,0
01/08/2023 13:49:00,SVDT1,34.5,71.4,1613,3176.4,0,74,1.6,2.6,3,0,0
01/08/2023 13:50:00,SVDT1,34.5,70.9,2373,3176.4,0,88,1.1,1.6,3,0,0
01/08/2023 13:51:00,SVDT1,34.4,70.8,2029,3176.4,0,87,0.9,1.1,3,0,0
01/08/2023 13:52:00,SVDT1,34.4,72.0,2361,3176.4,0,81,1,1.3,3,0,0
01/08/2023 13:53:00,SVDT1,34.5,72.6,2433,3176.4,0,102,0.9,2.8,3,0,0
01/08/2023 13:54:00,SVDT1,34.7,72.0,2427,3176.4,0,108,0.9,2.2,3,0,0
01/08/2023 13:55:00,SVDT1,34.8,72.0,2462,3176.4,0,97,0.7,1.3,3,0,0
01/08/2023 13:56:00,SVDT1,34.8,71.7,2472,3176.4,0,92,1.3,3.5,3,0,0
01/08/2023 13:57:00,SVDT1,34.9,72.1,1782,3176.4,0,98,0.9,3.6,3,0,0
01/08/2023 13:58:00,SVDT1,35.0,72.3,2388,3176.4,0,108,1,6,3,0,0
01/08/2023 13:59:00,SVDT1,35.1,72.2,2363,3176.4,0,136,1.1,8.2,3,0,0
01/08/2023 14:00:00,SVDT1,34.9,71.3,2354,3176.4,0,105,0.9,1.8,3,0,0
01/08/2023 14:01:00,SVDT1,35.0,71.6,2354,3176.4,0,70,0.9,2,3,0,0
01/08/2023 14:02:00,SVDT1,35.0,71.0,2408,3176.4,0,99,0.7,1.3,3,0,0
01/08/2023 14:03:00,SVDT1,35.0,70.0,2426,3176.4,0,77,1,1.8,3,0,0
01/08/2023 14:04:00,SVDT1,34.9,70.4,2410,3176.4,0,137,0.7,0.9,3,0,0
01/08/2023 14:05:00,SVDT1,35.0,71.3,2324,3176.4,0,103,0.7,0.7,3,0,0
01/08/2023 14:06:00,SVDT1,35.0,71.2,2332,3176.4,0,118,1,1.9,3,0,0
01/08/2023 14:07:00,SVDT1,34.9,71.0,2316,3176.4,0,139,1.1,1.5,3,0,0
01/08/2023 14:08:00,SVDT1,34.9,70.5,2315,3176.4,0,84,1.2,1.8,3,0,0
01/08/2023 14:09:00,SVDT1,35.0,70.8,2282,3176.4,0,85,0.8,1,3,0,0
01/08/2023 14:10:00,SVDT1,35.0,70.7,2208,3176.4,0,85,1.8,5.6,3,0,0
01/08/2023 14:11:00,SVDT1,34.9,70.9,2153,3176.4,0,80,0.8,6,3,0,0
01/08/2023 14:12:00,SVDT1,34.8,71.3,1640,3176.4,0,112,0.9,8.9,3,0,0
01/08/2023 14:13:00,SVDT1,34.7,71.9,1445,3176.4,0,93,1.2,8.6,3,0,0
01/08/2023 14:14:00,SVDT1,34.5,72.1,1250,3176.4,0,95,1.6,6,3,0,0
01/08/2023 14:15:00,SVDT1,34.2,72.9,1479,3176.4,0,113,1,4.4,3,0,0
01/08/2023 14:16:00,SVDT1,33.9,73.8,1749,3176.4,0,135,1.4,5.1,3,0,0
01/08/2023 14:17:00,SVDT1,33.7,74.7,1971,3176.4,0,77,1.8,4.2,3,0,0
01/08/2023 14:18:00,SVDT1,33.6,75.6,1845,3176.4,0,90,0.9,1.1,3,0,0
01/08/2023 14:19:00,SVDT1,33.5,75.3,1891,3176.4,0,113,0.5,0.5,3,0,0
01/08/2023 14:20:00,SVDT1,33.5,75.6,1758,3176.4,0,134,0.6,0.6,3,0,0
01/08/2023 14:21:00,SVDT1,33.5,75.8,1687,3176.4,0,95,0.9,1.2,3,0,0
01/08/2023 14:22:00,SVDT1,33.4,76.4,2045,3176.4,0,104,0.8,1.1,3,0,0
01/08/2023 14:23:00,SVDT1,33.6,77.2,2106,3176.4,0,67,0.8,1,3,0,0
01/08/2023 14:24:00,SVDT1,33.7,76.5,2087,3176.4,0,68,0.8,1.8,3,0,0
01/08/2023 14:25:00,SVDT1,33.7,75.8,2044,3176.4,0,100,1,3.5,3,0,0
01/08/2023 14:26:00,SVDT1,33.6,75.1,1951,3176.4,0,149,1,1.2,3,0,0
01/08/2023 14:27:00,SVDT1,33.6,75.0,1866,3176.4,0,115,0.6,1.1,3,0,0
01/08/2023 14:28:00,SVDT1,33.6,75.9,1803,3176.4,0,100,0.9,1.5,3,0,0
01/08/2023 14:29:00,SVDT1,33.5,75.0,1575,3176.4,0,121,0.6,1.2,3,0,0
01/08/2023 14:30:00,SVDT1,33.5,75.2,1542,3176.4,0,111,0.8,1.5,3,0,0
01/08/2023 14:31:00,SVDT1,33.4,75.0,1662,3176.4,0,194,0.8,1.9,3,0,0
01/08/2023 14:32:00,SVDT1,33.4,75.6,1520,3176.4,0,158,0.7,1.5,3,0,0
01/08/2023 14:33:00,SVDT1,33.4,75.8,1671,3176.4,0,152,0.7,3.9,3,0,0
01/08/2023 14:34:00,SVDT1,33.5,76.2,1644,3176.4,0,172,0.5,0.5,3,0,0
01/08/2023 14:35:00,SVDT1,33.5,76.4,1774,3176.4,0,179,0.3,0.4,3,0,0
01/08/2023 14:36:00,SVDT1,33.5,76.1,1856,3176.4,0,141,0.6,0.6,3,0,0
01/08/2023 14:37:00,SVDT1,33.5,74.9,1728,3176.4,0,72,1.1,1.5,3,0,0
01/08/2023 14:38:00,SVDT1,33.5,75.3,1725,3176.4,0,64,1.1,4.2,3,0,0
01/08/2023 14:39:00,SVDT1,33.5,76.4,1765,3176.4,0,118,0.7,3.3,3,0,0
01/08/2023 14:40:00,SVDT1,33.6,77.3,1336,3176.4,0,93,0.4,0.4,3,0,0
01/08/2023 14:41:00,SVDT1,33.6,76.9,1306,3176.4,0,121,1.4,2.1,3,0,0
01/08/2023 14:42:00,SVDT1,33.5,76.7,1311,3176.4,0,144,1.1,1.7,3,0,0
01/08/2023 14:43:00,SVDT1,33.5,76.5,1388,3176.4,0,88,1.2,1.5,3,0,0
01/08/2023 14:44:00,SVDT1,33.3,76.3,1478,3176.4,0,136,1.3,1.9,3,0,0
01/08/2023 14:45:00,SVDT1,33.2,76.0,1567,3176.4,0,108,0.9,1.2,3,0,0
01/08/2023 14:46:00,SVDT1,33.2,76.0,1622,3176.4,0,59,1.3,3.4,3,0,0
01/08/2023 14:47:00,SVDT1,33.3,77.1,1388,3176.4,0,120,1.4,3.9,3,0,0
01/08/2023 14:48:00,SVDT1,33.4,76.5,1536,3176.4,0,68,1.2,1.7,3,0,0
01/08/2023 14:49:00,SVDT1,33.3,76.2,1708,3176.4,0,68,1.3,2.4,3,0,0
01/08/2023 14:50:00,SVDT1,33.4,76.2,1835,3176.4,0,63,0.8,5.6,3,0,0
01/08/2023 14:51:00,SVDT1,33.3,76.6,1861,3176.4,0,125,1.3,8.6,3,0,0
01/08/2023 14:52:00,SVDT1,33.4,77.7,1905,3176.4,0,98,0.6,1.1,3,0,0
01/08/2023 14:53:00,SVDT1,33.5,77.8,1918,3176.4,0,120,1.1,1.4,3,0,0
01/08/2023 14:54:00,SVDT1,33.5,77.2,1916,3176.4,0,147,1.5,5,3,0,0
01/08/2023 14:55:00,SVDT1,33.5,76.6,1889,3176.4,0,135,1.7,7.8,3,0,0
01/08/2023 14:56:00,SVDT1,33.4,74.4,1831,3176.4,0,85,1.1,1.5,3,0,0
01/08/2023 14:57:00,SVDT1,33.4,73.8,1713,3176.4,0,130,1.4,1.5,3,0,0
01/08/2023 14:58:00,SVDT1,33.4,73.3,1655,3176.4,0,95,1.2,2.1,3,0,0
01/08/2023 14:59:00,SVDT1,33.4,73.3,1777,3176.4,0,115,0.7,0.9,3,0,0
01/08/2023 15:00:00,SVDT1,33.3,73.6,1609,3176.4,0,97,0.9,2.6,3,0,0
01/08/2023 15:01:00,SVDT1,33.3,74.1,1597,3176.4,0,101,1.2,1.9,3,0,0
01/08/2023 15:02:00,SVDT1,33.4,75.1,1497,3176.4,0,137,0.7,0.8,3,0,0
01/08/2023 15:03:00,SVDT1,33.5,75.2,1451,3176.4,0,96,1.1,1.4,3,0,0
01/08/2023 15:04:00,SVDT1,33.5,74.6,1448,3176.4,0,71,1.1,1.3,3,0,0
01/08/2023 15:05:00,SVDT1,33.5,75.1,1445,3176.4,0,125,0.6,0.7,3,0,0
01/08/2023 15:06:00,SVDT1,33.5,75.5,1702,3176.4,0,106,0.7,0.9,3,0,0
01/08/2023 15:07:00,SVDT1,33.5,75.3,1794,3176.4,0,124,0.9,1,3,0,0
01/08/2023 15:08:00,SVDT1,33.5,74.6,1699,3176.4,0,120,0.8,2.1,3,0,0
01/08/2023 15:09:00,SVDT1,33.5,74.6,1923,3176.4,0,112,1,2.2,3,0,0
01/08/2023 15:10:00,SVDT1,33.6,74.4,2304,3176.4,0,100,0.7,0.7,3,0,0
01/08/2023 15:11:00,SVDT1,33.7,74.4,2317,3176.4,0,80,1,1.6,3,0,0
01/08/2023 15:12:00,SVDT1,33.8,75.0,2234,3176.4,0,73,1.4,4.5,3,0,0
01/08/2023 15:13:00,SVDT1,33.8,73.1,2287,3176.4,0,77,1.9,9.3,3,0,0
01/08/2023 15:14:00,SVDT1,33.8,72.9,1624,3176.4,0,99,1,1.2,3,0,0
01/08/2023 15:15:00,SVDT1,33.8,72.8,1481,3176.4,0,119,1.2,2.9,3,0,0
01/08/2023 15:16:00,SVDT1,33.6,73.1,1610,3176.4,0,120,0.9,1,3,0,0
01/08/2023 15:17:00,SVDT1,33.6,74.1,1605,3176.4,0,107,1,3.1,3,0,0
01/08/2023 15:18:00,SVDT1,33.6,73.5,1433,3176.4,0,101,1.3,1.9,3,0,0
01/08/2023 15:19:00,SVDT1,33.6,73.7,1296,3176.4,0,99,0.7,1,3,0,0
01/08/2023 15:20:00,SVDT1,33.5,73.5,1257,3176.4,0,122,1.2,1.7,3,0,0
01/08/2023 15:21:00,SVDT1,33.3,73.9,1243,3176.4,0,78,1.1,1.5,3,0,0
01/08/2023 15:22:00,SVDT1,33.2,74.2,1209,3176.4,0,109,1.4,1.7,3,0,0
01/08/2023 15:23:00,SVDT1,33.2,74.6,1216,3176.4,0,134,0.9,1,3,0,0
01/08/2023 15:24:00,SVDT1,33.2,75.1,1200,3176.4,0,85,0.8,1,3,0,0
01/08/2023 15:25:00,SVDT1,33.1,74.9,1179,3176.4,0,105,0.8,2.3,3,0,0
01/08/2023 15:26:00,SVDT1,33.1,75.3,1110,3176.4,0,116,1.4,2.2,3,0,0
01/08/2023 15:27:00,SVDT1,33.1,76.3,1085,3176.4,0,94,1.1,1.2,3,0,0
01/08/2023 15:28:00,SVDT1,33.1,76.0,1152,3176.4,0,77,1.2,1.3,3,0,0
01/08/2023 15:29:00,SVDT1,33.1,76.2,1146,3176.4,0,83,0.7,1.1,3,0,0
01/08/2023 15:30:00,SVDT1,33.1,75.3,1115,3176.4,0,68,0.7,3.7,3,0,0
01/08/2023 15:31:00,SVDT1,32.9,76.0,1142,3176.4,0,111,0.7,0.8,3,0,0
01/08/2023 15:32:00,SVDT1,32.9,75.8,1171,3176.4,0,117,0.6,1.4,3,0,0
01/08/2023 15:33:00,SVDT1,33.0,76.5,1148,3176.4,0,125,1,1.1,3,0,0
01/08/2023 15:34:00,SVDT1,32.9,76.1,1029,3176.4,0,68,0.9,1.5,3,0,0
01/08/2023 15:35:00,SVDT1,32.9,76.3,911,3176.4,0,73,0.6,0.7,3,0,0
01/08/2023 15:36:00,SVDT1,32.8,77.2,852,3176.4,0,110,0.6,0.6,3,0,0
01/08/2023 15:37:00,SVDT1,32.7,77.7,774,3176.4,0,130,0.8,1,3,0,0
01/08/2023 15:38:00,SVDT1,32.6,77.5,715,3176.4,0,108,0.9,1.6,3,0,0
01/08/2023 15:39:00,SVDT1,32.4,77.0,728,3176.4,0,106,0.5,0.7,3,0,0
01/08/2023 15:40:00,SVDT1,32.4,77.4,793,3176.4,0,68,0.7,0.7,3,0,0
01/08/2023 15:41:00,SVDT1,32.4,77.6,880,3176.4,0,124,0.8,1.1,3,0,0
01/08/2023 15:42:00,SVDT1,32.3,77.3,881,3176.4,0,116,0.9,2.1,3,0,0
01/08/2023 15:43:00,SVDT1,32.3,77.0,799,3176.4,0,146,1.6,2.1,3,0,0
01/08/2023 15:44:00,SVDT1,32.2,76.6,735,3176.4,0,74,0.6,1.2,3,0,0
01/08/2023 15:45:00,SVDT1,32.1,77.0,734,3176.4,0,129,1.1,1.5,3,0,0
01/08/2023 15:46:00,SVDT1,32.1,77.4,725,3176.4,0,112,1.3,2.2,3,0,0
01/08/2023 15:47:00,SVDT1,32.0,77.8,697,3176.4,0,124,1.2,1.5,3,0,0
01/08/2023 15:48:00,SVDT1,32.0,77.8,674,3176.4,0,90,1,6.5,3,0,0
01/08/2023 15:49:00,SVDT1,32.0,77.8,669,3176.4,0,84,0.9,1.6,3,0,0
01/08/2023 15:50:00,SVDT1,31.9,78.3,606,3176.4,0,68,1,1.4,3,0,0
01/08/2023 15:51:00,SVDT1,31.8,78.4,569,3176.4,0,101,0.8,1.2,3,0,0
01/08/2023 15:52:00,SVDT1,31.7,78.2,550,3176.4,0,215,0.8,1.1,3,0,0
01/08/2023 15:53:00,SVDT1,31.6,78.5,522,3176.4,0,109,1.1,2.5,3,0,0
01/08/2023 15:54:00,SVDT1,31.6,79.3,484,3176.4,0,83,1.1,1.4,3,0,0
01/08/2023 15:55:00,SVDT1,31.6,79.5,458,3176.4,0,96,1.3,2.4,3,0,0
01/08/2023 15:56:00,SVDT1,31.5,79.7,451,3176.4,0,108,1.1,1.3,3,0,0
01/08/2023 15:57:00,SVDT1,31.5,80.0,444,3176.4,0,143,0.4,0.5,3,0,0
01/08/2023 15:58:00,SVDT1,31.4,80.4,430,3176.4,0,146,1.1,1.6,3,0,0
01/08/2023 15:59:00,SVDT1,31.3,80.7,423,3176.4,0,52,1.2,1.6,3,0,0
01/08/2023 16:00:00,SVDT1,31.2,81.0,417,3176.4,0,85,1,1.8,3,0,0
01/08/2023 16:01:00,SVDT1,31.2,81.1,408,3176.4,0,72,0.5,0.5,3,0,0
01/08/2023 16:02:00,SVDT1,31.2,81.4,404,3176.4,0,118,0.8,5,3,0,0
01/08/2023 16:03:00,SVDT1,31.2,81.6,405,3176.4,0,118,0.7,1.3,3,0,0
01/08/2023 16:04:00,SVDT1,31.1,81.0,398,3176.4,0,103,0.6,0.7,3,0,0
01/08/2023 16:05:00,SVDT1,31.2,81.5,389,3176.4,0,110,0.6,1.3,3,0,0
01/08/2023 16:06:00,SVDT1,31.2,81.8,374,3176.4,0,82,1,2.2,3,0,0
01/08/2023 16:07:00,SVDT1,31.1,82.4,361,3176.4,0,132,1,2.2,3,0,0
01/08/2023 16:08:00,SVDT1,31.1,82.7,334,3176.4,0,85,0.6,0.7,3,0,0
01/08/2023 16:09:00,SVDT1,31.0,83.0,329,3176.4,0,125,0.9,1.2,3,0,0
01/08/2023 16:10:00,SVDT1,31.0,83.6,343,3176.4,0,115,0.9,1.1,3,0,0
01/08/2023 16:11:00,SVDT1,31.0,83.6,365,3176.4,0,83,0.5,0.9,3,0,0
01/08/2023 16:12:00,SVDT1,31.0,83.8,352,3176.4,0,87,0.5,0.6,3,0,0
01/08/2023 16:13:00,SVDT1,30.9,84.3,331,3176.4,0,94,0.7,1.2,3,0,0
01/08/2023 16:14:00,SVDT1,30.9,84.3,323,3176.4,0,114,1,1.2,3,0,0
01/08/2023 16:15:00,SVDT1,30.9,84.1,323,3176.4,0,70,0.4,0.5,3,0,0
01/08/2023 16:16:00,SVDT1,30.9,84.4,340,3176.4,0,123,1,1.3,3,0,0
01/08/2023 16:17:00,SVDT1,30.8,84.4,343,3176.4,0,87,1,1.9,3,0,0
01/08/2023 16:18:00,SVDT1,30.8,84.5,339,3176.4,0,119,0.8,1.3,3,0,0
01/08/2023 16:19:00,SVDT1,30.8,84.7,334,3176.4,0,82,1.8,3.9,3,0,0
01/08/2023 16:20:00,SVDT1,30.7,84.8,331,3176.4,0,110,1.1,1.5,3,0,0
01/08/2023 16:21:00,SVDT1,30.7,85.2,334,3176.4,0,114,1.1,1.3,3,0,0
01/08/2023 16:22:00,SVDT1,30.7,85.1,330,3176.4,0,84,1.1,1.9,3,0,0
01/08/2023 16:23:00,SVDT1,30.7,84.9,330,3176.4,0,131,1.1,6.4,3,0,0
01/08/2023 16:24:00,SVDT1,30.6,84.8,333,3176.4,0,91,1.3,2.1,3,0,0
01/08/2023 16:25:00,SVDT1,30.6,85.4,335,3176.4,0,73,0.7,1,3,0,0
01/08/2023 16:26:00,SVDT1,30.6,85.6,339,3176.4,0,92,0.7,0.9,3,0,0
01/08/2023 16:27:00,SVDT1,30.6,85.1,346,3176.4,0,111,0.9,2.8,3,0,0
01/08/2023 16:28:00,SVDT1,30.6,85.4,356,3176.4,0,102,1.2,3.5,3,0,0
01/08/2023 16:29:00,SVDT1,30.6,85.6,364,3176.4,0,116,2,3.9,3,0,0
01/08/2023 16:30:00,SVDT1,30.6,85.5,373,3176.4,0,94,1.2,3.2,3,0,0
01/08/2023 16:31:00,SVDT1,30.6,86.0,376,3176.4,0,119,1.2,2.4,3,0,0
01/08/2023 16:32:00,SVDT1,30.5,86.0,377,3176.4,0,76,1.9,4,3,0,0
01/08/2023 16:33:00,SVDT1,30.5,85.7,377,3176.4,0,73,1.1,1.5,3,0,0
01/08/2023 16:34:00,SVDT1,30.4,85.2,378,3176.4,0,139,1.3,1.5,3,0,0
01/08/2023 16:35:00,SVDT1,30.4,85.2,377,3176.4,0,122,1.6,2.6,3,0,0
01/08/2023 16:36:00,SVDT1,30.4,85.4,377,3176.4,0,131,1.5,2.3,3,0,0
01/08/2023 16:37:00,SVDT1,30.4,85.6,377,3176.4,0,98,1.2,1.9,3,0,0
01/08/2023 16:38:00,SVDT1,30.4,85.5,378,3176.4,0,130,1.1,1.6,3,0,0
01/08/2023 16:39:00,SVDT1,30.4,85.2,379,3176.4,0,106,0.8,3.2,3,0,0
01/08/2023 16:40:00,SVDT1,30.4,85.7,381,3176.4,0,116,0.9,1.1,3,0,0
01/08/2023 16:41:00,SVDT1,30.4,85.9,381,3176.4,0,103,1.4,2.6,3,0,0
01/08/2023 16:42:00,SVDT1,30.4,85.7,380,3176.4,0,86,2.3,4.3,3,0,0
01/08/2023 16:43:00,SVDT1,30.4,85.7,377,3176.4,0,112,0.7,0.8,3,0,0
01/08/2023 16:44:00,SVDT1,30.3,85.7,374,3176.4,0,139,1.1,1.4,3,0,0
01/08/2023 16:45:00,SVDT1,30.3,85.7,379,3176.4,0,102,1.1,2.4,3,0,0
01/08/2023 16:46:00,SVDT1,30.3,85.9,380,3176.4,0,81,0.9,2.2,3,0,0
01/08/2023 16:47:00,SVDT1,30.3,85.9,380,3176.4,0,85,0.8,1.9,3,0,0
01/08/2023 16:48:00,SVDT1,30.3,85.7,382,3176.4,0,104,1.7,2.6,3,0,0
01/08/2023 16:49:00,SVDT1,30.3,85.9,380,3176.4,0,148,1.2,1.6,3,0,0
01/08/2023 16:50:00,SVDT1,30.3,86.0,379,3176.4,0,150,2.2,4.9,3,0,0
01/08/2023 16:51:00,SVDT1,30.3,86.1,378,3176.4,0,75,0.9,1.7,3,0,0
01/08/2023 16:52:00,SVDT1,30.3,86.2,376,3176.4,0,127,1.4,2,3,0,0
01/08/2023 16:53:00,SVDT1,30.3,86.6,374,3176.4,0,98,1.2,2.4,3,0,0
01/08/2023 16:54:00,SVDT1,30.2,86.7,371,3176.4,0,108,0.7,0.8,3,0,0
01/08/2023 16:55:00,SVDT1,30.3,86.7,365,3176.4,0,73,1.4,2.9,3,0,0
01/08/2023 16:56:00,SVDT1,30.2,86.6,361,3176.4,0,146,1.3,2.8,3,0,0
01/08/2023 16:57:00,SVDT1,30.2,86.6,357,3176.4,0,194,2.9,5.1,3,0,0
01/08/2023 16:58:00,SVDT1,30.2,86.5,352,3176.4,0,120,1.6,3.6,3,0,0
01/08/2023 16:59:00,SVDT1,30.2,86.7,346,3176.4,0,74,1.5,5.6,3,0,0
01/08/2023 17:00:00,SVDT1,30.2,87.0,341,3176.4,0,131,1.9,4.1,3,0,0
01/08/2023 17:01:00,SVDT1,30.2,86.7,336,3176.4,0,176,1,1.5,3,0,0
01/08/2023 17:02:00,SVDT1,30.2,87.0,330,3176.4,0,92,1.6,7,3,0,0
01/08/2023 17:03:00,SVDT1,30.2,87.2,307,3176.4,0,85,0.9,1.1,3,0,0
01/08/2023 17:04:00,SVDT1,30.2,87.4,280,3176.4,0,105,1.4,2.9,3,0,0
01/08/2023 17:05:00,SVDT1,30.1,87.1,279,3176.4,0,121,0.9,2.1,3,0,0
01/08/2023 17:06:00,SVDT1,30.0,87.0,313,3176.4,0,114,0.7,1,3,0,0
01/08/2023 17:07:00,SVDT1,30.1,86.9,320,3176.4,0,103,1,1.2,3,0,0
01/08/2023 17:08:00,SVDT1,30.1,87.2,303,3176.4,0,92,1,2.4,3,0,0
01/08/2023 17:09:00,SVDT1,30.1,87.6,302,3176.4,0,157,1.3,6.4,3,0,0
01/08/2023 17:10:00,SVDT1,30.0,87.6,310,3176.4,0,113,1,4.9,3,0,0
01/08/2023 17:11:00,SVDT1,30.0,87.3,306,3176.4,0,145,1.2,2.1,3,0,0
01/08/2023 17:12:00,SVDT1,30.0,87.3,302,3176.4,0,90,1,1.7,3,0,0
01/08/2023 17:13:00,SVDT1,29.9,87.5,297,3176.4,0,144,1,1.1,3,0,0
01/08/2023 17:14:00,SVDT1,29.9,87.7,292,3176.4,0,83,1.1,2.5,3,0,0
01/08/2023 17:15:00,SVDT1,29.9,87.5,287,3176.4,0,110,1.3,3.3,3,0,0
01/08/2023 17:16:00,SVDT1,29.9,87.8,283,3176.4,0,73,1.1,1.4,3,0,0
01/08/2023 17:17:00,SVDT1,29.9,87.8,278,3176.4,0,111,2,5,3,0,0
01/08/2023 17:18:00,SVDT1,29.8,87.7,273,3176.4,0,178,1.1,1.8,3,0,0
01/08/2023 17:19:00,SVDT1,29.8,88.1,268,3176.4,0,130,0.8,0.9,3,0,0
01/08/2023 17:20:00,SVDT1,29.8,88.0,265,3176.4,0,140,1.6,2.6,3,0,0
01/08/2023 17:21:00,SVDT1,29.7,88.3,261,3176.4,0,135,1.2,2.4,3,0,0
01/08/2023 17:22:00,SVDT1,29.7,88.4,257,3176.4,0,57,1.3,3.2,3,0,0
01/08/2023 17:23:00,SVDT1,29.7,88.7,254,3176.4,0,147,1,2,3,0,0
01/08/2023 17:24:00,SVDT1,29.7,88.5,251,3176.4,0,85,1.4,1.9,3,0,0
01/08/2023 17:25:00,SVDT1,29.7,88.6,247,3176.4,0,127,1.8,3.3,3,0,0
01/08/2023 17:26:00,SVDT1,29.6,88.9,244,3176.4,0,147,1.3,1.7,3,0,0
01/08/2023 17:27:00,SVDT1,29.6,89.1,242,3176.4,0,171,1.2,1.6,3,0,0
01/08/2023 17:28:00,SVDT1,29.6,89.0,239,3176.4,0,132,1.7,6.7,3,0,0
01/08/2023 17:29:00,SVDT1,29.6,88.9,236,3176.4,0,133,1.3,4.7,3,0,0
01/08/2023 17:30:00,SVDT1,29.6,88.9,233,3176.4,0,106,0.9,2.7,3,0,0
01/08/2023 17:31:00,SVDT1,29.6,89.3,230,3176.4,0,153,1,1.8,3,0,0
01/08/2023 17:32:00,SVDT1,29.6,89.3,227,3176.4,0,57,1.6,3.1,3,0,0
01/08/2023 17:33:00,SVDT1,29.6,89.5,223,3176.4,0,141,1.3,3.5,3,0,0
01/08/2023 17:34:00,SVDT1,29.6,89.7,219,3176.4,0,79,0.7,0.8,3,0,0
01/08/2023 17:35:00,SVDT1,29.5,89.7,215,3176.4,0,158,1.3,1.5,3,0,0
01/08/2023 17:36:00,SVDT1,29.5,89.6,209,3176.4,0,143,1.5,1.6,3,0,0
01/08/2023 17:37:00,SVDT1,29.5,89.6,205,3176.4,0,178,1.3,1.7,3,0,0
01/08/2023 17:38:00,SVDT1,29.5,89.6,200,3176.4,0,112,1.2,2.4,3,0,0
01/08/2023 17:39:00,SVDT1,29.4,89.5,194,3176.4,0,132,0.8,1.6,3,0,0
01/08/2023 17:40:00,SVDT1,29.5,89.6,188,3176.4,0,130,1.7,5,3,0,0
01/08/2023 17:41:00,SVDT1,29.4,89.7,182,3176.4,0,121,1.4,2.4,3,0,0
01/08/2023 17:42:00,SVDT1,29.4,89.6,175,3176.4,0,119,1.1,2,3,0,0
01/08/2023 17:43:00,SVDT1,29.4,89.5,169,3176.4,0,129,0.8,1.6,3,0,0
01/08/2023 17:44:00,SVDT1,29.4,89.7,164,3176.4,0,100,1,2.1,3,0,0
01/08/2023 17:45:00,SVDT1,29.4,89.9,158,3176.4,0,147,1.5,3.1,3,0,0
01/08/2023 17:46:00,SVDT1,29.3,89.9,152,3176.4,0,130,1.3,3.3,3,0,0
01/08/2023 17:47:00,SVDT1,29.4,90.1,146,3176.4,0,96,1.3,1.9,3,0,0
01/08/2023 17:48:00,SVDT1,29.3,90.2,140,3176.4,0,157,1.2,1.9,3,0,0
01/08/2023 17:49:00,SVDT1,29.3,90.2,134,3176.4,0,111,1.2,2.4,3,0,0
01/08/2023 17:50:00,SVDT1,29.3,90.4,129,3176.4,0,93,1.1,6.3,3,0,0
01/08/2023 17:51:00,SVDT1,29.3,90.5,123,3176.4,0,119,1.8,4.9,3,0,0
01/08/2023 17:52:00,SVDT1,29.2,90.6,118,3176.4,0,82,1.1,2.3,3,0,0
01/08/2023 17:53:00,SVDT1,29.2,90.5,112,3176.4,0,86,1.7,2.9,3,0,0
01/08/2023 17:54:00,SVDT1,29.2,90.6,106,3176.4,0,67,0.9,1.5,3,0,0
01/08/2023 17:55:00,SVDT1,29.2,90.6,101,3176.4,0,120,1.2,8.3,3,0,0
01/08/2023 17:56:00,SVDT1,29.2,90.9,96,3176.4,0,100,0.8,0.9,3,0,0
01/08/2023 17:57:00,SVDT1,29.1,90.8,91,3176.4,0,114,0.8,0.9,3,0,0
01/08/2023 17:58:00,SVDT1,29.1,90.8,85,3176.4,0,165,2.6,3.8,3,0,0
01/08/2023 17:59:00,SVDT1,29.1,91.0,80,3176.4,0,165,0.7,0.7,3,0,0
01/08/2023 18:00:00,SVDT1,29.1,90.9,74,3176.4,0,138,0.6,0.7,3,0,0
01/08/2023 18:01:00,SVDT1,29.1,91.1,69,3176.4,0,141,1.2,2.3,3,0,0
01/08/2023 18:02:00,SVDT1,29.0,91.2,63,3176.4,0,85,0.7,0.9,3,0,0
01/08/2023 18:03:00,SVDT1,29.0,91.1,57,3176.4,0,142,0.8,1.3,3,0,0
01/08/2023 18:04:00,SVDT1,29.0,91.3,53,3176.4,0,100,0.7,2.5,3,0,0
01/08/2023 18:05:00,SVDT1,29.0,91.4,48,3176.4,0,139,0.6,0.7,3,0,0
01/08/2023 18:06:00,SVDT1,28.9,91.5,43,3176.4,0,113,1.1,2.3,3,0,0
01/08/2023 18:07:00,SVDT1,28.9,91.5,40,3176.4,0,142,1.5,1.8,3,0,0
01/08/2023 18:08:00,SVDT1,28.9,91.7,37,3176.4,0,97,0.7,0.7,3,0,0
01/08/2023 18:09:00,SVDT1,28.9,91.7,33,3176.4,0,92,1,1.1,3,0,0
01/08/2023 18:10:00,SVDT1,28.9,91.7,29,3176.4,0,124,1.8,3.3,3,0,0
01/08/2023 18:11:00,SVDT1,28.8,91.6,27,3176.4,0,109,1.2,1.5,3,0,0
01/08/2023 18:12:00,SVDT1,28.8,91.6,25,3176.4,0,82,1.4,1.9,3,0,0
01/08/2023 18:13:00,SVDT1,28.8,91.3,22,3176.4,0,116,0.9,1.2,3,0,0
01/08/2023 18:14:00,SVDT1,28.8,91.3,20,3176.4,0,89,1.4,1.5,3,0,0
01/08/2023 18:15:00,SVDT1,28.8,91.2,18,3176.4,0,164,1.3,1.8,3,0,0
01/08/2023 18:16:00,SVDT1,28.7,91.1,16,3176.4,0,105,1.7,3,3,0,0
01/08/2023 18:17:00,SVDT1,28.7,91.2,14,3176.4,0,96,1.5,2.8,3,0,0
01/08/2023 18:18:00,SVDT1,28.7,91.3,12,3176.4,0,144,1.5,1.8,3,0,0
01/08/2023 18:19:00,SVDT1,28.7,91.6,10,3176.4,0,81,1.1,1.7,3,0,0
01/08/2023 18:20:00,SVDT1,28.7,91.5,9,3176.4,0,145,0.7,1.1,3,0,0
01/08/2023 18:21:00,SVDT1,28.6,91.4,7,3176.4,0,110,0.7,2.3,3,0,0
01/08/2023 18:22:00,SVDT1,28.6,91.5,6,3176.4,0,96,1,2.5,3,0,0
01/08/2023 18:23:00,SVDT1,28.6,91.6,5,3176.4,0,98,1.6,2.8,3,0,0
01/08/2023 18:24:00,SVDT1,28.6,91.8,5,3176.4,0,89,1.1,2.3,3,0,0
01/08/2023 18:25:00,SVDT1,28.6,92.0,4,3176.4,0,93,0.8,0.9,3,0,0
01/08/2023 18:26:00,SVDT1,28.6,92.2,4,3176.4,0,126,1.3,5.2,3,0,0
01/08/2023 18:27:00,SVDT1,28.6,92.3,3,3176.4,0,66,1.4,3.5,3,0,0
01/08/2023 18:28:00,SVDT1,28.5,92.5,2,3176.4,0,154,0.4,0.4,3,0,0
01/08/2023 18:29:00,SVDT1,28.5,92.6,2,3176.4,0,208,1,2.4,3,0,0
01/08/2023 18:30:00,SVDT1,28.5,92.8,2,3176.4,0,113,0.7,2.2,3,0,0
01/08/2023 18:31:00,SVDT1,28.5,93.0,1,3176.4,0,137,1.3,4.4,3,0,0
01/08/2023 18:32:00,SVDT1,28.5,93.0,1,3176.4,0,110,1.1,2,3,0,0
01/08/2023 18:33:00,SVDT1,28.4,93.1,1,3176.4,0,143,0.9,1.3,3,0,0
01/08/2023 18:34:00,SVDT1,28.4,93.2,1,3176.4,0,136,0.6,0.8,3,0,0
01/08/2023 18:35:00,SVDT1,28.4,93.3,0,3176.4,0,97,0.9,1,3,0,0
01/08/2023 18:36:00,SVDT1,28.4,93.4,0,3176.4,0,93,0.8,1.1,3,0,0
01/08/2023 18:37:00,SVDT1,28.4,93.4,0,3176.4,0,111,0.7,0.9,3,0,0
01/08/2023 18:38:00,SVDT1,28.3,93.4,0,3176.4,0,70,1.4,3.5,3,0,0
01/08/2023 18:39:00,SVDT1,28.3,93.3,0,3176.4,0,119,1,1.3,3,0,0
01/08/2023 18:40:00,SVDT1,28.3,93.4,0,3176.4,0,101,0.9,1.3,3,0,0
01/08/2023 18:41:00,SVDT1,28.3,93.5,0,3176.4,0,136,0.8,1.4,3,0,0
01/08/2023 18:42:00,SVDT1,28.3,93.6,0,3176.4,0,112,0.7,1.2,3,0,0
01/08/2023 18:43:00,SVDT1,28.3,93.7,0,3176.4,0,132,0.7,0.9,3,0,0
01/08/2023 18:44:00,SVDT1,28.3,93.7,0,3176.4,0,77,0.7,1.5,3,0,0
01/08/2023 18:45:00,SVDT1,28.2,93.8,0,3176.4,0,118,0.6,1.1,3,0,0
01/08/2023 18:46:00,SVDT1,28.2,93.9,0,3176.4,0,75,1,1.1,3,0,0
01/08/2023 18:47:00,SVDT1,28.2,93.9,0,3176.4,0,159,1.1,1.3,3,0,0
01/08/2023 18:48:00,SVDT1,28.2,93.9,0,3176.4,0,70,1.4,1.9,3,0,0
01/08/2023 18:49:00,SVDT1,28.2,94.0,0,3176.4,0,112,0.8,1.1,3,0,0
01/08/2023 18:50:00,SVDT1,28.2,94.0,0,3176.4,0,96,1.1,1.7,3,0,0
01/08/2023 18:51:00,SVDT1,28.1,94.1,0,3176.4,0,120,0.7,2.6,3,0,0
01/08/2023 18:52:00,SVDT1,28.1,94.1,0,3176.4,0,85,1.6,2.5,3,0,0
01/08/2023 18:53:00,SVDT1,28.1,94.2,0,3176.4,0,67,1.3,2.6,3,0,0
01/08/2023 18:54:00,SVDT1,28.1,94.2,0,3176.4,0,83,0.6,0.8,3,0,0
01/08/2023 18:55:00,SVDT1,28.1,94.1,0,3176.4,0,90,0.7,1.3,3,0,0
01/08/2023 18:56:00,SVDT1,28.1,94.1,0,3176.4,0,119,0.7,2.3,3,0,0
01/08/2023 18:57:00,SVDT1,28.1,94.0,0,3176.4,0,140,1.5,2.9,3,0,0
01/08/2023 18:58:00,SVDT1,28.1,94.0,0,3176.4,0,100,1.1,2.4,3,0,0
01/08/2023 18:59:00,SVDT1,28.1,93.9,0,3176.4,0,90,0.6,0.9,3,0,0
01/08/2023 19:00:00,SVDT1,28.1,93.9,0,3176.4,0,158,0.7,0.9,3,0,0
01/08/2023 19:01:00,SVDT1,28.1,94.0,0,3176.4,0,91,0.8,0.8,3,0,0
01/08/2023 19:02:00,SVDT1,28.1,94.0,0,3176.4,0,119,0.9,1.8,3,0,0
01/08/2023 19:03:00,SVDT1,28.0,94.0,0,3176.4,0,115,0.7,1,3,0,0
01/08/2023 19:04:00,SVDT1,28.0,94.1,0,3176.4,0,69,0.6,1.9,3,0,0
01/08/2023 19:05:00,SVDT1,28.0,94.1,0,3176.4,0,97,1.4,5,3,0,0
01/08/2023 19:06:00,SVDT1,28.0,94.1,0,3176.4,0,107,1.4,3.8,3,0,0
01/08/2023 19:07:00,SVDT1,28.0,94.1,0,3176.4,0,114,0.9,1.3,3,0,0
01/08/2023 19:08:00,SVDT1,28.0,94.1,0,3176.4,0,111,1.5,3.5,3,0,0
01/08/2023 19:09:00,SVDT1,28.0,94.1,0,3176.4,0,123,1.4,3.1,3,0,0
01/08/2023 19:10:00,SVDT1,28.0,94.1,0,3176.4,0,81,0.7,0.9,3,0,0
01/08/2023 19:11:00,SVDT1,28.0,94.1,0,3176.4,0,104,0.3,0.3,3,0,0
01/08/2023 19:12:00,SVDT1,28.0,94.1,0,3176.4,0,151,1.1,1.8,3,0,0
01/08/2023 19:13:00,SVDT1,28.0,94.1,0,3176.4,0,84,0.9,2,3,0,0
01/08/2023 19:14:00,SVDT1,28.0,94.1,0,3176.4,0,104,0.7,1.6,3,0,0
01/08/2023 19:15:00,SVDT1,28.0,94.1,0,3176.4,0,133,0.9,2.5,3,0,0
01/08/2023 19:16:00,SVDT1,28.0,94.1,0,3176.4,0,153,0.8,1.3,3,0,0
01/08/2023 19:17:00,SVDT1,28.0,94.1,0,3176.4,0,83,0.5,0.5,3,0,0
01/08/2023 19:18:00,SVDT1,28.0,94.1,0,3176.4,0,123,0.3,0.3,3,0,0
01/08/2023 19:19:00,SVDT1,28.0,94.2,0,3176.4,0,118,0.9,1.2,3,0,0
01/08/2023 19:20:00,SVDT1,28.0,94.2,0,3176.4,0,141,0.8,0.8,3,0,0
01/08/2023 19:21:00,SVDT1,28.0,94.2,0,3176.4,0,84,0.5,0.5,3,0,0
01/08/2023 19:22:00,SVDT1,28.0,94.2,0,3176.4,0,144,0.4,0.8,3,0,0
01/08/2023 19:23:00,SVDT1,28.0,94.2,0,3176.4,0,108,0.6,0.8,3,0,0
01/08/2023 19:24:00,SVDT1,28.0,94.3,0,3176.4,0,79,0.4,0.4,3,0,0
01/08/2023 19:25:00,SVDT1,28.0,94.4,0,3176.4,0,133,0.5,0.5,3,0,0
01/08/2023 19:26:00,SVDT1,28.0,94.4,0,3176.4,0,87,0.5,0.5,3,0,0
01/08/2023 19:27:00,SVDT1,28.0,94.4,0,3176.4,0,91,0.8,0.8,3,0,0
01/08/2023 19:28:00,SVDT1,28.0,94.4,0,3176.4,0,93,0.8,0.9,3,0,0
01/08/2023 19:29:00,SVDT1,27.9,94.4,0,3176.4,0,92,0.5,1.6,3,0,0
01/08/2023 19:30:00,SVDT1,27.9,94.4,0,3176.4,0,185,0.7,1.4,3,0,0
01/08/2023 19:31:00,SVDT1,27.9,94.5,0,3176.4,0,76,0.3,0.4,3,0,0
01/08/2023 19:32:00,SVDT1,27.9,94.5,0,3176.4,0,85,0.8,1.7,3,0,0
01/08/2023 19:33:00,SVDT1,27.9,94.6,0,3176.4,0,141,1.4,4,3,0,0
01/08/2023 19:34:00,SVDT1,27.9,94.6,0,3176.4,0,122,1.1,4.4,3,0,0
01/08/2023 19:35:00,SVDT1,27.9,94.7,0,3176.4,0,95,1.1,3.2,3,0,0
01/08/2023 19:36:00,SVDT1,27.9,94.7,0,3176.4,0,112,0.9,2.2,3,0,0
01/08/2023 19:37:00,SVDT1,27.9,94.7,0,3176.4,0,89,0.6,1,3,0,0
01/08/2023 19:38:00,SVDT1,27.9,94.7,0,3176.4,0,114,1.5,3.2,3,0,0
01/08/2023 19:39:00,SVDT1,27.9,94.8,0,3176.4,0,158,0.6,0.6,3,0,0
01/08/2023 19:40:00,SVDT1,27.9,94.9,0,3176.4,0,84,0.4,0.4,3,0,0
01/08/2023 19:41:00,SVDT1,27.9,94.9,0,3176.4,0,108,0.7,0.8,3,0,0
01/08/2023 19:42:00,SVDT1,27.9,94.9,0,3176.4,0,100,0.4,0.4,3,0,0
01/08/2023 19:43:00,SVDT1,27.9,94.9,0,3176.4,0,96,0.8,1.4,3,0,0
01/08/2023 19:44:00,SVDT1,27.9,95.0,0,3176.4,0,106,0.5,0.7,3,0,0
01/08/2023 19:45:00,SVDT1,27.9,95.0,0,3176.4,0,113,0.4,0.4,3,0,0
01/08/2023 19:46:00,SVDT1,27.9,95.1,0,3176.4,0,109,1,2,3,0,0
01/08/2023 19:47:00,SVDT1,27.9,95.1,0,3176.4,0,95,0.7,1.3,3,0,0
01/08/2023 19:48:00,SVDT1,27.9,95.1,0,3176.4,0,97,0.4,0.4,3,0,0
01/08/2023 19:49:00,SVDT1,27.9,95.0,0,3176.4,0,126,0.7,1,3,0,0
01/08/2023 19:50:00,SVDT1,27.9,95.0,0,3176.4,0,107,0.6,1.7,3,0,0
01/08/2023 19:51:00,SVDT1,27.9,95.0,0,3176.4,0,78,0.6,1.3,3,0,0
01/08/2023 19:52:00,SVDT1,27.9,94.9,0,3176.4,0,180,0.8,2.8,3,0,0
01/08/2023 19:53:00,SVDT1,27.9,94.9,0,3176.4,0,95,0.5,0.9,3,0,0
01/08/2023 19:54:00,SVDT1,27.9,94.9,0,3176.4,0,88,0.7,0.8,3,0,0
01/08/2023 19:55:00,SVDT1,27.9,95.0,0,3176.4,0,122,1.5,4,3,0,0
01/08/2023 19:56:00,SVDT1,27.9,95.0,0,3176.4,0,138,1.1,2.2,3,0,0
01/08/2023 19:57:00,SVDT1,27.9,95.0,0,3176.4,0,123,0.8,0.8,3,0,0
01/08/2023 19:58:00,SVDT1,27.9,95.0,0,3176.4,0,123,0.5,1.2,3,0,0
01/08/2023 19:59:00,SVDT1,27.9,95.0,0,3176.4,0,100,0.8,1.4,3,0,0
01/08/2023 20:00:00,SVDT1,27.9,95.0,0,3176.4,0,113,1.4,2.4,3,0,0
01/08/2023 20:01:00,SVDT1,27.9,94.9,0,3176.4,0,112,0.9,1.3,3,0,0
01/08/2023 20:02:00,SVDT1,27.9,94.9,0,3176.4,0,122,0.5,0.6,3,0,0
01/08/2023 20:03:00,SVDT1,27.9,94.9,0,3176.4,0,91,0.9,1.1,3,0,0
01/08/2023 20:04:00,SVDT1,27.9,94.8,0,3176.4,0,156,0.6,0.6,3,0,0
01/08/2023 20:05:00,SVDT1,27.9,94.9,0,3176.4,0,125,0.8,1.1,3,0,0
01/08/2023 20:06:00,SVDT1,27.9,94.8,0,3176.4,0,118,0.6,0.8,3,0,0
01/08/2023 20:07:00,SVDT1,27.9,94.8,0,3176.4,0,70,0.5,0.5,3,0,0
01/08/2023 20:08:00,SVDT1,27.9,94.8,0,3176.4,0,96,0.9,4.4,3,0,0
01/08/2023 20:09:00,SVDT1,27.9,94.9,0,3176.4,0,85,1.3,3,3,0,0
01/08/2023 20:10:00,SVDT1,27.9,94.9,0,3176.4,0,105,1.7,6.1,3,0,0
01/08/2023 20:11:00,SVDT1,27.9,94.9,0,3176.4,0,94,0.8,1.6,3,0,0
01/08/2023 20:12:00,SVDT1,27.8,94.8,0,3176.4,0,86,0.9,2.4,3,0,0
01/08/2023 20:13:00,SVDT1,27.9,94.8,0,3176.4,0,103,0.7,1.5,3,0,0
01/08/2023 20:14:00,SVDT1,27.9,94.8,0,3176.4,0,149,0.5,0.9,3,0,0
01/08/2023 20:15:00,SVDT1,27.9,94.7,0,3176.4,0,123,0.5,0.6,3,0,0
01/08/2023 20:16:00,SVDT1,27.9,94.6,0,3176.4,0,119,0.6,0.8,3,0,0
01/08/2023 20:17:00,SVDT1,27.9,94.5,0,3176.4,0,82,0.9,1.3,3,0,0
01/08/2023 20:18:00,SVDT1,27.9,94.5,0,3176.4,0,90,0.7,2.4,3,0,0
01/08/2023 20:19:00,SVDT1,27.9,94.5,0,3176.4,0,148,0.6,1.1,3,0,0
01/08/2023 20:20:00,SVDT1,27.9,94.6,0,3176.4,0,117,0.9,3.6,3,0,0
01/08/2023 20:21:00,SVDT1,27.9,94.6,0,3176.4,0,118,1,1.3,3,0,0
01/08/2023 20:22:00,SVDT1,27.9,94.7,0,3176.4,0,60,0.8,0.8,2,0,0
01/08/2023 20:23:00,SVDT1,27.8,94.8,0,3176.4,0,148,0.6,1,2,0,0
01/08/2023 20:24:00,SVDT1,27.8,94.8,0,3176.4,0,145,0.6,0.7,2,0,0
01/08/2023 20:25:00,SVDT1,27.8,94.9,0,3176.4,0,57,1,1.2,3,0,0
01/08/2023 20:26:00,SVDT1,27.8,94.9,0,3176.4,0,111,1.1,3.2,3,0,0
01/08/2023 20:27:00,SVDT1,27.8,94.9,0,3176.4,0,96,0.6,1.1,2,0,0
01/08/2023 20:28:00,SVDT1,27.8,94.9,0,3176.4,0,99,0.6,0.7,2,0,0
01/08/2023 20:29:00,SVDT1,27.8,94.9,0,3176.4,0,126,1,3.5,2,0,0
01/08/2023 20:30:00,SVDT1,27.8,94.9,0,3176.4,0,140,0.5,0.5,2,0,0
01/08/2023 20:31:00,SVDT1,27.8,94.9,0,3176.4,0,125,0.8,4.2,2,0,0
01/08/2023 20:32:00,SVDT1,27.8,94.9,0,3176.4,0,138,0.8,1.7,2,0,0
01/08/2023 20:33:00,SVDT1,27.8,94.9,0,3176.4,0,100,0.8,0.9,2,0,0
01/08/2023 20:34:00,SVDT1,27.8,94.9,0,3176.4,0,129,0.9,1.5,2,0,0
01/08/2023 20:35:00,SVDT1,27.7,94.9,0,3176.4,0,107,0.8,1,2,0,0
01/08/2023 20:36:00,SVDT1,27.8,94.9,0,3176.4,0,102,1,2.3,2,0,0
01/08/2023 20:37:00,SVDT1,27.8,94.9,0,3176.4,0,104,1.3,2.5,2,0,0
01/08/2023 20:38:00,SVDT1,27.8,94.8,0,3176.4,0,111,1.1,2.6,2,0,0
01/08/2023 20:39:00,SVDT1,27.8,94.8,0,3176.4,0,114,0.5,0.6,2,0,0
01/08/2023 20:40:00,SVDT1,27.8,94.9,0,3176.4,0,99,0.7,0.8,3,0,0
01/08/2023 20:41:00,SVDT1,27.8,94.8,0,3176.4,0,171,1.3,2.3,2,0,0
01/08/2023 20:42:00,SVDT1,27.8,94.8,0,3176.4,0,111,0.9,1.2,2,0,0
01/08/2023 20:43:00,SVDT1,27.8,94.9,0,3176.4,0,82,0.7,1.4,2,0,0
01/08/2023 20:44:00,SVDT1,27.8,94.9,0,3176.4,0,104,0.5,0.7,2,0,0
01/08/2023 20:45:00,SVDT1,27.7,95.0,0,3176.4,0,90,1,1.6,2,0,0
01/08/2023 20:46:00,SVDT1,27.7,95.0,0,3176.4,0,121,1.6,3,2,0,0
01/08/2023 20:47:00,SVDT1,27.7,95.0,0,3176.4,0,84,0.9,1.4,2,0,0
01/08/2023 20:48:00,SVDT1,27.7,95.0,0,3176.4,0,92,0.9,1.8,2,0,0
01/08/2023 20:49:00,SVDT1,27.7,95.1,0,3176.4,0,78,0.6,0.7,2,0,0
01/08/2023 20:50:00,SVDT1,27.7,95.1,0,3176.4,0,120,0.6,0.7,2,0,0
01/08/2023 20:51:00,SVDT1,27.7,95.1,0,3176.4,0,128,0.5,0.5,2,0,0
01/08/2023 20:52:00,SVDT1,27.7,95.1,0,3176.4,0,94,0.4,1.5,2,0,0
01/08/2023 20:53:00,SVDT1,27.7,95.1,0,3176.4,0,103,0.8,2.1,2,0,0
01/08/2023 20:54:00,SVDT1,27.7,95.1,0,3176.4,0,110,0.8,1.1,2,0,0
01/08/2023 20:55:00,SVDT1,27.7,95.1,0,3176.4,0,95,0.5,0.5,2,0,0
01/08/2023 20:56:00,SVDT1,27.7,95.1,0,3176.4,0,183,0.7,0.7,2,0,0
01/08/2023 20:57:00,SVDT1,27.7,95.2,0,3176.4,0,99,0.6,0.6,2,0,0
01/08/2023 20:58:00,SVDT1,27.7,95.2,0,3176.4,0,145,1.3,1.6,2,0,0
01/08/2023 20:59:00,SVDT1,27.7,95.2,0,3176.4,0,95,1.1,1.3,2,0,0
01/08/2023 21:00:00,SVDT1,27.7,95.2,0,3176.4,0,90,0.7,1,2,0,0
01/08/2023 21:01:00,SVDT1,27.7,95.2,0,3176.4,0,171,1.4,11.3,2,0,0
01/08/2023 21:02:00,SVDT1,27.7,95.2,0,3176.4,0,102,0.9,1.7,2,0,0
01/08/2023 21:03:00,SVDT1,27.7,95.3,0,3176.4,0,163,0.7,1.1,2,0,0
01/08/2023 21:04:00,SVDT1,27.7,95.3,0,3176.4,0,72,0.7,0.9,2,0,0
01/08/2023 21:05:00,SVDT1,27.7,95.3,0,3176.4,0,106,0.4,0.4,2,0,0
01/08/2023 21:06:00,SVDT1,27.7,95.3,0,3176.4,0,99,0.7,1,2,0,0
01/08/2023 21:07:00,SVDT1,27.6,95.3,0,3176.4,0,129,1.1,1.7,2,0,0
01/08/2023 21:08:00,SVDT1,27.7,95.4,0,3176.4,0,91,0.5,0.6,2,0,0
01/08/2023 21:09:00,SVDT1,27.6,95.4,0,3176.4,0,101,0.6,0.9,2,0,0
01/08/2023 21:10:00,SVDT1,27.6,95.4,0,3176.4,0,99,1,1.6,2,0,0
01/08/2023 21:11:00,SVDT1,27.6,95.4,0,3176.4,0,99,0.8,1.1,2,0,0
01/08/2023 21:12:00,SVDT1,27.6,95.4,0,3176.4,0,138,1.6,3.8,2,0,0
01/08/2023 21:13:00,SVDT1,27.6,95.4,0,3176.4,0,119,0.8,1.1,2,0,0
01/08/2023 21:14:00,SVDT1,27.6,95.5,0,3176.4,0,75,0.7,1.9,2,0,0
01/08/2023 21:15:00,SVDT1,27.6,95.4,0,3176.4,0,95,1.3,2.8,2,0,0
01/08/2023 21:16:00,SVDT1,27.6,95.5,0,3176.4,0,80,1,1.8,2,0,0
01/08/2023 21:17:00,SVDT1,27.6,95.5,0,3176.4,0,100,0.8,1.2,2,0,0
01/08/2023 21:18:00,SVDT1,27.6,95.5,0,3176.4,0,117,1.1,1.5,2,0,0
01/08/2023 21:19:00,SVDT1,27.6,95.5,0,3176.4,0,90,0.6,0.6,2,0,0
01/08/2023 21:20:00,SVDT1,27.6,95.5,0,3176.4,0,76,1.2,1.7,2,0,0
01/08/2023 21:21:00,SVDT1,27.6,95.6,0,3176.4,0,100,2.3,4.2,2,0,0
01/08/2023 21:22:00,SVDT1,27.6,95.6,0,3176.4,0,96,1.4,2.5,2,0,0
01/08/2023 21:23:00,SVDT1,27.6,95.6,0,3176.4,0,93,3,5.9,2,0,0
01/08/2023 21:24:00,SVDT1,27.6,95.6,0,3176.4,0,94,3.2,11.6,2,0,0
01/08/2023 21:25:00,SVDT1,27.6,95.6,0,3176.4,0,85,2.7,10.8,2,0,0
01/08/2023 21:26:00,SVDT1,27.6,95.6,0,3176.4,0,92,3.4,15.9,2,0,0
01/08/2023 21:27:00,SVDT1,27.6,95.7,0,3176.4,0,99,2.1,7.2,2,0,0
01/08/2023 21:28:00,SVDT1,27.6,95.7,0,3176.4,0,116,4.3,15.7,2,0,0
01/08/2023 21:29:00,SVDT1,27.5,95.7,0,3176.4,0,110,4.7,21.4,2,0,0
01/08/2023 21:30:00,SVDT1,27.6,95.8,0,3176.4,0,99,2.9,7.6,2,0,0
01/08/2023 21:31:00,SVDT1,27.6,95.8,0,3176.4,0,106,3.6,15.8,2,0,0
01/08/2023 21:32:00,SVDT1,27.6,95.8,0,3176.4,0,113,2.8,5.3,2,0,0
01/08/2023 21:33:00,SVDT1,27.5,95.8,0,3176.4,0,118,4.1,14.6,2,0,0
01/08/2023 21:34:00,SVDT1,27.5,95.8,0,3176.4,0,97,4,12.1,2,0,0
01/08/2023 21:35:00,SVDT1,27.5,95.7,0,3176.4,0,104,5.2,9.3,2,0,0
01/08/2023 21:36:00,SVDT1,27.5,95.7,0,3176.4,0,110,3.5,8.8,2,0,0
01/08/2023 21:37:00,SVDT1,27.5,95.7,0,3176.4,0,174,3.6,13,2,0,0
01/08/2023 21:38:00,SVDT1,27.6,95.7,0,3176.4,0,88,4.7,24.4,2,0,0
01/08/2023 21:39:00,SVDT1,27.6,95.6,0,3176.4,0,147,4.7,14.2,2,0,0
01/08/2023 21:40:00,SVDT1,27.6,95.6,0,3176.4,0,115,4.2,24.7,2,0,0
01/08/2023 21:41:00,SVDT1,27.6,95.6,0,3176.4,0,83,2.4,5.8,2,0,0
01/08/2023 21:42:00,SVDT1,27.6,95.6,0,3176.4,0,75,4.3,12.6,2,0,0
01/08/2023 21:43:00,SVDT1,27.6,95.6,0,3176.4,0,104,2.9,9.1,2,0,0
01/08/2023 21:44:00,SVDT1,27.6,95.7,0,3176.4,0,109,4.9,18.1,2,0,0
01/08/2023 21:45:00,SVDT1,27.6,95.6,0,3176.4,0,92,3.3,20.3,2,0,0
01/08/2023 21:46:00,SVDT1,27.6,95.6,0,3176.4,0,101,5.1,20.8,2,0,0
01/08/2023 21:47:00,SVDT1,27.6,95.6,0,3176.4,0,100,4.1,11.8,2,0,0
01/08/2023 21:48:00,SVDT1,27.6,95.6,0,3176.4,0,105,4.2,13,2,0,0
01/08/2023 21:49:00,SVDT1,27.6,95.5,0,3176.4,0,91,3,12.5,2,0,0
01/08/2023 21:50:00,SVDT1,27.6,95.5,0,3176.4,0,102,3.3,8.8,2,0,0
01/08/2023 21:51:00,SVDT1,27.6,95.6,0,3176.4,0,100,2.5,9.2,2,0,0
01/08/2023 21:52:00,SVDT1,27.6,95.5,0,3176.4,0,94,2,4.7,2,0,0
01/08/2023 21:53:00,SVDT1,27.6,95.5,0,3176.4,0,113,4.2,15.6,2,0,0
01/08/2023 21:54:00,SVDT1,27.6,95.5,0,3176.4,0,112,3.3,6.7,2,0,0
01/08/2023 21:55:00,SVDT1,27.6,95.5,0,3176.4,0,97,3.3,8.6,2,0,0
01/08/2023 21:56:00,SVDT1,27.6,95.5,0,3176.4,0,93,2.2,8.3,2,0,0
01/08/2023 21:57:00,SVDT1,27.6,95.5,0,3176.4,0,109,1.8,3.9,2,0,0
01/08/2023 21:58:00,SVDT1,27.6,95.5,0,3176.4,0,93,2,9.8,2,0,0
01/08/2023 21:59:00,SVDT1,27.6,95.5,0,3176.4,0,120,2.1,12.3,2,0,0
01/08/2023 22:00:00,SVDT1,27.6,95.5,0,3176.4,0,127,1.4,13.2,2,0,0
01/08/2023 22:01:00,SVDT1,27.6,95.5,0,3176.4,0,104,2.2,7.6,2,0,0
01/08/2023 22:02:00,SVDT1,27.6,95.5,0,3176.4,0,105,1.7,4.6,2,0,0
01/08/2023 22:03:00,SVDT1,27.6,95.5,0,3176.4,0,112,1.9,5.1,2,0,0
01/08/2023 22:04:00,SVDT1,27.6,95.5,0,3176.4,0,104,0.9,1.1,2,0,0
01/08/2023 22:05:00,SVDT1,27.6,95.5,0,3176.4,0,95,2.6,6.9,2,0,0
01/08/2023 22:06:00,SVDT1,27.6,95.5,0,3176.4,0,72,2.3,6.6,2,0,0
01/08/2023 22:07:00,SVDT1,27.6,95.5,0,3176.4,0,83,2.1,8.2,2,0,0
01/08/2023 22:08:00,SVDT1,27.6,95.5,0,3176.4,0,115,1.6,10.8,2,0,0
01/08/2023 22:09:00,SVDT1,27.6,95.4,0,3176.4,0,76,3.5,16.1,2,0,0
01/08/2023 22:10:00,SVDT1,27.6,95.4,0,3176.4,0,94,1.5,13.7,2,0,0
01/08/2023 22:11:00,SVDT1,27.6,95.4,0,3176.4,0,81,2.1,7.5,2,0,0
01/08/2023 22:12:00,SVDT1,27.6,95.4,0,3176.4,0,92,2.2,3.1,2,0,0
01/08/2023 22:13:00,SVDT1,27.6,95.3,0,3176.4,0,118,2.5,7.7,2,0,0
01/08/2023 22:14:00,SVDT1,27.6,95.4,0,3176.4,0,91,1.8,3,2,0,0
01/08/2023 22:15:00,SVDT1,27.6,95.4,0,3176.4,0,127,1.9,3.6,2,0,0
01/08/2023 22:16:00,SVDT1,27.6,95.3,0,3176.4,0,115,2,4.6,2,0,0
01/08/2023 22:17:00,SVDT1,27.6,95.3,0,3176.4,0,114,2.8,7.8,2,0,0
01/08/2023 22:18:00,SVDT1,27.6,95.3,0,3176.4,0,86,2.6,6.1,2,0,0
01/08/2023 22:19:00,SVDT1,27.6,95.2,0,3176.4,0,88,1.7,3.6,2,0,0
01/08/2023 22:20:00,SVDT1,27.6,95.2,0,3176.4,0,67,1.8,16.9,2,0,0
01/08/2023 22:21:00,SVDT1,27.6,95.2,0,3176.4,0,105,1.5,2,2,0,0
01/08/2023 22:22:00,SVDT1,27.6,95.1,0,3176.4,0,86,2.6,6.9,2,0,0
01/08/2023 22:23:00,SVDT1,27.6,95.2,0,3176.4,0,100,2.7,18.9,2,0,0
01/08/2023 22:24:00,SVDT1,27.6,95.1,0,3176.4,0,101,1.4,3.4,2,0,0
01/08/2023 22:25:00,SVDT1,27.6,95.2,0,3176.4,0,114,3,13.1,2,0,0
01/08/2023 22:26:00,SVDT1,27.6,95.1,0,3176.4,0,127,2.4,7,2,0,0
01/08/2023 22:27:00,SVDT1,27.6,95.1,0,3176.4,0,105,1.4,4.1,2,0,0
01/08/2023 22:28:00,SVDT1,27.6,95.1,0,3176.4,0,112,2,6.5,2,0,0
01/08/2023 22:29:00,SVDT1,27.6,95.1,0,3176.4,0,164,1.3,5.4,2,0,0
01/08/2023 22:30:00,SVDT1,27.6,95.1,0,3176.4,0,68,2.4,6.4,2,0,0
01/08/2023 22:31:00,SVDT1,27.6,95.1,0,3176.4,0,96,1.2,1.5,2,0,0
01/08/2023 22:32:00,SVDT1,27.6,95.1,0,3176.4,0,92,2.2,5.1,2,0,0
01/08/2023 22:33:00,SVDT1,27.6,95.0,0,3176.4,0,89,1.5,3.6,2,0,0
01/08/2023 22:34:00,SVDT1,27.6,95.0,0,3176.4,0,121,1.3,4.7,2,0,0
01/08/2023 22:35:00,SVDT1,27.6,95.1,0,3176.4,0,98,2.1,4.4,2,0,0
01/08/2023 22:36:00,SVDT1,27.6,95.0,0,3176.4,0,108,1.5,4.6,2,0,0
01/08/2023 22:37:00,SVDT1,27.6,95.0,0,3176.4,0,96,1.7,5.4,2,0,0
01/08/2023 22:38:00,SVDT1,27.6,94.9,0,3176.4,0,100,1.1,2.2,2,0,0
01/08/2023 22:39:00,SVDT1,27.6,94.9,0,3176.4,0,119,1.7,7.7,2,0,0
01/08/2023 22:40:00,SVDT1,27.6,94.9,0,3176.4,0,109,1.9,4.1,2,0,0
01/08/2023 22:41:00,SVDT1,27.6,94.9,0,3176.4,0,92,1.5,2.4,2,0,0
01/08/2023 22:42:00,SVDT1,27.6,94.9,0,3176.4,0,71,1.5,3.6,2,0,0
01/08/2023 22:43:00,SVDT1,27.6,94.9,0,3176.4,0,103,2.4,5.9,2,0,0
01/08/2023 22:44:00,SVDT1,27.6,95.0,0,3176.4,0,93,1.5,4.3,2,0,0
01/08/2023 22:45:00,SVDT1,27.6,95.1,0,3176.4,0,84,0.5,1,2,0,0
01/08/2023 22:46:00,SVDT1,27.6,95.0,0,3176.4,0,96,1,1.2,2,0,0
01/08/2023 22:47:00,SVDT1,27.6,95.1,0,3176.4,0,112,1.9,7.7,2,0,0
01/08/2023 22:48:00,SVDT1,27.6,95.0,0,3176.4,0,102,1.5,2.7,2,0,0
01/08/2023 22:49:00,SVDT1,27.6,95.0,0,3176.4,0,86,1.6,4.1,2,0,0
01/08/2023 22:50:00,SVDT1,27.6,95.0,0,3176.4,0,103,2,5.6,2,0,0
01/08/2023 22:51:00,SVDT1,27.6,94.9,0,3176.4,0,139,0.7,1.8,2,0,0
01/08/2023 22:52:00,SVDT1,27.6,94.9,0,3176.4,0,110,0.9,3.1,2,0,0
01/08/2023 22:53:00,SVDT1,27.6,94.8,0,3176.4,0,119,1.6,5.4,2,0,0
01/08/2023 22:54:00,SVDT1,27.6,94.8,0,3176.4,0,92,0.9,1.2,2,0,0
01/08/2023 22:55:00,SVDT1,27.6,94.8,0,3176.4,0,114,1.2,8.4,2,0,0
01/08/2023 22:56:00,SVDT1,27.6,94.8,0,3176.4,0,96,1.5,2.4,2,0,0
01/08/2023 22:57:00,SVDT1,27.6,94.8,0,3176.4,0,126,2.1,4.3,2,0,0
01/08/2023 22:58:00,SVDT1,27.6,94.9,0,3176.4,0,92,0.7,1.2,2,0,0
01/08/2023 22:59:00,SVDT1,27.6,94.9,0,3176.4,0,133,0.4,0.8,2,0,0
01/08/2023 23:00:00,SVDT1,27.6,94.9,0,3176.4,0,100,1.1,10.4,2,0,0
01/08/2023 23:01:00,SVDT1,27.6,94.9,0,3176.4,0,79,0.8,1.2,2,0,0
01/08/2023 23:02:00,SVDT1,27.6,95.0,0,3176.4,0,110,1.2,2.4,2,0,0
01/08/2023 23:03:00,SVDT1,27.6,95.1,0,3176.4,0,89,0.7,1,2,0,0
01/08/2023 23:04:00,SVDT1,27.6,95.1,0,3176.4,0,123,0.5,0.7,2,0,0
01/08/2023 23:05:00,SVDT1,27.5,95.2,0,3176.4,0,100,1,9.4,2,0,0
01/08/2023 23:06:00,SVDT1,27.5,95.2,0,3176.4,0,104,1.1,10.5,2,0,0
01/08/2023 23:07:00,SVDT1,27.5,95.2,0,3176.4,0,110,1,3.1,2,0,0
01/08/2023 23:08:00,SVDT1,27.5,95.2,0,3176.4,0,80,1,1.7,2,0,0
01/08/2023 23:09:00,SVDT1,27.5,95.3,0,3176.4,0,83,0.3,0.4,2,0,0
01/08/2023 23:10:00,SVDT1,27.5,95.2,0,3176.4,0,72,0.3,0.3,2,0,0
01/08/2023 23:11:00,SVDT1,27.5,95.3,0,3176.4,0,92,0.7,2.7,2,0,0
01/08/2023 23:12:00,SVDT1,27.5,95.3,0,3176.4,0,81,0.9,2.1,2,0,0
01/08/2023 23:13:00,SVDT1,27.5,95.2,0,3176.4,0,58,0.5,0.5,2,0,0
01/08/2023 23:14:00,SVDT1,27.5,95.3,0,3176.4,0,119,0.9,1.5,2,0,0
01/08/2023 23:15:00,SVDT1,27.5,95.3,0,3176.4,0,92,0.8,1.8,2,0,0
01/08/2023 23:16:00,SVDT1,27.5,95.3,0,3176.4,0,91,0.4,0.4,2,0,0
01/08/2023 23:17:00,SVDT1,27.5,95.3,0,3176.4,0,103,0.5,0.6,2,0,0
01/08/2023 23:18:00,SVDT1,27.5,95.4,0,3176.4,0,84,0.5,0.5,2,0,0
01/08/2023 23:19:00,SVDT1,27.5,95.4,0,3176.4,0,95,0.6,0.6,2,0,0
01/08/2023 23:20:00,SVDT1,27.5,95.4,0,3176.4,0,113,0.8,1.2,2,0,0
01/08/2023 23:21:00,SVDT1,27.5,95.4,0,3176.4,0,104,0.9,1.8,2,0,0
01/08/2023 23:22:00,SVDT1,27.5,95.4,0,3176.4,0,86,0.8,0.8,2,0,0
01/08/2023 23:23:00,SVDT1,27.5,95.4,0,3176.4,0,96,0.7,1.6,2,0,0
01/08/2023 23:24:00,SVDT1,27.5,95.4,0,3176.4,0,105,0.7,0.9,2,0,0
01/08/2023 23:25:00,SVDT1,27.5,95.4,0,3176.4,0,85,0.5,1.3,2,0,0
01/08/2023 23:26:00,SVDT1,27.5,95.4,0,3176.4,0,80,0.4,4,2,0,0
01/08/2023 23:27:00,SVDT1,27.5,95.5,0,3176.4,0,92,0.6,1,2,0,0
01/08/2023 23:28:00,SVDT1,27.5,95.5,0,3176.4,0,96,0.5,1.1,2,0,0
01/08/2023 23:29:00,SVDT1,27.5,95.6,0,3176.4,0,133,0.5,0.8,2,0,0
01/08/2023 23:30:00,SVDT1,27.5,95.6,0,3176.4,0,110,0.6,1,2,0,0
01/08/2023 23:31:00,SVDT1,27.5,95.6,0,3176.4,0,74,0.4,0.4,2,0,0
01/08/2023 23:32:00,SVDT1,27.5,95.6,0,3176.4,0,96,0.9,2.2,2,0,0
01/08/2023 23:33:00,SVDT1,27.5,95.6,0,3176.4,0,93,0.9,1.2,2,0,0
01/08/2023 23:34:00,SVDT1,27.5,95.6,0,3176.4,0,120,0.8,0.8,2,0,0
01/08/2023 23:35:00,SVDT1,27.4,95.7,0,3176.4,0,81,1,2,2,0,0
01/08/2023 23:36:00,SVDT1,27.4,95.7,0,3176.4,0,107,0.5,2.5,2,0,0
01/08/2023 23:37:00,SVDT1,27.4,95.7,0,3176.4,0,106,0.5,0.9,2,0,0
01/08/2023 23:38:00,SVDT1,27.4,95.7,0,3176.4,0,106,0.8,1.7,2,0,0
01/08/2023 23:39:00,SVDT1,27.4,95.7,0,3176.4,0,125,0.7,1.4,2,0,0
01/08/2023 23:40:00,SVDT1,27.4,95.8,0,3176.4,0,101,0.5,0.9,2,0,0
01/08/2023 23:41:00,SVDT1,27.4,95.8,0,3176.4,0,95,0.5,0.5,2,0,0
01/08/2023 23:42:00,SVDT1,27.4,95.8,0,3176.4,0,110,0.4,0.4,2,0,0
01/08/2023 23:43:00,SVDT1,27.4,95.8,0,3176.4,0,123,0.7,0.9,2,0,0
01/08/2023 23:44:00,SVDT1,27.4,95.8,0,3176.4,0,120,0.5,0.9,2,0,0
01/08/2023 23:45:00,SVDT1,27.4,95.7,0,3176.4,0,135,1.3,4.9,2,0,0
01/08/2023 23:46:00,SVDT1,27.5,95.7,0,3176.4,0,152,1,1.9,2,0,0
01/08/2023 23:47:00,SVDT1,27.5,95.7,0,3176.4,0,107,0.6,1,2,0,0
01/08/2023 23:48:00,SVDT1,27.5,95.7,0,3176.4,0,96,1,1.9,2,0,0
01/08/2023 23:49:00,SVDT1,27.4,95.8,0,3176.4,0,109,0.6,0.9,2,0,0
01/08/2023 23:50:00,SVDT1,27.4,95.8,0,3176.4,0,92,0.5,0.9,2,0,0
01/08/2023 23:51:00,SVDT1,27.4,95.8,0,3176.4,0,113,0.2,0.3,2,0,0
01/08/2023 23:52:00,SVDT1,27.4,95.9,0,3176.4,0,90,0.3,0.4,2,0,0
01/08/2023 23:53:00,SVDT1,27.4,95.9,0,3176.4,0,188,0.5,0.8,2,0,0
01/08/2023 23:54:00,SVDT1,27.4,95.9,0,3176.4,0,100,0.6,1,2,0,0
01/08/2023 23:55:00,SVDT1,27.4,95.9,0,3176.4,0,102,0.4,0.4,2,0,0
01/08/2023 23:56:00,SVDT1,27.4,95.9,0,3176.4,0,127,0.5,0.6,2,0,0
01/08/2023 23:57:00,SVDT1,27.4,95.9,0,3176.4,0,118,0.2,0.2,2,0,0
01/08/2023 23:58:00,SVDT1,27.4,96.0,0,3176.4,0,117,0.4,0.4,2,0,0
01/08/2023 23:59:00,SVDT1,27.4,96.0,0,3176.4,0,98,0.7,1.5,2,0,0
02/08/2023 00:00:00,SVDT1,27.4,95.9,0,3176.4,0,97,0.5,0.5,2,0,0
02/08/2023 00:01:00,SVDT1,27.4,96.0,0,3176.4,0,134,0.5,0.7,2,0,0
02/08/2023 00:02:00,SVDT1,27.4,95.9,0,3176.4,0,111,0.3,0.5,2,0,0
02/08/2023 00:03:00,SVDT1,27.4,95.9,0,3176.4,0,110,0.4,0.6,2,0,0
02/08/2023 00:04:00,SVDT1,27.4,95.9,0,3176.4,0,84,0.4,0.4,2,0,0
02/08/2023 00:05:00,SVDT1,27.4,95.9,0,3176.4,0,86,0.1,0.1,2,0,0
02/08/2023 00:06:00,SVDT1,27.5,95.9,0,3176.4,0,82,0.4,0.5,2,0,0
02/08/2023 00:07:00,SVDT1,27.4,95.9,0,3176.4,0,147,0.5,0.8,2,0,0
02/08/2023 00:08:00,SVDT1,27.4,95.9,0,3176.4,0,69,0.5,0.7,2,0,0
02/08/2023 00:09:00,SVDT1,27.4,96.0,0,3176.4,0,116,0.4,1.8,2,0,0
02/08/2023 00:10:00,SVDT1,27.4,96.0,0,3176.4,0,77,0.9,4,2,0,0
02/08/2023 00:11:00,SVDT1,27.4,96.0,0,3176.4,0,135,0.6,0.6,2,0,0
02/08/2023 00:12:00,SVDT1,27.4,96.0,0,3176.4,0,101,0.8,1.1,2,0,0
02/08/2023 00:13:00,SVDT1,27.4,96.1,0,3176.4,0,134,0.3,0.3,2,0,0
02/08/2023 00:14:00,SVDT1,27.4,96.1,0,3176.4,0,108,0.8,1.5,2,0,0
02/08/2023 00:15:00,SVDT1,27.4,96.1,0,3176.4,0,90,0.6,2.7,2,0,0
02/08/2023 00:16:00,SVDT1,27.3,96.1,0,3176.4,0,123,1.3,2.7,2,0,0
02/08/2023 00:17:00,SVDT1,27.4,96.1,0,3176.4,0,96,0.8,1.4,2,0,0
02/08/2023 00:18:00,SVDT1,27.4,96.0,0,3176.4,0,79,0.3,0.5,2,0,0
02/08/2023 00:19:00,SVDT1,27.4,96.0,0,3176.4,0,108,0.6,0.7,2,0,0
02/08/2023 00:20:00,SVDT1,27.4,95.9,0,3176.4,0,93,0.3,0.3,2,0,0
02/08/2023 00:21:00,SVDT1,27.4,95.9,0,3176.4,0,99,1.2,3.5,2,0,0
02/08/2023 00:22:00,SVDT1,27.4,96.0,0,3176.4,0,96,0.5,0.9,2,0,0
02/08/2023 00:23:00,SVDT1,27.3,96.0,0,3176.4,0,100,0.6,0.6,2,0,0
02/08/2023 00:24:00,SVDT1,27.3,96.0,0,3176.4,0,127,1,2.1,2,0,0
02/08/2023 00:25:00,SVDT1,27.3,96.0,0,3176.4,0,96,0.4,0.5,2,0,0
02/08/2023 00:26:00,SVDT1,27.3,96.1,0,3176.4,0,104,0.4,0.5,2,0,0
02/08/2023 00:27:00,SVDT1,27.3,96.1,0,3176.4,0,95,0.5,1.2,2,0,0
02/08/2023 00:28:00,SVDT1,27.3,96.1,0,3176.4,0,120,0.7,1.4,2,0,0
02/08/2023 00:29:00,SVDT1,27.3,96.1,0,3176.4,0,102,0.5,0.8,2,0,0
02/08/2023 00:30:00,SVDT1,27.3,96.1,0,3176.4,0,77,0.4,0.5,2,0,0
02/08/2023 00:31:00,SVDT1,27.3,96.1,0,3176.4,0,81,0.6,2.3,2,0,0
02/08/2023 00:32:00,SVDT1,27.3,96.1,0,3176.4,0,88,0.9,10.2,2,0,0
02/08/2023 00:33:00,SVDT1,27.3,96.1,0,3176.4,0,71,0.7,1.1,2,0,0
02/08/2023 00:34:00,SVDT1,27.3,96.1,0,3176.4,0,146,0.5,0.7,2,0,0
02/08/2023 00:35:00,SVDT1,27.3,96.2,0,3176.4,0,106,0.4,1.3,2,0,0
02/08/2023 00:36:00,SVDT1,27.3,96.2,0,3176.4,0,75,1.3,1.7,2,0,0
02/08/2023 00:37:00,SVDT1,27.3,96.2,0,3176.4,0,79,0.7,0.9,2,0,0
02/08/2023 00:38:00,SVDT1,27.3,96.2,0,3176.4,0,113,0.3,0.3,2,0,0
02/08/2023 00:39:00,SVDT1,27.3,96.3,0,3176.4,0,80,0.3,0.3,2,0,0
02/08/2023 00:40:00,SVDT1,27.3,96.3,0,3176.4,0,91,0.3,0.4,2,0,0
02/08/2023 00:41:00,SVDT1,27.3,96.3,0,3176.4,0,130,0.4,0.4,2,0,0
02/08/2023 00:42:00,SVDT1,27.2,96.4,0,3176.4,0,62,0.3,0.5,2,0,0
02/08/2023 00:43:00,SVDT1,27.2,96.4,0,3176.4,0,129,0.5,0.6,2,0,0
02/08/2023 00:44:00,SVDT1,27.2,96.4,0,3176.4,0,111,0.7,0.9,2,0,0
02/08/2023 00:45:00,SVDT1,27.2,96.4,0,3176.4,0,109,1.2,2.6,2,0,0
02/08/2023 00:46:00,SVDT1,27.2,96.5,0,3176.4,0,83,0.5,0.5,2,0,0
02/08/2023 00:47:00,SVDT1,27.3,96.5,0,3176.4,0,112,0.5,1.3,2,0,0
02/08/2023 00:48:00,SVDT1,27.2,96.5,0,3176.4,0,92,0.5,0.8,2,0,0
02/08/2023 00:49:00,SVDT1,27.3,96.5,0,3176.4,0,125,0.4,0.5,2,0,0
02/08/2023 00:50:00,SVDT1,27.3,96.5,0,3176.4,0,160,0.5,0.6,2,0,0
02/08/2023 00:51:00,SVDT1,27.2,96.5,0,3176.4,0,117,0.6,1.9,2,0,0
02/08/2023 00:52:00,SVDT1,27.3,96.5,0,3176.4,0,116,0.5,0.5,2,0,0
02/08/2023 00:53:00,SVDT1,27.2,96.5,0,3176.4,0,83,1,3.6,2,0,0
02/08/2023 00:54:00,SVDT1,27.2,96.5,0,3176.4,0,87,0.8,2.8,2,0,0
02/08/2023 00:55:00,SVDT1,27.2,96.6,0,3176.4,0,84,0.4,0.6,2,0,0
02/08/2023 00:56:00,SVDT1,27.2,96.6,0,3176.4,0,103,0.6,2.4,2,0,0
02/08/2023 00:57:00,SVDT1,27.2,96.6,0,3176.4,0,127,0.5,2.3,2,0,0
02/08/2023 00:58:00,SVDT1,27.2,96.6,0,3176.4,0,145,0.6,0.6,2,0,0
02/08/2023 00:59:00,SVDT1,27.2,96.6,0,3176.4,0,204,0.9,1.1,2,0,0
02/08/2023 01:00:00,SVDT1,27.2,96.7,0,3176.4,0,96,0.7,1.3,2,0,0
02/08/2023 01:01:00,SVDT1,27.2,96.7,0,3176.4,0,123,1.2,5.3,2,0,0
02/08/2023 01:02:00,SVDT1,27.2,96.7,0,3176.4,0,95,0.5,3,2,0,0
02/08/2023 01:03:00,SVDT1,27.2,96.7,0,3176.4,0,81,0.3,0.3,2,0,0
02/08/2023 01:04:00,SVDT1,27.2,96.7,0,3176.4,0,98,0.3,1.3,2,0,0
02/08/2023 01:05:00,SVDT1,27.2,96.8,0,3176.4,0,106,0.4,0.4,2,0,0
02/08/2023 01:06:00,SVDT1,27.2,96.7,0,3176.4,0,123,0.5,0.5,2,0,0
02/08/2023 01:07:00,SVDT1,27.2,96.7,0,3176.4,0,66,0.2,0.2,2,0,0
02/08/2023 01:08:00,SVDT1,27.2,96.8,0,3176.4,0,94,0.3,0.7,2,0,0
02/08/2023 01:09:00,SVDT1,27.2,96.8,0,3176.4,0,107,1.1,4.6,2,0,0
02/08/2023 01:10:00,SVDT1,27.2,96.8,0,3176.4,0,99,1.2,2.7,2,0,0
02/08/2023 01:11:00,SVDT1,27.2,96.8,0,3176.4,0,117,0.6,0.6,2,0,0
02/08/2023 01:12:00,SVDT1,27.2,96.8,0,3176.4,0,120,0.3,0.3,2,0,0
02/08/2023 01:13:00,SVDT1,27.2,96.8,0,3176.4,0,111,0.3,0.3,2,0,0
02/08/2023 01:14:00,SVDT1,27.1,96.8,0,3176.4,0,111,0.5,0.6,2,0,0
02/08/2023 01:15:00,SVDT1,27.2,96.8,0,3176.4,0,106,0.6,0.7,2,0,0
02/08/2023 01:16:00,SVDT1,27.1,96.8,0,3176.4,0,111,0.4,0.4,2,0,0
02/08/2023 01:17:00,SVDT1,27.1,96.9,0,3176.4,0,87,0.4,0.4,2,0,0
02/08/2023 01:18:00,SVDT1,27.1,96.9,0,3176.4,0,78,0.5,0.7,2,0,0
02/08/2023 01:19:00,SVDT1,27.1,96.8,0,3176.4,0,146,0.4,0.4,2,0,0
02/08/2023 01:20:00,SVDT1,27.1,96.8,0,3176.4,0,140,0.5,0.6,2,0,0
02/08/2023 01:21:00,SVDT1,27.1,96.8,0,3176.4,0,78,0.2,0.2,2,0,0
02/08/2023 01:22:00,SVDT1,27.1,96.8,0,3176.4,0,86,0.5,0.5,2,0,0
02/08/2023 01:23:00,SVDT1,27.1,96.8,0,3176.4,0,117,0.7,0.7,2,0,0
02/08/2023 01:24:00,SVDT1,27.1,96.8,0,3176.4,0,137,1.1,1.3,2,0,0
02/08/2023 01:25:00,SVDT1,27.1,96.9,0,3176.4,0,111,0.8,2.8,2,0,0
02/08/2023 01:26:00,SVDT1,27.1,96.9,0,3176.4,0,94,0.5,0.5,2,0,0
02/08/2023 01:27:00,SVDT1,27.1,96.9,0,3176.4,0,108,0.3,0.3,2,0,0
02/08/2023 01:28:00,SVDT1,27.1,96.9,0,3176.4,0,90,0.5,1.1,2,0,0
02/08/2023 01:29:00,SVDT1,27.1,96.9,0,3176.4,0,130,0.6,3.3,2,0,0
02/08/2023 01:30:00,SVDT1,27.1,96.9,0,3176.4,0,106,0.6,0.6,2,0,0
02/08/2023 01:31:00,SVDT1,27.1,96.9,0,3176.4,0,95,0.7,1,2,0,0
02/08/2023 01:32:00,SVDT1,27.1,96.9,0,3176.4,0,132,1.1,1.9,2,0,0
02/08/2023 01:33:00,SVDT1,27.1,97.0,0,3176.4,0,108,1,1.6,2,0,0
02/08/2023 01:34:00,SVDT1,27.1,97.0,0,3176.4,0,147,0.7,2.7,2,0,0
02/08/2023 01:35:00,SVDT1,27.1,97.0,0,3176.4,0,88,0.6,0.6,2,0,0
02/08/2023 01:36:00,SVDT1,27.1,97.0,0,3176.4,0,100,0.8,1.8,2,0,0
02/08/2023 01:37:00,SVDT1,27.0,97.0,0,3176.4,0,148,0.9,4,2,0,0
02/08/2023 01:38:00,SVDT1,27.0,97.1,0,3176.4,0,89,0.7,1,2,0,0
02/08/2023 01:39:00,SVDT1,27.0,97.1,0,3176.4,0,93,0.5,0.5,2,0,0
02/08/2023 01:40:00,SVDT1,27.0,97.1,0,3176.4,0,115,0.8,7.3,2,0,0
02/08/2023 01:41:00,SVDT1,27.0,97.1,0,3176.4,0,109,0.3,3.7,2,0,0
02/08/2023 01:42:00,SVDT1,27.0,97.1,0,3176.4,0,124,0.2,0.3,2,0,0
02/08/2023 01:43:00,SVDT1,27.0,97.1,0,3176.4,0,108,0.5,0.6,2,0,0
02/08/2023 01:44:00,SVDT1,27.0,97.1,0,3176.4,0,64,1.1,2.2,2,0,0
02/08/2023 01:45:00,SVDT1,27.0,97.2,0,3176.4,0,117,0.3,1.8,2,0,0
02/08/2023 01:46:00,SVDT1,27.0,97.2,0,3176.4,0,93,0.7,2.1,2,0,0
02/08/2023 01:47:00,SVDT1,27.0,97.2,0,3176.4,0,131,0.7,1.2,2,0,0
02/08/2023 01:48:00,SVDT1,27.0,97.2,0,3176.4,0,115,0.5,1,2,0,0
02/08/2023 01:49:00,SVDT1,27.0,97.2,0,3176.4,0,123,0.5,0.6,2,0,0
02/08/2023 01:50:00,SVDT1,27.0,97.1,0,3176.4,0,155,0.8,2.1,2,0,0
02/08/2023 01:51:00,SVDT1,27.0,97.1,0,3176.4,0,102,0.9,1.1,2,0,0
02/08/2023 01:52:00,SVDT1,27.0,97.1,0,3176.4,0,67,0.8,1.6,2,0,0
02/08/2023 01:53:00,SVDT1,27.0,97.1,0,3176.4,0,82,0.5,5.5,2,0,0
02/08/2023 01:54:00,SVDT1,27.0,97.1,0,3176.4,0,101,0.8,2.3,2,0,0
02/08/2023 01:55:00,SVDT1,27.1,97.1,0,3176.4,0,150,0.4,0.4,2,0,0
02/08/2023 01:56:00,SVDT1,27.0,97.1,0,3176.4,0,98,0.4,0.5,2,0,0
02/08/2023 01:57:00,SVDT1,27.0,97.0,0,3176.4,0,97,1,2.1,2,0,0
02/08/2023 01:58:00,SVDT1,27.1,97.0,0,3176.4,0,88,0.6,0.8,2,0,0
02/08/2023 01:59:00,SVDT1,27.1,97.0,0,3176.4,0,102,0.5,0.5,2,0,0
02/08/2023 02:00:00,SVDT1,27.1,97.1,0,3176.4,0,99,1.9,3.3,2,0,0
02/08/2023 02:01:00,SVDT1,27.1,97.0,0,3176.4,0,66,0.6,0.7,2,0,0
02/08/2023 02:02:00,SVDT1,27.1,97.0,0,3176.4,0,89,1,2,2,0,0
02/08/2023 02:03:00,SVDT1,27.1,97.0,0,3176.4,0,120,0.8,3.8,2,0,0
02/08/2023 02:04:00,SVDT1,27.1,97.0,0,3176.4,0,94,0.9,1.3,2,0,0
02/08/2023 02:05:00,SVDT1,27.1,97.0,0,3176.4,0,89,0.5,0.7,2,0,0
02/08/2023 02:06:00,SVDT1,27.1,97.0,0,3176.4,0,128,1,1.3,2,0,0
02/08/2023 02:07:00,SVDT1,27.1,97.0,0,3176.4,0,104,1,1.5,2,0,0
02/08/2023 02:08:00,SVDT1,27.0,97.0,0,3176.4,0,126,0.6,0.7,2,0,0
02/08/2023 02:09:00,SVDT1,27.0,97.0,0,3176.4,0,99,0.4,0.4,2,0,0
02/08/2023 02:10:00,SVDT1,27.0,97.1,0,3176.4,0,84,0.6,0.7,2,0,0
02/08/2023 02:11:00,SVDT1,27.0,97.1,0,3176.4,0,94,0.6,1.3,2,0,0
02/08/2023 02:12:00,SVDT1,27.0,97.1,0,3176.4,0,119,0.6,0.6,2,0,0
02/08/2023 02:13:00,SVDT1,27.0,97.1,0,3176.4,0,101,0.5,1.8,2,0,0
02/08/2023 02:14:00,SVDT1,27.0,97.1,0,3176.4,0,109,0.9,2.5,2,0,0
02/08/2023 02:15:00,SVDT1,27.0,97.1,0,3176.4,0,89,0.3,1.4,2,0,0
02/08/2023 02:16:00,SVDT1,27.1,97.1,0,3176.4,0,125,0.6,0.7,2,0,0
02/08/2023 02:17:00,SVDT1,27.1,97.1,0,3176.4,0,75,0.6,0.7,2,0,0
02/08/2023 02:18:00,SVDT1,27.1,97.0,0,3176.4,0,97,0.6,0.7,2,0,0
02/08/2023 02:19:00,SVDT1,27.1,97.0,0,3176.4,0,115,0.7,0.8,2,0,0
02/08/2023 02:20:00,SVDT1,27.1,97.0,0,3176.4,0,103,0.4,0.4,2,0,0
02/08/2023 02:21:00,SVDT1,27.0,97.0,0,3176.4,0,123,1.1,3.6,2,0,0
02/08/2023 02:22:00,SVDT1,27.0,97.0,0,3176.4,0,110,0.5,1.6,2,0,0
02/08/2023 02:23:00,SVDT1,27.0,97.1,0,3176.4,0,82,0.5,1.7,2,0,0
02/08/2023 02:24:00,SVDT1,27.1,97.1,0,3176.4,0,114,0.4,0.7,2,0,0
02/08/2023 02:25:00,SVDT1,27.1,97.1,0,3176.4,0,105,1.1,2.1,2,0,0
02/08/2023 02:26:00,SVDT1,27.1,97.1,0,3176.4,0,104,0.5,3.2,2,0,0
02/08/2023 02:27:00,SVDT1,27.1,97.1,0,3176.4,0,143,1.1,15.4,2,0,0
02/08/2023 02:28:00,SVDT1,27.1,97.1,0,3176.4,0,104,0.8,2.8,2,0,0
02/08/2023 02:29:00,SVDT1,27.1,97.1,0,3176.4,0,138,0.8,5.3,2,0,0
02/08/2023 02:30:00,SVDT1,27.0,97.1,0,3176.4,0,74,0.6,1.4,2,0,0
02/08/2023 02:31:00,SVDT1,27.0,97.1,0,3176.4,0,140,1.1,1.7,2,0,0
02/08/2023 02:32:00,SVDT1,27.0,97.1,0,3176.4,0,108,0.8,1,2,0,0
02/08/2023 02:33:00,SVDT1,27.0,97.1,0,3176.4,0,85,0.7,1,2,0,0
02/08/2023 02:34:00,SVDT1,27.0,97.1,0,3176.4,0,63,0.5,1,2,0,0
02/08/2023 02:35:00,SVDT1,27.0,97.1,0,3176.4,0,90,0.4,0.4,2,0,0
02/08/2023 02:36:00,SVDT1,27.0,97.1,0,3176.4,0,111,0.4,0.4,2,0,0
02/08/2023 02:37:00,SVDT1,27.0,97.1,0,3176.4,0,107,0.5,1.3,2,0,0
02/08/2023 02:38:00,SVDT1,27.0,97.1,0,3176.4,0,96,0.5,2.5,2,0,0
02/08/2023 02:39:00,SVDT1,27.0,97.1,0,3176.4,0,153,0.6,1.1,2,0,0
02/08/2023 02:40:00,SVDT1,27.0,97.1,0,3176.4,0,93,0.7,2.1,2,0,0
02/08/2023 02:41:00,SVDT1,27.0,97.1,0,3176.4,0,80,0.8,1.3,2,0,0
02/08/2023 02:42:00,SVDT1,27.0,97.1,0,3176.4,0,95,0.8,1.3,2,0,0
02/08/2023 02:43:00,SVDT1,27.0,97.0,0,3176.4,0,115,0.9,1.5,2,0,0
02/08/2023 02:44:00,SVDT1,27.0,97.1,0,3176.4,0,151,0.5,0.7,2,0,0
02/08/2023 02:45:00,SVDT1,27.0,97.0,0,3176.4,0,103,0.7,1,2,0,0
02/08/2023 02:46:00,SVDT1,27.0,97.0,0,3176.4,0,80,1.2,4.6,2,0,0
02/08/2023 02:47:00,SVDT1,27.0,97.0,0,3176.4,0,71,0.8,0.8,2,0,0
02/08/2023 02:48:00,SVDT1,27.0,97.1,0,3176.4,0,92,0.2,0.2,2,0,0
02/08/2023 02:49:00,SVDT1,27.0,97.1,0,3176.4,0,104,0.3,0.3,2,0,0
02/08/2023 02:50:00,SVDT1,27.0,97.1,0,3176.4,0,78,0.7,2.3,2,0,0
02/08/2023 02:51:00,SVDT1,27.0,97.1,0,3176.4,0,114,0.4,0.7,2,0,0
02/08/2023 02:52:00,SVDT1,27.0,97.1,0,3176.4,0,91,0.6,0.7,2,0,0
02/08/2023 02:53:00,SVDT1,27.0,97.1,0,3176.4,0,95,0.6,1.1,2,0,0
02/08/2023 02:54:00,SVDT1,27.0,97.0,0,3176.4,0,105,0.8,2.1,2,0,0
02/08/2023 02:55:00,SVDT1,27.0,97.0,0,3176.4,0,87,1.4,3.4,2,0,0
02/08/2023 02:56:00,SVDT1,27.0,97.1,0,3176.4,0,121,0.9,1.1,2,0,0
02/08/2023 02:57:00,SVDT1,27.0,97.1,0,3176.4,0,113,0.6,0.6,2,0,0
02/08/2023 02:58:00,SVDT1,27.0,97.1,0,3176.4,0,126,0.5,1.5,2,0,0
02/08/2023 02:59:00,SVDT1,27.0,97.1,0,3176.4,0,98,0.7,2.9,2,0,0
02/08/2023 03:00:00,SVDT1,27.0,97.1,0,3176.4,0,94,0.6,0.8,2,0,0
02/08/2023 03:01:00,SVDT1,27.0,97.1,0,3176.4,0,101,0.6,0.8,2,0,0
02/08/2023 03:02:00,SVDT1,27.0,97.1,0,3176.4,0,117,0.8,1.3,2,0,0
02/08/2023 03:03:00,SVDT1,27.0,97.0,0,3176.4,0,95,0.9,1.4,2,0,0
02/08/2023 03:04:00,SVDT1,27.0,97.0,0,3176.4,0,163,0.8,1.9,2,0,0
02/08/2023 03:05:00,SVDT1,27.0,97.0,0,3176.4,0,78,0.5,0.6,2,0,0
02/08/2023 03:06:00,SVDT1,27.0,97.0,0,3176.4,0,116,0.9,2.1,2,0,0
02/08/2023 03:07:00,SVDT1,27.0,97.0,0,3176.4,0,77,0.6,0.7,2,0,0
02/08/2023 03:08:00,SVDT1,27.0,97.0,0,3176.4,0,104,0.7,0.9,2,0,0
02/08/2023 03:09:00,SVDT1,27.0,97.0,0,3176.4,0,73,0.7,1,2,0,0
02/08/2023 03:10:00,SVDT1,27.0,97.1,0,3176.4,0,98,0.6,2.2,2,0,0
02/08/2023 03:11:00,SVDT1,27.0,97.1,0,3176.4,0,103,0.5,4,2,0,0
02/08/2023 03:12:00,SVDT1,27.0,97.1,0,3176.4,0,89,0.6,1.7,2,0,0
02/08/2023 03:13:00,SVDT1,27.0,97.1,0,3176.4,0,122,0.4,0.4,2,0,0
02/08/2023 03:14:00,SVDT1,27.0,97.1,0,3176.4,0,102,0.6,1,2,0,0
02/08/2023 03:15:00,SVDT1,27.0,97.1,0,3176.4,0,92,0.5,0.6,2,0,0
02/08/2023 03:16:00,SVDT1,27.0,97.1,0,3176.4,0,186,0.4,0.4,2,0,0
02/08/2023 03:17:00,SVDT1,27.0,97.1,0,3176.4,0,90,0.5,0.5,2,0,0
02/08/2023 03:18:00,SVDT1,27.0,97.1,0,3176.4,0,84,0.4,1.2,2,0,0
02/08/2023 03:19:00,SVDT1,27.0,97.1,0,3176.4,0,122,0.6,1.1,2,0,0
02/08/2023 03:20:00,SVDT1,27.0,97.1,0,3176.4,0,155,0.5,0.6,2,0,0
02/08/2023 03:21:00,SVDT1,27.0,97.1,0,3176.4,0,87,0.9,1.7,2,0,0
02/08/2023 03:22:00,SVDT1,27.0,97.1,0,3176.4,0,85,0.5,0.5,2,0,0
02/08/2023 03:23:00,SVDT1,27.0,97.1,0,3176.4,0,129,0.3,0.3,2,0,0
02/08/2023 03:24:00,SVDT1,27.0,97.1,0,3176.4,0,107,0.4,0.4,2,0,0
02/08/2023 03:25:00,SVDT1,27.0,97.1,0,3176.4,0,73,0.5,2.4,2,0,0
02/08/2023 03:26:00,SVDT1,27.0,97.1,0,3176.4,0,75,0.5,0.6,2,0,0
02/08/2023 03:27:00,SVDT1,27.0,97.1,0,3176.4,0,114,0.7,0.7,2,0,0
02/08/2023 03:28:00,SVDT1,27.0,97.2,0,3176.4,0,95,0.5,0.7,2,0,0
02/08/2023 03:29:00,SVDT1,27.0,97.2,0,3176.4,0,90,1.1,1.2,2,0,0
02/08/2023 03:30:00,SVDT1,27.0,97.2,0,3176.4,0,112,1.1,2.1,2,0,0
02/08/2023 03:31:00,SVDT1,27.0,97.2,0,3176.4,0,143,0.9,2.2,2,0,0
02/08/2023 03:32:00,SVDT1,27.0,97.2,0,3176.4,0,83,0.9,1,2,0,0
02/08/2023 03:33:00,SVDT1,27.0,97.2,0,3176.4,0,93,0.6,1.5,2,0,0
02/08/2023 03:34:00,SVDT1,27.0,97.2,0,3176.4,0,97,0.6,1.4,2,0,0
02/08/2023 03:35:00,SVDT1,27.0,97.2,0,3176.4,0,146,0.5,1.1,2,0,0
02/08/2023 03:36:00,SVDT1,27.0,97.2,0,3176.4,0,138,0.2,0.2,2,0,0
02/08/2023 03:37:00,SVDT1,27.0,97.3,0,3176.4,0,142,0.3,0.3,2,0,0
02/08/2023 03:38:00,SVDT1,27.0,97.3,0,3176.4,0,121,0.2,0.2,2,0,0
02/08/2023 03:39:00,SVDT1,27.0,97.4,0,3176.4,0,111,0.5,0.5,2,0,0
02/08/2023 03:40:00,SVDT1,27.0,97.4,0,3176.4,0,158,0.7,0.8,2,0,0
02/08/2023 03:41:00,SVDT1,27.0,97.4,0,3176.4,0,139,2,2.8,2,0,0
02/08/2023 03:42:00,SVDT1,27.0,97.3,0,3176.4,0,82,0.7,0.7,2,0,0
02/08/2023 03:43:00,SVDT1,27.0,97.4,0,3176.4,0,122,0.2,0.2,2,0,0
02/08/2023 03:44:00,SVDT1,27.0,97.4,0,3176.4,0,91,0.6,0.7,2,0,0
02/08/2023 03:45:00,SVDT1,27.0,97.4,0,3176.4,0,99,0.6,0.8,2,0,0
02/08/2023 03:46:00,SVDT1,27.0,97.3,0,3176.4,0,68,0.6,2.4,2,0,0
02/08/2023 03:47:00,SVDT1,27.0,97.4,0,3176.4,0,127,0.6,2.5,2,0,0
02/08/2023 03:48:00,SVDT1,27.0,97.4,0,3176.4,0,132,0.3,0.4,2,0,0
02/08/2023 03:49:00,SVDT1,27.0,97.4,0,3176.4,0,86,1,1.8,2,0,0
02/08/2023 03:50:00,SVDT1,27.0,97.4,0,3176.4,0,110,0.6,1.1,2,0,0
02/08/2023 03:51:00,SVDT1,27.0,97.4,0,3176.4,0,88,0.6,1,2,0,0
02/08/2023 03:52:00,SVDT1,27.0,97.5,0,3176.4,0,142,1,6.2,2,0,0
02/08/2023 03:53:00,SVDT1,27.0,97.5,0,3176.4,0,103,0.6,5.1,2,0,0
02/08/2023 03:54:00,SVDT1,27.0,97.5,0,3176.4,0,65,1.2,1.5,2,0,0
02/08/2023 03:55:00,SVDT1,27.0,97.5,0,3176.4,0,102,1.4,3.3,2,0,0
02/08/2023 03:56:00,SVDT1,27.0,97.5,0,3176.4,0,97,0.6,1.9,2,0,0
02/08/2023 03:57:00,SVDT1,27.0,97.5,0,3176.4,0,150,0.4,0.4,2,0,0
02/08/2023 03:58:00,SVDT1,26.9,97.5,0,3176.4,0,117,0.5,0.8,2,0,0
02/08/2023 03:59:00,SVDT1,26.9,97.5,0,3176.4,0,106,1.1,1.9,2,0,0
02/08/2023 04:00:00,SVDT1,27.0,97.5,0,3176.4,0,101,0.4,0.4,2,0,0
02/08/2023 04:01:00,SVDT1,26.9,97.5,0,3176.4,0,89,0.4,0.5,2,0,0
02/08/2023 04:02:00,SVDT1,26.9,97.5,0,3176.4,0,103,0.5,0.5,2,0,0
02/08/2023 04:03:00,SVDT1,26.9,97.5,0,3176.4,0,88,0.4,0.4,2,0,0
02/08/2023 04:04:00,SVDT1,26.9,97.5,0,3176.4,0,101,0.9,1.8,2,0,0
02/08/2023 04:05:00,SVDT1,27.0,97.5,0,3176.4,0,100,1.3,1.7,2,0,0
02/08/2023 04:06:00,SVDT1,27.0,97.5,0,3176.4,0,135,0.5,0.6,2,0,0
02/08/2023 04:07:00,SVDT1,27.0,97.4,0,3176.4,0,99,0.4,0.5,2,0,0
02/08/2023 04:08:00,SVDT1,27.0,97.4,0,3176.4,0,119,0.4,0.5,2,0,0
02/08/2023 04:09:00,SVDT1,27.0,97.4,0,3176.4,0,129,0.4,0.4,2,0,0
02/08/2023 04:10:00,SVDT1,27.0,97.3,0,3176.4,0,97,0.7,0.8,2,0,0
02/08/2023 04:11:00,SVDT1,27.0,97.4,0,3176.4,0,102,0.7,1.1,2,0,0
02/08/2023 04:12:00,SVDT1,27.0,97.4,0,3176.4,0,92,1.1,4.4,2,0,0
02/08/2023 04:13:00,SVDT1,27.0,97.4,0,3176.4,0,109,0.6,0.9,2,0,0
02/08/2023 04:14:00,SVDT1,26.9,97.4,0,3176.4,0,111,0.4,0.4,2,0,0
02/08/2023 04:15:00,SVDT1,27.0,97.4,0,3176.4,0,112,0.7,0.9,2,0,0
02/08/2023 04:16:00,SVDT1,26.9,97.4,0,3176.4,0,108,0.6,0.8,2,0,0
02/08/2023 04:17:00,SVDT1,27.0,97.4,0,3176.4,0,76,0.8,1,2,0,0
02/08/2023 04:18:00,SVDT1,27.0,97.4,0,3176.4,0,121,0.3,0.3,2,0,0
02/08/2023 04:19:00,SVDT1,27.0,97.4,0,3176.4,0,80,0.9,1.7,2,0,0
02/08/2023 04:20:00,SVDT1,27.0,97.3,0,3176.4,0,176,0.9,1,2,0,0
02/08/2023 04:21:00,SVDT1,27.0,97.3,0,3176.4,0,130,0.3,0.3,2,0,0
02/08/2023 04:22:00,SVDT1,27.0,97.3,0,3176.4,0,140,0.8,1,2,0,0
02/08/2023 04:23:00,SVDT1,27.0,97.3,0,3176.4,0,134,0.4,0.4,2,0,0
02/08/2023 04:24:00,SVDT1,27.0,97.3,0,3176.4,0,66,0.3,1.8,2,0,0
02/08/2023 04:25:00,SVDT1,27.0,97.3,0,3176.4,0,157,0.7,2.3,2,0,0
02/08/2023 04:26:00,SVDT1,27.0,97.3,0,3176.4,0,114,0.6,0.6,2,0,0
02/08/2023 04:27:00,SVDT1,27.0,97.3,0,3176.4,0,122,1.2,11.6,2,0,0
02/08/2023 04:28:00,SVDT1,27.0,97.3,0,3176.4,0,112,0.6,0.6,2,0,0
02/08/2023 04:29:00,SVDT1,27.0,97.3,0,3176.4,0,130,0.9,7.1,2,0,0
02/08/2023 04:30:00,SVDT1,27.0,97.3,0,3176.4,0,78,0.5,1.8,2,0,0
02/08/2023 04:31:00,SVDT1,27.0,97.2,0,3176.4,0,136,0.7,0.8,2,0,0
02/08/2023 04:32:00,SVDT1,27.0,97.2,0,3176.4,0,147,1.5,2,2,0,0
02/08/2023 04:33:00,SVDT1,27.0,97.3,0,3176.4,0,74,1,1.2,2,0,0
02/08/2023 04:34:00,SVDT1,27.0,97.3,0,3176.4,0,82,0.6,0.9,2,0,0
02/08/2023 04:35:00,SVDT1,27.0,97.3,0,3176.4,0,148,0.4,0.4,2,0,0
02/08/2023 04:36:00,SVDT1,27.0,97.2,0,3176.4,0,168,0.3,0.4,2,0,0
02/08/2023 04:37:00,SVDT1,27.1,97.2,0,3176.4,0,108,0.8,1,2,0,0
02/08/2023 04:38:00,SVDT1,27.1,97.1,0,3176.4,0,98,0.6,0.8,2,0,0
02/08/2023 04:39:00,SVDT1,27.1,97.1,0,3176.4,0,97,0.4,0.4,2,0,0
02/08/2023 04:40:00,SVDT1,27.1,97.1,0,3176.4,0,100,0.9,2.2,2,0,0
02/08/2023 04:41:00,SVDT1,27.1,97.1,0,3176.4,0,100,0.8,2.4,2,0,0
02/08/2023 04:42:00,SVDT1,27.1,97.1,0,3176.4,0,89,0.9,3.2,2,0,0
02/08/2023 04:43:00,SVDT1,27.1,97.1,0,3176.4,0,88,0.8,1.4,2,0,0
02/08/2023 04:44:00,SVDT1,27.1,97.1,0,3176.4,0,120,0.4,0.4,2,0,0
02/08/2023 04:45:00,SVDT1,27.1,97.0,0,3176.4,0,96,0.8,2.1,2,0,0
02/08/2023 04:46:00,SVDT1,27.1,97.0,0,3176.4,0,124,0.5,0.6,2,0,0
02/08/2023 04:47:00,SVDT1,27.1,97.0,0,3176.4,0,107,0.4,0.4,2,0,0
02/08/2023 04:48:00,SVDT1,27.1,97.0,0,3176.4,0,112,0.6,1.3,2,0,0
02/08/2023 04:49:00,SVDT1,27.1,97.1,0,3176.4,0,111,0.5,3,2,0,0
02/08/2023 04:50:00,SVDT1,27.1,97.1,0,3176.4,0,124,0.7,1.3,2,0,0
02/08/2023 04:51:00,SVDT1,27.1,97.0,0,3176.4,0,114,0.6,0.6,2,0,0
02/08/2023 04:52:00,SVDT1,27.1,97.0,0,3176.4,0,175,0.3,0.3,2,0,0
02/08/2023 04:53:00,SVDT1,27.1,97.1,0,3176.4,0,93,0.5,0.6,2,0,0
02/08/2023 04:54:00,SVDT1,27.1,97.1,0,3176.4,0,92,0.7,1,2,0,0
02/08/2023 04:55:00,SVDT1,27.1,97.1,0,3176.4,0,108,0.7,1.3,2,0,0
02/08/2023 04:56:00,SVDT1,27.1,97.1,0,3176.4,0,98,0.4,0.4,2,0,0
02/08/2023 04:57:00,SVDT1,27.1,97.1,0,3176.4,0,119,0.9,2.1,2,0,0
02/08/2023 04:58:00,SVDT1,27.1,97.1,0,3176.4,0,76,1.4,3.2,2,0,0
02/08/2023 04:59:00,SVDT1,27.1,97.1,0,3176.4,0,83,0.6,0.8,2,0,0
02/08/2023 05:00:00,SVDT1,27.1,97.1,0,3176.4,0,153,0.7,1.2,2,0,0
02/08/2023 05:01:00,SVDT1,27.1,97.0,0,3176.4,0,219,0.9,3.4,2,0,0
02/08/2023 05:02:00,SVDT1,27.1,97.1,0,3176.4,0,96,1.2,4.5,2,0,0
02/08/2023 05:03:00,SVDT1,27.1,97.0,0,3176.4,0,110,0.9,1.3,2,0,0
02/08/2023 05:04:00,SVDT1,27.1,97.0,0,3176.4,0,89,0.6,0.6,2,0,0
02/08/2023 05:05:00,SVDT1,27.1,97.0,0,3176.4,0,146,0.7,0.9,2,0,0
02/08/2023 05:06:00,SVDT1,27.1,97.0,0,3176.4,0,121,0.6,0.8,2,0,0
02/08/2023 05:07:00,SVDT1,27.1,97.0,0,3176.4,0,134,0.6,0.6,2,0,0
02/08/2023 05:08:00,SVDT1,27.1,97.0,0,3176.4,0,140,0.5,0.5,2,0,0
02/08/2023 05:09:00,SVDT1,27.1,97.1,0,3176.4,0,90,0.3,0.3,2,0,0
02/08/2023 05:10:00,SVDT1,27.1,97.0,0,3176.4,0,150,0.7,0.8,2,0,0
02/08/2023 05:11:00,SVDT1,27.1,97.1,0,3176.4,0,96,1.3,3.1,2,0,0
02/08/2023 05:12:00,SVDT1,27.1,97.0,0,3176.4,0,99,1.2,2,2,0,0
02/08/2023 05:13:00,SVDT1,27.1,97.0,0,3176.4,0,102,0.7,0.7,2,0,0
02/08/2023 05:14:00,SVDT1,27.1,97.0,0,3176.4,0,105,0.8,1.8,2,0,0
02/08/2023 05:15:00,SVDT1,27.1,97.0,0,3176.4,0,100,0.4,0.5,2,0,0
02/08/2023 05:16:00,SVDT1,27.1,97.0,0,3176.4,0,141,0.4,0.4,2,0,0
02/08/2023 05:17:00,SVDT1,27.1,97.0,0,3176.4,0,91,0.4,0.4,2,0,0
02/08/2023 05:18:00,SVDT1,27.1,97.0,0,3176.4,0,89,1.1,2.5,2,0,0
02/08/2023 05:19:00,SVDT1,27.1,97.0,0,3176.4,0,106,0.6,0.7,2,0,0
02/08/2023 05:20:00,SVDT1,27.1,97.0,0,3176.4,0,119,1,2.1,2,0,0
02/08/2023 05:21:00,SVDT1,27.1,97.0,0,3176.4,0,62,0.5,1.9,2,0,0
02/08/2023 05:22:00,SVDT1,27.1,97.0,0,3176.4,0,99,1.1,2.8,2,0,0
02/08/2023 05:23:00,SVDT1,27.0,97.0,0,3176.4,0,85,0.6,0.8,2,0,0
02/08/2023 05:24:00,SVDT1,27.0,97.0,0,3176.4,0,97,0.4,0.4,2,0,0
02/08/2023 05:25:00,SVDT1,27.0,97.0,0,3176.4,0,108,0.7,0.7,2,0,0
02/08/2023 05:26:00,SVDT1,27.0,97.0,0,3176.4,0,101,0.5,0.5,2,0,0
02/08/2023 05:27:00,SVDT1,27.0,97.0,0,3176.4,0,76,0.5,0.7,2,0,0
02/08/2023 05:28:00,SVDT1,27.0,97.0,0,3176.4,0,111,0.6,1.6,2,0,0
02/08/2023 05:29:00,SVDT1,27.1,97.0,0,3176.4,0,93,0.8,1.4,2,0,0
02/08/2023 05:30:00,SVDT1,27.1,97.0,0,3176.4,0,90,0.5,0.6,2,0,0
02/08/2023 05:31:00,SVDT1,27.0,97.0,0,3176.4,0,126,0.5,0.9,2,0,0
02/08/2023 05:32:00,SVDT1,27.0,97.0,0,3176.4,0,101,0.6,1.9,2,0,0
02/08/2023 05:33:00,SVDT1,27.0,97.0,0,3176.4,0,108,1.1,2.4,2,0,0
02/08/2023 05:34:00,SVDT1,27.1,97.0,0,3176.4,0,84,1.4,2.1,2,0,0
02/08/2023 05:35:00,SVDT1,27.1,96.9,0,3176.4,0,95,1.2,2.7,2,0,0
02/08/2023 05:36:00,SVDT1,27.0,96.9,0,3176.4,0,105,0.8,1.1,2,0,0
02/08/2023 05:37:00,SVDT1,27.1,96.9,1,3176.4,0,88,1,2.1,2,0,0
02/08/2023 05:38:00,SVDT1,27.1,96.9,1,3176.4,0,98,0.7,1,2,0,0
02/08/2023 05:39:00,SVDT1,27.1,96.9,1,3176.4,0,127,0.4,0.4,2,0,0
02/08/2023 05:40:00,SVDT1,27.1,96.9,1,3176.4,0,108,0.9,2.5,2,0,0
02/08/2023 05:41:00,SVDT1,27.1,96.9,2,3176.4,0,114,0.7,1.8,2,0,0
02/08/2023 05:42:00,SVDT1,27.1,96.9,3,3176.4,0,93,1.1,2.2,2,0,0
02/08/2023 05:43:00,SVDT1,27.1,97.0,3,3176.4,0,92,1.1,2.1,2,0,0
02/08/2023 05:44:00,SVDT1,27.1,96.9,3,3176.4,0,94,0.6,0.6,2,0,0
02/08/2023 05:45:00,SVDT1,27.1,96.9,4,3176.4,0,149,0.8,1.3,2,0,0
02/08/2023 05:46:00,SVDT1,27.1,96.9,4,3176.4,0,98,0.9,1.2,2,0,0
02/08/2023 05:47:00,SVDT1,27.1,96.9,5,3176.4,0,96,1.2,4.4,2,0,0
02/08/2023 05:48:00,SVDT1,27.1,96.9,5,3176.4,0,104,1,2.5,2,0,0
02/08/2023 05:49:00,SVDT1,27.1,96.9,6,3176.4,0,84,1,1.3,2,0,0
02/08/2023 05:50:00,SVDT1,27.1,96.9,7,3176.4,0,95,0.6,0.6,2,0,0
02/08/2023 05:51:00,SVDT1,27.1,96.9,8,3176.4,0,101,0.6,0.6,2,0,0
02/08/2023 05:52:00,SVDT1,27.1,96.9,9,3176.4,0,109,0.4,0.4,2,0,0
02/08/2023 05:53:00,SVDT1,27.1,96.9,11,3176.4,0,143,0.8,1.4,2,0,0
02/08/2023 05:54:00,SVDT1,27.1,96.8,12,3176.4,0,97,1.4,2.1,2,0,0
02/08/2023 05:55:00,SVDT1,27.1,96.8,14,3176.4,0,137,1,1.4,2,0,0
02/08/2023 05:56:00,SVDT1,27.1,96.8,16,3176.4,0,98,0.7,1.1,2,0,0
02/08/2023 05:57:00,SVDT1,27.1,96.8,19,3176.4,0,116,0.7,1.2,2,0,0
02/08/2023 05:58:00,SVDT1,27.1,96.7,22,3176.4,0,110,0.5,0.5,2,0,0
02/08/2023 05:59:00,SVDT1,27.1,96.7,24,3176.4,0,192,1.4,5.2,2,0,0
02/08/2023 06:00:00,SVDT1,27.1,96.7,27,3176.4,0,105,1,1.3,2,0,0
02/08/2023 06:01:00,SVDT1,27.1,96.7,30,3176.4,0,156,1.2,2.5,2,0,0
02/08/2023 06:02:00,SVDT1,27.1,96.7,33,3176.4,0,104,1.2,7.2,2,0,0
02/08/2023 06:03:00,SVDT1,27.2,96.7,35,3176.4,0,145,1.6,4,2,0,0
02/08/2023 06:04:00,SVDT1,27.2,96.6,38,3176.4,0,88,1.3,1.8,2,0,0
02/08/2023 06:05:00,SVDT1,27.2,96.5,42,3176.4,0,84,1.1,3.5,2,0,0
02/08/2023 06:06:00,SVDT1,27.2,96.4,45,3176.4,0,116,0.7,1.1,2,0,0
02/08/2023 06:07:00,SVDT1,27.2,96.4,49,3176.4,0,111,1,2.2,2,0,0
02/08/2023 06:08:00,SVDT1,27.2,96.3,52,3176.4,0,107,1,1.4,2,0,0
02/08/2023 06:09:00,SVDT1,27.3,96.3,56,3176.4,0,117,1.2,2.9,2,0,0
02/08/2023 06:10:00,SVDT1,27.3,96.3,60,3176.4,0,98,1.4,3.6,2,0,0
02/08/2023 06:11:00,SVDT1,27.3,96.3,64,3176.4,0,109,0.5,0.9,2,0,0
02/08/2023 06:12:00,SVDT1,27.3,96.2,67,3176.4,0,84,0.8,7,2,0,0
02/08/2023 06:13:00,SVDT1,27.3,96.2,70,3176.4,0,101,2.3,10,2,0,0
02/08/2023 06:14:00,SVDT1,27.3,96.2,74,3176.4,0,135,0.7,1.9,2,0,0
02/08/2023 06:15:00,SVDT1,27.3,96.1,78,3176.4,0,108,1.5,2.7,2,0,0
02/08/2023 06:16:00,SVDT1,27.3,96.1,81,3176.4,0,103,1.2,4.6,2,0,0
02/08/2023 06:17:00,SVDT1,27.4,96.0,84,3176.4,0,198,1,1.8,2,0,0
02/08/2023 06:18:00,SVDT1,27.4,96.0,88,3176.4,0,83,1.3,3.1,2,0,0
02/08/2023 06:19:00,SVDT1,27.4,95.9,92,3176.4,0,124,0.8,1.7,2,0,0
02/08/2023 06:20:00,SVDT1,27.4,95.8,96,3176.4,0,69,0.7,0.9,2,0,0
02/08/2023 06:21:00,SVDT1,27.4,95.8,100,3176.4,0,174,0.9,2.5,2,0,0
02/08/2023 06:22:00,SVDT1,27.5,95.8,104,3176.4,0,112,0.9,10,2,0,0
02/08/2023 06:23:00,SVDT1,27.5,95.8,108,3176.4,0,106,0.8,3.3,2,0,0
02/08/2023 06:24:00,SVDT1,27.5,95.8,112,3176.4,0,110,0.8,2.3,2,0,0
02/08/2023 06:25:00,SVDT1,27.5,95.8,116,3176.4,0,123,1.2,4.1,2,0,0
02/08/2023 06:26:00,SVDT1,27.5,95.7,120,3176.4,0,133,0.7,1.2,2,0,0
02/08/2023 06:27:00,SVDT1,27.5,95.7,124,3176.4,0,102,0.7,1.1,2,0,0
02/08/2023 06:28:00,SVDT1,27.6,95.7,128,3176.4,0,159,1,1.7,2,0,0
02/08/2023 06:29:00,SVDT1,27.6,95.6,132,3176.4,0,95,1,1.7,2,0,0
02/08/2023 06:30:00,SVDT1,27.6,95.6,137,3176.4,0,167,1.6,6.4,2,0,0
02/08/2023 06:31:00,SVDT1,27.6,95.4,141,3176.4,0,92,1.3,3.5,2,0,0
02/08/2023 06:32:00,SVDT1,27.6,95.5,146,3176.4,0,90,0.6,0.7,2,0,0
02/08/2023 06:33:00,SVDT1,27.6,95.5,151,3176.4,0,94,1.4,4.2,2,0,0
02/08/2023 06:34:00,SVDT1,27.6,95.4,157,3176.4,0,102,1.1,3.5,2,0,0
02/08/2023 06:35:00,SVDT1,27.6,95.4,163,3176.4,0,67,0.6,1.5,2,0,0
02/08/2023 06:36:00,SVDT1,27.7,95.4,168,3176.4,0,107,0.8,3,2,0,0
02/08/2023 06:37:00,SVDT1,27.7,95.4,174,3176.4,0,76,0.9,2.7,2,0,0
02/08/2023 06:38:00,SVDT1,27.7,95.1,179,3176.4,0,76,1.6,2.6,2,0,0
02/08/2023 06:39:00,SVDT1,27.7,95.2,184,3176.4,0,63,0.9,3.3,2,0,0
02/08/2023 06:40:00,SVDT1,27.8,95.1,189,3176.4,0,107,1.1,3.2,2,0,0
02/08/2023 06:41:00,SVDT1,27.8,95.1,194,3176.4,0,102,1,2.9,2,0,0
02/08/2023 06:42:00,SVDT1,27.8,95.1,200,3176.4,0,93,0.9,2.6,2,0,0
02/08/2023 06:43:00,SVDT1,27.8,95.0,205,3176.4,0,82,0.9,1.8,2,0,0
02/08/2023 06:44:00,SVDT1,27.8,94.9,210,3176.4,0,96,1,1.1,2,0,0
02/08/2023 06:45:00,SVDT1,27.8,94.9,216,3176.4,0,70,1.2,1.6,2,0,0
02/08/2023 06:46:00,SVDT1,27.8,94.8,220,3176.4,0,147,0.8,1.1,2,0,0
02/08/2023 06:47:00,SVDT1,27.8,94.8,225,3176.4,0,98,0.4,0.6,2,0,0
02/08/2023 06:48:00,SVDT1,27.9,94.8,229,3176.4,0,73,1.1,4.6,2,0,0
02/08/2023 06:49:00,SVDT1,27.9,94.8,232,3176.4,0,99,1,6.5,2,0,0
02/08/2023 06:50:00,SVDT1,27.9,94.8,236,3176.4,0,154,1.2,1.9,2,0,0
02/08/2023 06:51:00,SVDT1,27.9,94.7,241,3176.4,0,130,2,2.9,2,0,0
02/08/2023 06:52:00,SVDT1,27.9,94.7,245,3176.4,0,92,0.6,1.7,2,0,0
02/08/2023 06:53:00,SVDT1,28.0,94.7,250,3176.4,0,77,0.8,1.4,2,0,0
02/08/2023 06:54:00,SVDT1,28.0,94.6,252,3176.4,0,120,1.3,1.6,2,0,0
02/08/2023 06:55:00,SVDT1,28.0,94.5,257,3176.4,0,92,0.9,5.3,2,0,0
02/08/2023 06:56:00,SVDT1,28.0,94.4,259,3176.4,0,113,0.5,0.8,2,0,0
02/08/2023 06:57:00,SVDT1,28.0,94.2,265,3176.4,0,76,0.4,0.4,2,0,0
02/08/2023 06:58:00,SVDT1,28.1,94.3,269,3176.4,0,139,1.8,4.5,2,0,0
02/08/2023 06:59:00,SVDT1,28.1,94.2,273,3176.4,0,96,1.5,9.1,2,0,0
02/08/2023 07:00:00,SVDT1,28.1,94.2,278,3176.4,0,111,1.2,7.1,2,0,0
02/08/2023 07:01:00,SVDT1,28.1,94.2,284,3176.4,0,112,1.2,1.4,2,0,0
02/08/2023 07:02:00,SVDT1,28.1,94.1,290,3176.4,0,128,1.2,2.2,2,0,0
02/08/2023 07:03:00,SVDT1,28.1,94.0,296,3176.4,0,118,1.3,2.2,2,0,0
02/08/2023 07:04:00,SVDT1,28.2,93.8,298,3176.4,0,98,1.6,9.1,2,0,0
02/08/2023 07:05:00,SVDT1,28.2,93.9,306,3176.4,0,96,0.6,1.7,2,0,0
02/08/2023 07:06:00,SVDT1,28.2,93.9,312,3176.4,0,118,1,2.2,2,0,0
02/08/2023 07:07:00,SVDT1,28.2,93.8,318,3176.4,0,126,2.3,6.9,2,0,0
02/08/2023 07:08:00,SVDT1,28.3,93.8,323,3176.4,0,81,0.5,0.8,2,0,0
02/08/2023 07:09:00,SVDT1,28.3,93.8,329,3176.4,0,115,1,7.9,2,0,0
02/08/2023 07:10:00,SVDT1,28.3,93.5,334,3176.4,0,120,0.6,4.9,2,0,0
02/08/2023 07:11:00,SVDT1,28.3,93.6,339,3176.4,0,66,1.1,1.5,2,0,0
02/08/2023 07:12:00,SVDT1,28.3,93.5,344,3176.4,0,131,0.6,1.8,2,0,0
02/08/2023 07:13:00,SVDT1,28.4,93.6,349,3176.4,0,219,0.5,0.6,2,0,0
02/08/2023 07:14:00,SVDT1,28.4,93.5,356,3176.4,0,134,1,1.2,2,0,0
02/08/2023 07:15:00,SVDT1,28.4,93.3,360,3176.4,0,120,1.2,2.7,2,0,0
02/08/2023 07:16:00,SVDT1,28.4,93.2,367,3176.4,0,109,1.3,8.8,2,0,0
02/08/2023 07:17:00,SVDT1,28.5,93.2,373,3176.4,0,141,1.8,3.7,2,0,0
02/08/2023 07:18:00,SVDT1,28.5,93.2,378,3176.4,0,69,0.6,0.8,2,0,0
02/08/2023 07:19:00,SVDT1,28.6,93.4,384,3176.4,0,83,1,4.1,2,0,0
02/08/2023 07:20:00,SVDT1,28.6,93.3,389,3176.4,0,169,0.9,3.2,2,0,0
02/08/2023 07:21:00,SVDT1,28.6,93.1,395,3176.4,0,72,0.9,2.8,2,0,0
02/08/2023 07:22:00,SVDT1,28.6,92.9,402,3176.4,0,119,2,6.4,2,0,0
02/08/2023 07:23:00,SVDT1,28.7,93.1,410,3176.4,0,86,0.8,1.5,2,0,0
02/08/2023 07:24:00,SVDT1,28.7,93.1,417,3176.4,0,143,1.2,3.1,2,0,0
02/08/2023 07:25:00,SVDT1,28.7,93.0,424,3176.4,0,140,1.5,3.4,2,0,0
02/08/2023 07:26:00,SVDT1,28.8,92.8,431,3176.4,0,169,0.8,0.9,2,0,0
02/08/2023 07:27:00,SVDT1,28.8,92.8,438,3176.4,0,155,1,1.2,2,0,0
02/08/2023 07:28:00,SVDT1,28.8,92.5,445,3176.4,0,117,0.8,1.2,2,0,0
02/08/2023 07:29:00,SVDT1,28.9,92.6,454,3176.4,0,77,1.1,2.6,2,0,0
02/08/2023 07:30:00,SVDT1,28.9,92.6,463,3176.4,0,197,0.5,0.5,2,0,0
02/08/2023 07:31:00,SVDT1,29.0,92.5,473,3176.4,0,184,0.4,0.7,2,0,0
02/08/2023 07:32:00,SVDT1,29.0,92.4,486,3176.4,0,85,0.9,2.5,2,0,0
02/08/2023 07:33:00,SVDT1,29.0,92.2,501,3176.4,0,114,1,2.1,2,0,0
02/08/2023 07:34:00,SVDT1,29.1,92.2,515,3176.4,0,165,1.2,3.4,2,0,0
02/08/2023 07:35:00,SVDT1,29.2,92.3,529,3176.4,0,109,0.9,1.4,2,0,0
02/08/2023 07:36:00,SVDT1,29.2,92.0,548,3176.4,0,138,1,1.8,2,0,0
02/08/2023 07:37:00,SVDT1,29.3,91.9,578,3176.4,0,101,0.7,2.2,2,0,0
02/08/2023 07:38:00,SVDT1,29.4,92.1,595,3176.4,0,97,0.4,0.5,2,0,0
02/08/2023 07:39:00,SVDT1,29.5,91.9,607,3176.4,0,120,0.8,1.1,2,0,0
02/08/2023 07:40:00,SVDT1,29.6,91.4,611,3176.4,0,86,1,2.3,2,0,0
02/08/2023 07:41:00,SVDT1,29.6,91.1,608,3176.4,0,110,0.8,1.3,2,0,0
02/08/2023 07:42:00,SVDT1,29.7,90.9,606,3176.4,0,155,1.1,1.8,2,0,0
02/08/2023 07:43:00,SVDT1,29.7,90.5,670,3176.4,0,75,0.8,3.1,2,0,0
02/08/2023 07:44:00,SVDT1,29.8,90.6,692,3176.4,0,105,0.5,0.6,2,0,0
02/08/2023 07:45:00,SVDT1,29.9,90.4,674,3176.4,0,122,0.8,1.5,2,0,0
02/08/2023 07:46:00,SVDT1,30.0,90.4,701,3176.4,0,125,1.5,5.2,2,0,0
02/08/2023 07:47:00,SVDT1,30.1,89.9,741,3176.4,0,82,1.7,4.3,2,0,0
02/08/2023 07:48:00,SVDT1,30.2,89.8,736,3176.4,0,111,0.9,1,2,0,0
02/08/2023 07:49:00,SVDT1,30.3,89.7,724,3176.4,0,153,1.8,3.6,3,0,0
02/08/2023 07:50:00,SVDT1,30.4,89.9,701,3176.4,0,149,1.1,3.2,3,0,0
02/08/2023 07:51:00,SVDT1,30.5,89.2,701,3176.4,0,137,2,5.3,3,0,0
02/08/2023 07:52:00,SVDT1,30.5,88.9,705,3176.4,0,142,0.9,2.6,3,0,0
02/08/2023 07:53:00,SVDT1,30.5,89.0,708,3176.4,0,62,0.8,1.1,3,0,0
02/08/2023 07:54:00,SVDT1,30.5,88.8,722,3176.4,0,68,1.1,6,3,0,0
02/08/2023 07:55:00,SVDT1,30.6,88.8,735,3176.4,0,117,1.1,1.9,3,0,0
02/08/2023 07:56:00,SVDT1,30.7,88.5,747,3176.4,0,102,0.9,2.4,3,0,0
02/08/2023 07:57:00,SVDT1,30.7,88.0,752,3176.4,0,67,0.8,1.9,3,0,0
02/08/2023 07:58:00,SVDT1,30.7,87.4,795,3176.4,0,112,1,3,3,0,0
02/08/2023 07:59:00,SVDT1,30.8,87.0,756,3176.4,0,99,0.8,7.4,3,0,0
02/08/2023 08:00:00,SVDT1,30.9,87.0,731,3176.4,0,81,0.8,1.4,3,0,0
02/08/2023 08:01:00,SVDT1,30.9,87.2,704,3176.4,0,182,1.3,9.2,3,0,0
02/08/2023 08:02:00,SVDT1,30.9,87.5,709,3176.4,0,114,0.8,1.8,3,0,0
02/08/2023 08:03:00,SVDT1,31.0,87.3,718,3176.4,0,106,0.9,2.3,3,0,0
02/08/2023 08:04:00,SVDT1,31.2,87.2,735,3176.4,0,145,1,2.4,3,0,0
02/08/2023 08:05:00,SVDT1,31.4,86.3,761,3176.4,0,125,0.8,1,3,0,0
02/08/2023 08:06:00,SVDT1,31.5,85.7,765,3176.4,0,114,1.3,1.9,3,0,0
02/08/2023 08:07:00,SVDT1,31.6,85.4,733,3176.4,0,89,0.7,1.2,3,0,0
02/08/2023 08:08:00,SVDT1,31.7,84.5,742,3176.4,0,122,1.4,4.6,3,0,0
02/08/2023 08:09:00,SVDT1,31.6,84.5,761,3176.4,0,127,0.6,0.6,3,0,0
02/08/2023 08:10:00,SVDT1,31.8,84.4,743,3176.4,0,101,0.8,1.3,3,0,0
02/08/2023 08:11:00,SVDT1,31.8,84.0,753,3176.4,0,106,0.7,3.5,3,0,0
02/08/2023 08:12:00,SVDT1,32.0,84.6,785,3176.4,0,105,0.8,2.2,3,0,0
02/08/2023 08:13:00,SVDT1,32.2,83.9,760,3176.4,0,118,1.1,3.1,3,0,0
02/08/2023 08:14:00,SVDT1,32.2,83.7,809,3176.4,0,79,1.4,3.2,3,0,0
02/08/2023 08:15:00,SVDT1,32.5,83.3,860,3176.4,0,98,0.9,1.5,3,0,0
02/08/2023 08:16:00,SVDT1,32.6,82.5,694,3176.4,0,98,0.8,3.8,3,0,0
02/08/2023 08:17:00,SVDT1,32.5,81.8,701,3176.4,0,130,0.9,1.9,3,0,0
02/08/2023 08:18:00,SVDT1,32.5,82.5,708,3176.4,0,122,1.5,3.1,3,0,0
02/08/2023 08:19:00,SVDT1,32.5,82.5,760,3176.4,0,109,1.2,2.9,3,0,0
02/08/2023 08:20:00,SVDT1,32.5,82.3,778,3176.4,0,83,0.6,0.6,3,0,0
02/08/2023 08:21:00,SVDT1,32.5,81.7,828,3176.4,0,85,0.8,0.8,3,0,0
02/08/2023 08:22:00,SVDT1,32.6,81.2,837,3176.4,0,104,0.6,0.8,3,0,0
02/08/2023 08:23:00,SVDT1,32.8,80.7,862,3176.4,0,117,0.7,0.9,3,0,0
02/08/2023 08:24:00,SVDT1,33.0,80.7,840,3176.4,0,108,0.4,2.2,3,0,0
02/08/2023 08:25:00,SVDT1,33.2,80.1,793,3176.4,0,111,0.9,2.7,3,0,0
02/08/2023 08:26:00,SVDT1,33.2,79.4,757,3176.4,0,107,1,2.6,3,0,0
02/08/2023 08:27:00,SVDT1,32.9,79.2,764,3176.4,0,105,1.8,4.6,3,0,0
02/08/2023 08:28:00,SVDT1,32.6,79.7,772,3176.4,0,81,0.6,0.8,3,0,0
02/08/2023 08:29:00,SVDT1,32.5,80.1,818,3176.4,0,123,1.2,3.2,3,0,0
02/08/2023 08:30:00,SVDT1,32.7,80.3,863,3176.4,0,137,1.3,2.1,3,0,0
02/08/2023 08:31:00,SVDT1,32.9,80.1,833,3176.4,0,154,0.9,2.1,3,0,0
02/08/2023 08:32:00,SVDT1,33.1,79.5,828,3176.4,0,101,1,3.6,3,0,0
02/08/2023 08:33:00,SVDT1,33.2,79.5,880,3176.4,0,104,1.3,3.3,3,0,0
02/08/2023 08:34:00,SVDT1,33.7,78.6,875,3176.4,0,97,1.5,2.1,3,0,0
02/08/2023 08:35:00,SVDT1,33.9,77.3,797,3176.4,0,141,1.4,9,3,0,0
02/08/2023 08:36:00,SVDT1,33.9,77.4,800,3176.4,0,245,0.6,1.3,3,0,0
02/08/2023 08:37:00,SVDT1,33.8,77.4,773,3176.4,0,74,0.5,0.6,3,0,0
02/08/2023 08:38:00,SVDT1,33.5,77.4,744,3176.4,0,180,0.7,1.9,3,0,0
02/08/2023 08:39:00,SVDT1,33.3,77.8,739,3176.4,0,181,0.8,2.4,3,0,0
02/08/2023 08:40:00,SVDT1,33.2,77.9,726,3176.4,0,99,1.1,3.4,3,0,0
02/08/2023 08:41:00,SVDT1,33.2,78.4,746,3176.4,0,107,0.4,0.5,3,0,0
02/08/2023 08:42:00,SVDT1,33.2,78.1,838,3176.4,0,104,1.2,2.2,3,0,0
02/08/2023 08:43:00,SVDT1,33.2,78.5,830,3176.4,0,83,1.3,2.7,3,0,0
02/08/2023 08:44:00,SVDT1,33.2,78.4,704,3176.4,0,112,1.1,2.1,3,0,0
02/08/2023 08:45:00,SVDT1,33.0,78.5,752,3176.4,0,91,0.7,1.8,3,0,0
02/08/2023 08:46:00,SVDT1,32.9,79.1,764,3176.4,0,111,1.2,2.9,3,0,0
02/08/2023 08:47:00,SVDT1,32.7,79.1,760,3176.4,0,117,0.9,1.2,3,0,0
02/08/2023 08:48:00,SVDT1,32.6,79.6,765,3176.4,0,100,0.8,0.9,3,0,0
02/08/2023 08:49:00,SVDT1,32.5,79.8,758,3176.4,0,96,0.4,2.2,3,0,0
02/08/2023 08:50:00,SVDT1,32.5,80.1,747,3176.4,0,127,0.6,0.9,3,0,0
02/08/2023 08:51:00,SVDT1,32.4,79.8,752,3176.4,0,95,1,4.8,3,0,0
02/08/2023 08:52:00,SVDT1,32.4,79.8,776,3176.4,0,92,0.6,0.6,3,0,0
02/08/2023 08:53:00,SVDT1,32.3,80.6,821,3176.4,0,95,0.5,0.7,3,0,0
02/08/2023 08:54:00,SVDT1,32.3,80.8,770,3176.4,0,139,0.7,0.8,3,0,0
02/08/2023 08:55:00,SVDT1,32.3,80.9,851,3176.4,0,77,0.7,3,3,0,0
02/08/2023 08:56:00,SVDT1,32.6,80.7,841,3176.4,0,107,0.9,1.1,3,0,0
02/08/2023 08:57:00,SVDT1,32.7,80.4,796,3176.4,0,130,0.9,2.7,3,0,0
02/08/2023 08:58:00,SVDT1,32.6,79.8,823,3176.4,0,122,0.6,1.5,3,0,0
02/08/2023 08:59:00,SVDT1,32.5,80.4,806,3176.4,0,159,0.7,0.9,3,0,0
02/08/2023 09:00:00,SVDT1,32.5,80.0,815,3176.4,0,108,0.7,0.8,3,0,0
02/08/2023 09:01:00,SVDT1,32.4,79.4,833,3176.4,0,136,0.8,2.4,3,0,0
02/08/2023 09:02:00,SVDT1,32.4,79.5,861,3176.4,0,168,0.9,3.3,3,0,0
02/08/2023 09:03:00,SVDT1,32.5,79.9,815,3176.4,0,119,0.8,1,3,0,0
02/08/2023 09:04:00,SVDT1,32.4,80.4,814,3176.4,0,111,0.6,0.9,3,0,0
02/08/2023 09:05:00,SVDT1,32.3,80.7,855,3176.4,0,116,0.6,0.9,3,0,0
02/08/2023 09:06:00,SVDT1,32.3,80.6,873,3176.4,0,95,0.8,1,3,0,0
02/08/2023 09:07:00,SVDT1,32.3,80.9,889,3176.4,0,117,0.9,3.8,3,0,0
02/08/2023 09:08:00,SVDT1,32.2,80.4,913,3176.4,0,83,0.7,0.7,3,0,0
02/08/2023 09:09:00,SVDT1,32.3,81.0,954,3176.4,0,142,1,2.8,3,0,0
02/08/2023 09:10:00,SVDT1,32.3,81.0,983,3176.4,0,93,0.8,6.8,3,0,0
02/08/2023 09:11:00,SVDT1,32.4,80.5,993,3176.4,0,103,1.4,3.2,3,0,0
02/08/2023 09:12:00,SVDT1,32.3,80.2,1044,3176.4,0,94,0.4,0.5,3,0,0
02/08/2023 09:13:00,SVDT1,32.4,79.8,1068,3176.4,0,161,1.2,2.5,3,0,0
02/08/2023 09:14:00,SVDT1,32.5,79.8,1018,3176.4,0,125,1,1.5,3,0,0
02/08/2023 09:15:00,SVDT1,32.6,79.9,985,3176.4,0,132,0.8,1,3,0,0
02/08/2023 09:16:00,SVDT1,32.7,79.7,981,3176.4,0,79,1,1.1,3,0,0
02/08/2023 09:17:00,SVDT1,32.7,79.7,975,3176.4,0,80,1.1,2.1,3,0,0
02/08/2023 09:18:00,SVDT1,32.6,79.8,960,3176.4,0,131,0.7,1.5,3,0,0
02/08/2023 09:19:00,SVDT1,32.4,79.6,888,3176.4,0,125,0.7,1.7,3,0,0
02/08/2023 09:20:00,SVDT1,32.3,80.0,911,3176.4,0,148,1.2,4.5,3,0,0
02/08/2023 09:21:00,SVDT1,32.2,80.0,967,3176.4,0,106,1,3,3,0,0
02/08/2023 09:22:00,SVDT1,32.3,80.8,986,3176.4,0,98,0.4,1.5,3,0,0
02/08/2023 09:23:00,SVDT1,32.3,80.6,988,3176.4,0,136,1,1.7,3,0,0
02/08/2023 09:24:00,SVDT1,32.3,80.3,1028,3176.4,0,103,0.5,0.6,3,0,0
02/08/2023 09:25:00,SVDT1,32.3,80.4,1029,3176.4,0,78,1.3,9.6,3,0,0
02/08/2023 09:26:00,SVDT1,32.4,80.1,1002,3176.4,0,129,0.6,1.2,3,0,0
02/08/2023 09:27:00,SVDT1,32.3,79.4,1005,3176.4,0,112,0.8,1.5,3,0,0
02/08/2023 09:28:00,SVDT1,32.2,80.3,1013,3176.4,0,120,0.9,1.4,3,0,0
02/08/2023 09:29:00,SVDT1,32.2,80.4,981,3176.4,0,82,1,1.9,3,0,0
02/08/2023 09:30:00,SVDT1,32.2,80.3,1000,3176.4,0,90,1.2,6.4,3,0,0
02/08/2023 09:31:00,SVDT1,32.2,79.9,1037,3176.4,0,120,1.3,3.3,3,0,0
02/08/2023 09:32:00,SVDT1,32.4,80.1,1071,3176.4,0,86,0.9,2.2,3,0,0
02/08/2023 09:33:00,SVDT1,32.5,79.8,1087,3176.4,0,123,0.8,2.8,3,0,0
02/08/2023 09:34:00,SVDT1,32.7,80.1,1055,3176.4,0,88,1.4,12.2,3,0,0
02/08/2023 09:35:00,SVDT1,32.7,79.6,1007,3176.4,0,100,1.2,6.5,3,0,0
02/08/2023 09:36:00,SVDT1,32.6,80.1,1000,3176.4,0,98,0.7,3,3,0,0
02/08/2023 09:37:00,SVDT1,32.7,79.9,974,3176.4,0,139,1.9,5.6,3,0,0
02/08/2023 09:38:00,SVDT1,32.6,79.9,1037,3176.4,0,126,0.5,0.8,3,0,0
02/08/2023 09:39:00,SVDT1,32.6,79.4,1062,3176.4,0,96,0.5,1.2,3,0,0
02/08/2023 09:40:00,SVDT1,32.7,79.4,1025,3176.4,0,136,0.9,2.5,3,0,0
02/08/2023 09:41:00,SVDT1,32.8,79.3,975,3176.4,0,86,1.2,2.2,3,0,0
02/08/2023 09:42:00,SVDT1,32.8,79.4,971,3176.4,0,122,0.8,2.2,3,0,0
02/08/2023 09:43:00,SVDT1,32.8,78.8,1038,3176.4,0,130,1.1,1.6,3,0,0
02/08/2023 09:44:00,SVDT1,32.9,79.2,1158,3176.4,0,85,0.8,2.4,3,0,0
02/08/2023 09:45:00,SVDT1,33.1,79.0,1138,3176.4,0,88,1,2.6,3,0,0
02/08/2023 09:46:00,SVDT1,33.3,78.4,1150,3176.4,0,148,0.7,1.6,3,0,0
02/08/2023 09:47:00,SVDT1,33.3,77.4,1005,3176.4,0,83,1.4,4.8,3,0,0
02/08/2023 09:48:00,SVDT1,33.2,77.9,1121,3176.4,0,109,0.7,1.5,3,0,0
02/08/2023 09:49:00,SVDT1,33.1,77.7,1164,3176.4,0,95,1,1.3,3,0,0
02/08/2023 09:50:00,SVDT1,33.1,77.8,1176,3176.4,0,99,1.7,6.6,3,0,0
02/08/2023 09:51:00,SVDT1,33.2,78.2,1087,3176.4,0,119,0.9,4.4,3,0,0
02/08/2023 09:52:00,SVDT1,33.2,78.2,1069,3176.4,0,145,0.9,2.3,3,0,0
02/08/2023 09:53:00,SVDT1,33.1,77.9,1042,3176.4,0,100,1.1,1.8,3,0,0
02/08/2023 09:54:00,SVDT1,33.0,78.9,1064,3176.4,0,92,1,5.3,3,0,0
02/08/2023 09:55:00,SVDT1,33.0,78.5,1079,3176.4,0,94,0.6,1.4,3,0,0
02/08/2023 09:56:00,SVDT1,33.0,78.8,1114,3176.4,0,115,1.1,2,3,0,0
02/08/2023 09:57:00,SVDT1,33.0,79.0,1051,3176.4,0,65,1.2,4.9,3,0,0
02/08/2023 09:58:00,SVDT1,33.1,78.7,1018,3176.4,0,111,0.6,1.1,3,0,0
02/08/2023 09:59:00,SVDT1,33.2,78.1,1106,3176.4,0,95,0.8,2,3,0,0
02/08/2023 10:00:00,SVDT1,33.3,77.9,1167,3176.4,0,86,0.8,1.4,3,0,0
02/08/2023 10:01:00,SVDT1,33.5,77.8,1070,3176.4,0,119,0.7,4.5,3,0,0
02/08/2023 10:02:00,SVDT1,33.5,77.7,1024,3176.4,0,103,0.8,1.8,3,0,0
02/08/2023 10:03:00,SVDT1,33.4,77.4,1092,3176.4,0,127,1,1.4,3,0,0
02/08/2023 10:04:00,SVDT1,33.5,77.5,1215,3176.4,0,103,1.1,2.5,3,0,0
02/08/2023 10:05:00,SVDT1,33.6,76.4,1418,3176.4,0,92,1,1.9,3,0,0
02/08/2023 10:06:00,SVDT1,33.9,75.8,1476,3176.4,0,91,1.4,2.7,3,0,0
02/08/2023 10:07:00,SVDT1,34.1,74.8,1449,3176.4,0,109,1.2,1.8,3,0,0
02/08/2023 10:08:00,SVDT1,34.1,75.0,1201,3176.4,0,139,0.9,5,3,0,0
02/08/2023 10:09:00,SVDT1,34.2,75.8,1021,3176.4,0,125,1,2.3,3,0,0
02/08/2023 10:10:00,SVDT1,34.1,74.8,1298,3176.4,0,114,1.3,1.9,3,0,0
02/08/2023 10:11:00,SVDT1,34.2,74.7,1269,3176.4,0,88,1.2,2.3,3,0,0
02/08/2023 10:12:00,SVDT1,34.2,74.1,1169,3176.4,0,136,0.6,0.8,3,0,0
02/08/2023 10:13:00,SVDT1,34.1,74.6,1123,3176.4,0,110,1.1,1.5,3,0,0
02/08/2023 10:14:00,SVDT1,34.0,74.6,1180,3176.4,0,72,0.7,0.9,3,0,0
02/08/2023 10:15:00,SVDT1,33.8,75.9,1173,3176.4,0,79,0.6,1,3,0,0
02/08/2023 10:16:00,SVDT1,33.6,75.8,1220,3176.4,0,90,0.9,1,3,0,0
02/08/2023 10:17:00,SVDT1,33.5,76.3,1314,3176.4,0,98,1,1.6,3,0,0
02/08/2023 10:18:00,SVDT1,33.4,76.5,1008,3176.4,0,98,1,1.2,3,0,0
02/08/2023 10:19:00,SVDT1,33.4,76.5,1033,3176.4,0,201,0.9,1.9,3,0,0
02/08/2023 10:20:00,SVDT1,33.2,77.0,1283,3176.4,0,146,2.2,5.4,3,0,0
02/08/2023 10:21:00,SVDT1,33.3,77.0,1034,3176.4,0,74,1.1,2.1,3,0,0
02/08/2023 10:22:00,SVDT1,33.2,77.3,1002,3176.4,0,72,1.2,2.1,3,0,0
02/08/2023 10:23:00,SVDT1,33.2,77.4,1221,3176.4,0,105,1,2.3,3,0,0
02/08/2023 10:24:00,SVDT1,33.3,77.4,1327,3176.4,0,114,1.1,5.3,3,0,0
02/08/2023 10:25:00,SVDT1,33.3,77.0,1443,3176.4,0,98,0.7,2.2,3,0,0
02/08/2023 10:26:00,SVDT1,33.6,76.8,1493,3176.4,0,100,1.3,3.6,3,0,0
02/08/2023 10:27:00,SVDT1,33.8,75.8,1217,3176.4,0,99,1.4,5,3,0,0
02/08/2023 10:28:00,SVDT1,33.8,74.7,1376,3176.4,0,107,2,6.3,3,0,0
02/08/2023 10:29:00,SVDT1,33.8,74.6,1215,3176.4,0,134,1.2,6.2,3,0,0
02/08/2023 10:30:00,SVDT1,33.8,75.1,1275,3176.4,0,81,0.4,0.9,3,0,0
02/08/2023 10:31:00,SVDT1,33.7,74.9,1576,3176.4,0,113,0.9,1.2,3,0,0
02/08/2023 10:32:00,SVDT1,34.0,74.0,1233,3176.4,0,126,1,3.1,3,0,0
02/08/2023 10:33:00,SVDT1,34.1,73.7,1175,3176.4,0,115,1.7,7.5,3,0,0
02/08/2023 10:34:00,SVDT1,34.1,74.0,1137,3176.4,0,88,1,4,3,0,0
02/08/2023 10:35:00,SVDT1,34.2,74.2,1406,3176.4,0,103,0.9,1.4,3,0,0
02/08/2023 10:36:00,SVDT1,34.4,73.3,1244,3176.4,0,100,1.1,1.9,3,0,0
02/08/2023 10:37:00,SVDT1,34.5,73.4,1409,3176.4,0,137,0.4,0.5,3,0,0
02/08/2023 10:38:00,SVDT1,34.6,71.9,1491,3176.4,0,101,1.3,3.9,3,0,0
02/08/2023 10:39:00,SVDT1,34.7,71.8,1577,3176.4,0,122,1,2.1,3,0,0
02/08/2023 10:40:00,SVDT1,35.0,70.7,1510,3176.4,0,86,1.2,1.9,3,0,0
02/08/2023 10:41:00,SVDT1,35.1,70.2,1489,3176.4,0,143,1.2,3.1,3,0,0
02/08/2023 10:42:00,SVDT1,35.0,69.9,1525,3176.4,0,113,0.7,3.3,3,0,0
02/08/2023 10:43:00,SVDT1,35.1,70.1,1592,3176.4,0,141,1.3,2.6,3,0,0
02/08/2023 10:44:00,SVDT1,35.2,69.7,1413,3176.4,0,114,0.7,0.8,3,0,0
02/08/2023 10:45:00,SVDT1,35.2,69.2,1513,3176.4,0,136,0.8,0.9,3,0,0
02/08/2023 10:46:00,SVDT1,35.4,69.4,1533,3176.4,0,150,0.7,0.9,3,0,0
02/08/2023 10:47:00,SVDT1,35.4,69.9,1461,3176.4,0,98,0.5,0.6,3,0,0
02/08/2023 10:48:00,SVDT1,35.5,69.7,1558,3176.4,0,173,1.2,2,3,0,0
02/08/2023 10:49:00,SVDT1,35.6,68.8,1667,3176.4,0,67,0.7,2.2,3,0,0
02/08/2023 10:50:00,SVDT1,35.6,68.8,1464,3176.4,0,144,0.8,3.4,3,0,0
02/08/2023 10:51:00,SVDT1,35.5,68.7,1643,3176.4,0,89,0.9,2.2,3,0,0
02/08/2023 10:52:00,SVDT1,35.5,69.2,1542,3176.4,0,78,1.3,2.7,3,0,0
02/08/2023 10:53:00,SVDT1,35.5,70.4,1791,3176.4,0,140,0.7,3.8,3,0,0
02/08/2023 10:54:00,SVDT1,35.6,69.7,1605,3176.4,0,110,1,2.9,3,0,0
02/08/2023 10:55:00,SVDT1,35.5,69.2,1553,3176.4,0,139,0.9,2.9,3,0,0
02/08/2023 10:56:00,SVDT1,35.3,69.6,1303,3176.4,0,71,0.9,6.9,3,0,0
02/08/2023 10:57:00,SVDT1,35.2,69.9,1366,3176.4,0,127,0.7,2.6,3,0,0
02/08/2023 10:58:00,SVDT1,35.1,70.3,1496,3176.4,0,141,1,3.4,3,0,0
02/08/2023 10:59:00,SVDT1,34.8,70.8,1524,3176.4,0,97,0.5,1.4,3,0,0
02/08/2023 11:00:00,SVDT1,34.8,71.3,1586,3176.4,0,81,0.8,1,3,0,0
02/08/2023 11:01:00,SVDT1,34.9,71.0,1665,3176.4,0,119,0.9,1.4,3,0,0
02/08/2023 11:02:00,SVDT1,34.7,70.9,1597,3176.4,0,104,0.6,1.2,3,0,0
02/08/2023 11:03:00,SVDT1,34.7,71.7,1407,3176.4,0,87,0.8,2.4,3,0,0
02/08/2023 11:04:00,SVDT1,34.6,71.9,1552,3176.4,0,116,0.7,1.8,3,0,0
02/08/2023 11:05:00,SVDT1,34.7,72.5,1445,3176.4,0,107,0.6,1.4,3,0,0
02/08/2023 11:06:00,SVDT1,34.7,72.5,1586,3176.4,0,102,0.7,4.2,3,0,0
02/08/2023 11:07:00,SVDT1,34.7,72.4,1600,3176.4,0,118,0.7,1.5,3,0,0
02/08/2023 11:08:00,SVDT1,34.6,72.3,1602,3176.4,0,77,0.8,1.8,3,0,0
02/08/2023 11:09:00,SVDT1,34.5,72.6,1625,3176.4,0,136,0.9,7.2,3,0,0
02/08/2023 11:10:00,SVDT1,34.5,72.2,1628,3176.4,0,117,0.8,2.8,3,0,0
02/08/2023 11:11:00,SVDT1,34.5,72.6,1584,3176.4,0,139,0.8,2.2,3,0,0
02/08/2023 11:12:00,SVDT1,34.4,72.5,1582,3176.4,0,114,1,3.5,3,0,0
02/08/2023 11:13:00,SVDT1,34.3,72.6,1581,3176.4,0,74,0.7,2.1,3,0,0
02/08/2023 11:14:00,SVDT1,34.4,73.1,1594,3176.4,0,98,1,1.4,3,0,0
02/08/2023 11:15:00,SVDT1,34.3,72.9,1663,3176.4,0,77,1.1,3.3,3,0,0
02/08/2023 11:16:00,SVDT1,34.6,73.0,1673,3176.4,0,168,1.3,4.6,3,0,0
02/08/2023 11:17:00,SVDT1,34.9,71.7,1723,3176.4,0,118,1.1,2.2,3,0,0
02/08/2023 11:18:00,SVDT1,34.9,71.2,1713,3176.4,0,114,1.8,5.3,3,0,0
02/08/2023 11:19:00,SVDT1,35.0,71.3,1728,3176.4,0,121,1.1,3,3,0,0
02/08/2023 11:20:00,SVDT1,35.2,70.9,1683,3176.4,0,128,1.1,2.4,3,0,0
02/08/2023 11:21:00,SVDT1,35.2,70.2,1707,3176.4,0,138,1.2,7.3,3,0,0
02/08/2023 11:22:00,SVDT1,35.1,69.6,1576,3176.4,0,118,0.8,2.3,3,0,0
02/08/2023 11:23:00,SVDT1,35.0,70.7,1654,3176.4,0,124,0.6,2.9,3,0,0
02/08/2023 11:24:00,SVDT1,35.1,70.3,1669,3176.4,0,98,0.9,4,3,0,0
02/08/2023 11:25:00,SVDT1,35.2,70.4,1858,3176.4,0,102,0.7,1.4,3,0,0
02/08/2023 11:26:00,SVDT1,35.5,70.5,1814,3176.4,0,100,0.5,0.7,3,0,0
02/08/2023 11:27:00,SVDT1,35.5,71.0,1823,3176.4,0,110,0.5,0.7,3,0,0
02/08/2023 11:28:00,SVDT1,35.7,69.1,1985,3176.4,0,120,1.2,6.8,3,0,0
02/08/2023 11:29:00,SVDT1,35.9,69.0,2005,3176.4,0,134,1.1,2.7,3,0,0
02/08/2023 11:30:00,SVDT1,36.1,68.9,2090,3176.4,0,85,0.9,1.7,3,0,0
02/08/2023 11:31:00,SVDT1,36.3,67.3,1790,3176.4,0,114,0.8,3.3,3,0,0
02/08/2023 11:32:00,SVDT1,36.1,67.4,1800,3176.4,0,76,0.7,0.9,3,0,0
02/08/2023 11:33:00,SVDT1,35.9,67.5,1894,3176.4,0,84,0.9,3.3,3,0,0
02/08/2023 11:34:00,SVDT1,35.8,67.6,1687,3176.4,0,90,0.7,1.8,3,0,0
02/08/2023 11:35:00,SVDT1,35.7,67.6,1588,3176.4,0,89,0.9,1.9,3,0,0
02/08/2023 11:36:00,SVDT1,35.6,69.1,1986,3176.4,0,113,1,3.5,3,0,0
02/08/2023 11:37:00,SVDT1,35.4,69.7,1875,3176.4,0,87,0.6,1.9,3,0,0
02/08/2023 11:38:00,SVDT1,35.5,69.6,1544,3176.4,0,97,1.2,3.2,3,0,0
02/08/2023 11:39:00,SVDT1,35.4,69.9,1417,3176.4,0,113,1.5,3.3,3,0,0
02/08/2023 11:40:00,SVDT1,35.3,70.4,1830,3176.4,0,135,1,4.3,3,0,0
02/08/2023 11:41:00,SVDT1,35.3,71.1,1626,3176.4,0,113,1,6.2,3,0,0
02/08/2023 11:42:00,SVDT1,35.2,70.7,1623,3176.4,0,97,1,3.2,3,0,0
02/08/2023 11:43:00,SVDT1,35.1,71.9,1589,3176.4,0,82,0.9,1.8,3,0,0
02/08/2023 11:44:00,SVDT1,35.0,71.3,1529,3176.4,0,110,0.7,3,3,0,0
02/08/2023 11:45:00,SVDT1,35.0,71.6,1389,3176.4,0,88,1,2.1,3,0,0
02/08/2023 11:46:00,SVDT1,34.9,71.6,1333,3176.4,0,70,0.8,2,3,0,0
02/08/2023 11:47:00,SVDT1,34.7,71.9,1342,3176.4,0,103,0.8,4,3,0,0
02/08/2023 11:48:00,SVDT1,34.5,71.7,1308,3176.4,0,100,1.2,3,3,0,0
02/08/2023 11:49:00,SVDT1,34.3,72.6,1210,3176.4,0,84,0.8,1.7,3,0,0
02/08/2023 11:50:00,SVDT1,34.3,73.0,1261,3176.4,0,72,0.6,1,3,0,0
02/08/2023 11:51:00,SVDT1,34.3,73.5,1275,3176.4,0,84,1,4.5,3,0,0
02/08/2023 11:52:00,SVDT1,34.4,73.7,1331,3176.4,0,135,0.9,3.9,3,0,0
02/08/2023 11:53:00,SVDT1,34.3,73.7,1428,3176.4,0,161,0.7,2.9,3,0,0
02/08/2023 11:54:00,SVDT1,34.2,74.2,1252,3176.4,0,93,1.9,10.8,3,0,0
02/08/2023 11:55:00,SVDT1,34.1,74.6,1260,3176.4,0,76,1.1,4.9,3,0,0
02/08/2023 11:56:00,SVDT1,34.0,73.9,1341,3176.4,0,120,0.7,2,3,0,0
02/08/2023 11:57:00,SVDT1,33.9,74.1,1562,3176.4,0,102,1.2,3.4,3,0,0
02/08/2023 11:58:00,SVDT1,33.9,74.6,1529,3176.4,0,90,0.9,4,3,0,0
02/08/2023 11:59:00,SVDT1,34.0,74.8,1523,3176.4,0,111,1.3,4.6,3,0,0
02/08/2023 12:00:00,SVDT1,34.0,74.8,1463,3176.4,0,59,0.9,2.3,3,0,0
02/08/2023 12:01:00,SVDT1,34.0,74.3,1406,3176.4,0,76,1.1,1.4,3,0,0
02/08/2023 12:02:00,SVDT1,34.0,74.0,1194,3176.4,0,106,1,1.8,3,0,0
02/08/2023 12:03:00,SVDT1,34.0,74.0,1331,3176.4,0,101,0.7,0.8,3,0,0
02/08/2023 12:04:00,SVDT1,34.0,74.3,1559,3176.4,0,116,0.8,2.2,3,0,0
02/08/2023 12:05:00,SVDT1,34.1,75.0,1763,3176.4,0,81,0.7,1.4,3,0,0
02/08/2023 12:06:00,SVDT1,34.2,74.9,2021,3176.4,0,73,0.6,1.1,3,0,0
02/08/2023 12:07:00,SVDT1,34.4,73.5,2672,3176.4,0,93,1.3,2.7,3,0,0
02/08/2023 12:08:00,SVDT1,34.5,72.6,2812,3176.4,0,109,0.7,1.4,3,0,0
02/08/2023 12:09:00,SVDT1,34.8,72.1,2993,3176.4,0,158,0.8,2.6,3,0,0
02/08/2023 12:10:00,SVDT1,35.1,70.6,2754,3176.4,0,88,1.3,1.6,3,0,0
02/08/2023 12:11:00,SVDT1,35.6,71.0,2971,3176.4,0,145,0.8,2.3,3,0,0
02/08/2023 12:12:00,SVDT1,36.0,69.4,3023,3176.4,0,104,0.5,1.9,3,0,0
02/08/2023 12:13:00,SVDT1,36.2,69.2,3241,3176.4,0,92,1.2,2.4,3,0,0
02/08/2023 12:14:00,SVDT1,36.4,69.3,2189,3176.4,0,140,1,17.4,3,0,0
02/08/2023 12:15:00,SVDT1,36.4,67.8,2691,3176.4,0,143,0.9,1.9,3,0,0
02/08/2023 12:16:00,SVDT1,36.4,68.0,2792,3176.4,0,79,1,1.5,3,0,0
02/08/2023 12:17:00,SVDT1,36.4,67.8,1846,3176.4,0,77,1,3.2,3,0,0
02/08/2023 12:18:00,SVDT1,36.1,67.2,2016,3176.4,0,70,0.8,1.7,3,0,0
02/08/2023 12:19:00,SVDT1,36.1,68.3,2348,3176.4,0,114,0.7,0.9,3,0,0
02/08/2023 12:20:00,SVDT1,36.1,68.4,2403,3176.4,0,89,0.8,1.5,3,0,0
02/08/2023 12:21:00,SVDT1,36.1,68.2,2437,3176.4,0,128,0.8,2.1,3,0,0
02/08/2023 12:22:00,SVDT1,36.0,68.3,2528,3176.4,0,112,1.1,2.9,3,0,0
02/08/2023 12:23:00,SVDT1,35.9,68.7,2123,3176.4,0,122,0.8,1.8,3,0,0
02/08/2023 12:24:00,SVDT1,36.1,68.7,2573,3176.4,0,150,1.1,1.6,3,0,0
02/08/2023 12:25:00,SVDT1,36.3,69.0,2798,3176.4,0,115,0.9,1.2,3,0,0
02/08/2023 12:26:00,SVDT1,36.2,67.6,2462,3176.4,0,89,1.7,8.5,3,0,0
02/08/2023 12:27:00,SVDT1,35.9,67.9,2209,3176.4,0,84,0.7,1.1,3,0,0
02/08/2023 12:28:00,SVDT1,35.7,68.5,2823,3176.4,0,152,0.8,2,3,0,0
02/08/2023 12:29:00,SVDT1,36.0,68.6,2371,3176.4,0,119,1.1,4.6,3,0,0
02/08/2023 12:30:00,SVDT1,36.1,68.4,2312,3176.4,0,102,0.7,1.2,3,0,0
02/08/2023 12:31:00,SVDT1,36.0,67.8,1420,3176.4,0,86,0.7,0.7,3,0,0
02/08/2023 12:32:00,SVDT1,35.5,68.8,1622,3176.4,0,84,1,4.3,3,0,0
02/08/2023 12:33:00,SVDT1,35.2,70.1,2140,3176.4,0,146,1.3,3.1,3,0,0
02/08/2023 12:34:00,SVDT1,35.1,69.8,2034,3176.4,0,108,1.6,3.6,3,0,0
02/08/2023 12:35:00,SVDT1,35.0,70.4,1503,3176.4,0,93,1.6,7.2,3,0,0
02/08/2023 12:36:00,SVDT1,34.8,70.3,1338,3176.4,0,119,1.5,5,3,0,0
02/08/2023 12:37:00,SVDT1,34.4,70.4,1915,3176.4,0,102,1.5,4.5,3,0,0
02/08/2023 12:38:00,SVDT1,34.3,71.9,2385,3176.4,0,84,1.1,2.4,3,0,0
02/08/2023 12:39:00,SVDT1,34.4,71.1,2497,3176.4,0,94,1.3,3,3,0,0
02/08/2023 12:40:00,SVDT1,34.6,71.2,2949,3176.4,0,101,1.6,4.4,3,0,0
02/08/2023 12:41:00,SVDT1,34.9,70.9,3418,3176.4,0,141,0.9,2.1,3,0,0
02/08/2023 12:42:00,SVDT1,35.1,69.9,3213,3176.4,0,100,0.7,1,3,0,0
02/08/2023 12:43:00,SVDT1,35.0,68.5,3100,3176.4,0,108,0.7,1.6,3,0,0
02/08/2023 12:44:00,SVDT1,35.2,69.1,2996,3176.4,0,99,0.9,2.2,3,0,0
02/08/2023 12:45:00,SVDT1,35.5,68.6,3108,3176.4,0,113,0.8,1.9,3,0,0
02/08/2023 12:46:00,SVDT1,35.6,67.6,2924,3176.4,0,97,1,2.3,3,0,0
02/08/2023 12:47:00,SVDT1,35.5,67.0,2999,3176.4,0,150,2.1,4.1,3,0,0
02/08/2023 12:48:00,SVDT1,35.4,67.1,2739,3176.4,0,84,1.3,3.5,3,0,0
02/08/2023 12:49:00,SVDT1,35.4,66.8,2642,3176.4,0,88,0.8,0.9,3,0,0
02/08/2023 12:50:00,SVDT1,35.5,66.7,2402,3176.4,0,136,0.6,1.9,3,0,0
02/08/2023 12:51:00,SVDT1,35.4,66.8,2257,3176.4,0,79,1.5,5.3,3,0,0
02/08/2023 12:52:00,SVDT1,35.3,67.4,1963,3176.4,0,128,1.4,4.5,3,0,0
02/08/2023 12:53:00,SVDT1,35.4,67.1,1551,3176.4,0,116,1.6,5,3,0,0
02/08/2023 12:54:00,SVDT1,35.2,67.5,1113,3176.4,0,78,1.1,2.2,3,0,0
02/08/2023 12:55:00,SVDT1,35.0,68.2,875,3176.4,0,95,0.5,0.6,3,0,0
02/08/2023 12:56:00,SVDT1,34.8,69.8,951,3176.4,0,132,0.8,0.9,3,0,0
02/08/2023 12:57:00,SVDT1,34.6,70.2,974,3176.4,0,112,1,1.4,3,0,0
02/08/2023 12:58:00,SVDT1,34.6,70.7,951,3176.4,0,144,0.7,1.2,3,0,0
02/08/2023 12:59:00,SVDT1,34.5,72.5,1157,3176.4,0,96,1.5,4.1,3,0,0
02/08/2023 13:00:00,SVDT1,34.5,72.7,1808,3176.4,0,71,1.5,5.8,3,0,0
02/08/2023 13:01:00,SVDT1,34.6,72.8,2489,3176.4,0,101,1.2,2.8,3,0,0
02/08/2023 13:02:00,SVDT1,34.7,72.7,2011,3176.4,0,75,1,2.3,3,0,0
02/08/2023 13:03:00,SVDT1,34.8,72.8,2089,3176.4,0,77,1.2,2.5,3,0,0
02/08/2023 13:04:00,SVDT1,34.9,72.6,2769,3176.4,0,105,1.5,4,3,0,0
02/08/2023 13:05:00,SVDT1,35.1,72.3,3580,3176.4,0,119,1.1,4.4,3,0,0
02/08/2023 13:06:00,SVDT1,35.3,70.4,2950,3176.4,0,124,1.1,3.2,3,0,0
02/08/2023 13:07:00,SVDT1,35.4,70.6,3011,3176.4,0,114,1.3,2.6,3,0,0
02/08/2023 13:08:00,SVDT1,35.7,71.5,2546,3176.4,0,81,1.1,2.8,3,0,0
02/08/2023 13:09:00,SVDT1,35.8,70.7,3254,3176.4,0,112,1.5,2.9,3,0,0
02/08/2023 13:10:00,SVDT1,36.0,68.5,3117,3176.4,0,168,1.2,1.6,3,0,0
02/08/2023 13:11:00,SVDT1,36.0,68.0,2100,3176.4,0,109,1.1,2,3,0,0
02/08/2023 13:12:00,SVDT1,35.9,68.3,1735,3176.4,0,101,1.2,1.7,3,0,0
02/08/2023 13:13:00,SVDT1,35.7,68.8,2463,3176.4,0,130,1.1,2,3,0,0
02/08/2023 13:14:00,SVDT1,35.8,70.1,4346,3176.4,0,92,1.8,3.8,3,0,0
02/08/2023 13:15:00,SVDT1,36.1,69.2,4385,3176.4,0,94,1.8,4.2,3,0,0
02/08/2023 13:16:00,SVDT1,36.2,68.0,4472,3176.4,0,114,1.1,4,3,0,0
02/08/2023 13:17:00,SVDT1,36.2,67.3,3526,3176.4,0,170,1.5,2.8,3,0,0
02/08/2023 13:18:00,SVDT1,36.3,67.5,3809,3176.4,0,80,1.5,4.2,3,0,0
02/08/2023 13:19:00,SVDT1,36.4,67.5,2682,3176.4,0,138,1,3.5,3,0,0
02/08/2023 13:20:00,SVDT1,36.3,66.9,3162,3176.4,0,108,1,3.3,3,0,0
02/08/2023 13:21:00,SVDT1,36.2,67.8,2467,3176.4,0,146,1.3,1.7,3,0,0
02/08/2023 13:22:00,SVDT1,36.1,65.6,2685,3176.4,0,113,1.1,2.7,3,0,0
02/08/2023 13:23:00,SVDT1,35.8,66.1,2795,3176.4,0,142,1.3,5.1,3,0,0
02/08/2023 13:24:00,SVDT1,35.5,66.5,2962,3176.4,0,112,1.2,3.7,3,0,0
02/08/2023 13:25:00,SVDT1,35.5,67.2,2807,3176.4,0,135,1.4,5.3,3,0,0
02/08/2023 13:26:00,SVDT1,35.6,67.0,2661,3176.4,0,119,1.3,3,3,0,0
02/08/2023 13:27:00,SVDT1,35.4,67.5,2325,3176.4,0,89,1.7,3.1,3,0,0
02/08/2023 13:28:00,SVDT1,35.3,67.1,2248,3176.4,0,105,1.7,3.2,3,0,0
02/08/2023 13:29:00,SVDT1,35.0,67.4,2754,3176.4,0,97,2.1,3.6,3,0,0
02/08/2023 13:30:00,SVDT1,35.0,68.2,3178,3176.4,0,147,1.2,2,3,0,0
02/08/2023 13:31:00,SVDT1,35.2,67.6,3182,3176.4,0,99,2.2,7.2,3,0,0
02/08/2023 13:32:00,SVDT1,35.3,67.5,2515,3176.4,0,85,2.4,5.7,3,0,0
02/08/2023 13:33:00,SVDT1,35.2,68.9,1420,3176.4,0,80,1.3,4.1,3,0,0
02/08/2023 13:34:00,SVDT1,34.9,69.1,1975,3176.4,0,86,1.7,3,3,0,0
02/08/2023 13:35:00,SVDT1,34.7,69.2,1990,3176.4,0,89,1,1.6,3,0,0
02/08/2023 13:36:00,SVDT1,34.6,69.5,2367,3176.4,0,94,0.9,3,3,0,0
02/08/2023 13:37:00,SVDT1,34.7,70.3,1769,3176.4,0,146,1.2,2.4,3,0,0
02/08/2023 13:38:00,SVDT1,34.7,70.6,1823,3176.4,0,82,0.8,1.2,3,0,0
02/08/2023 13:39:00,SVDT1,34.7,70.6,1957,3176.4,0,97,1.1,2.3,3,0,0
02/08/2023 13:40:00,SVDT1,34.7,70.4,1507,3176.4,0,90,1.2,2.6,3,0,0
02/08/2023 13:41:00,SVDT1,34.6,70.7,1589,3176.4,0,73,1.8,6.1,3,0,0
02/08/2023 13:42:00,SVDT1,34.5,70.9,1794,3176.4,0,86,1.3,2.3,3,0,0
02/08/2023 13:43:00,SVDT1,34.5,70.9,2191,3176.4,0,82,1.1,4.2,3,0,0
02/08/2023 13:44:00,SVDT1,34.5,71.5,1372,3176.4,0,115,1.9,6.6,3,0,0
02/08/2023 13:45:00,SVDT1,34.5,72.0,1036,3176.4,0,103,1.4,5,3,0,0
02/08/2023 13:46:00,SVDT1,34.5,71.5,1819,3176.4,0,87,1.2,2.8,3,0,0
02/08/2023 13:47:00,SVDT1,34.5,71.3,2729,3176.4,0,85,1.4,4.6,3,0,0
02/08/2023 13:48:00,SVDT1,34.5,72.2,3000,3176.4,0,122,2,4.5,3,0,0
02/08/2023 13:49:00,SVDT1,34.6,72.2,2997,3176.4,0,87,1.4,3.2,3,0,0
02/08/2023 13:50:00,SVDT1,34.6,73.1,1038,3176.4,0,94,1.7,8.6,3,0,0
02/08/2023 13:51:00,SVDT1,34.5,73.7,1990,3176.4,0,108,1.9,4.4,3,0,0
02/08/2023 13:52:00,SVDT1,34.6,71.9,3009,3176.4,0,99,2.5,4.3,3,0,0
02/08/2023 13:53:00,SVDT1,34.8,72.0,3207,3176.4,0,112,1.6,4.3,3,0,0
02/08/2023 13:54:00,SVDT1,34.9,71.3,2252,3176.4,0,98,2.3,6.1,3,0,0
02/08/2023 13:55:00,SVDT1,34.8,71.5,2370,3176.4,0,80,1.9,5,3,0,0
02/08/2023 13:56:00,SVDT1,34.6,71.5,1174,3176.4,0,125,2.1,7,3,0,0
02/08/2023 13:57:00,SVDT1,34.5,71.6,1472,3176.4,0,79,1.7,2.5,3,0,0
02/08/2023 13:58:00,SVDT1,34.5,71.8,2547,3176.4,0,88,2.2,8.8,3,0,0
02/08/2023 13:59:00,SVDT1,34.4,71.4,1174,3176.4,0,117,1.6,6.7,3,0,0
02/08/2023 14:00:00,SVDT1,34.3,70.9,1206,3176.4,0,77,2.3,7.6,3,0,0
02/08/2023 14:01:00,SVDT1,34.2,71.3,1320,3176.4,0,110,1.9,4.2,3,0,0
02/08/2023 14:02:00,SVDT1,34.1,71.5,1347,3176.4,0,188,1.7,4.8,3,0,0
02/08/2023 14:03:00,SVDT1,34.0,71.8,1301,3176.4,0,98,1.6,2.6,3,0,0
02/08/2023 14:04:00,SVDT1,33.9,72.3,1142,3176.4,0,119,2,8.2,3,0,0
02/08/2023 14:05:00,SVDT1,33.7,72.2,1030,3176.4,0,104,2.8,9.4,3,0,0
02/08/2023 14:06:00,SVDT1,33.6,72.7,959,3176.4,0,187,1.9,5.7,3,0,0
02/08/2023 14:07:00,SVDT1,33.6,72.6,984,3176.4,0,196,1.5,3.3,3,0,0
02/08/2023 14:08:00,SVDT1,33.6,72.8,1169,3176.4,0,107,1.1,2.1,3,0,0
02/08/2023 14:09:00,SVDT1,33.6,72.9,2001,3176.4,0,88,1.8,5.4,3,0,0
02/08/2023 14:10:00,SVDT1,33.7,72.5,3419,3176.4,0,118,1.7,2.9,3,0,0
02/08/2023 14:11:00,SVDT1,33.9,72.5,3320,3176.4,0,82,1.9,5.3,3,0,0
02/08/2023 14:12:00,SVDT1,34.0,72.3,1219,3176.4,0,138,1.9,5.1,3,0,0
02/08/2023 14:13:00,SVDT1,34.0,71.8,1038,3176.4,0,115,2.4,5.9,3,0,0
02/08/2023 14:14:00,SVDT1,33.9,73.1,1201,3176.4,0,95,1.9,3.3,3,0,0
02/08/2023 14:15:00,SVDT1,34.0,73.7,2417,3176.4,0,76,2.5,5.2,3,0,0
02/08/2023 14:16:00,SVDT1,34.1,72.4,3103,3176.4,0,86,1.3,2.3,3,0,0
02/08/2023 14:17:00,SVDT1,34.1,71.5,3319,3176.4,0,88,0.9,1.2,3,0,0
02/08/2023 14:18:00,SVDT1,34.1,71.3,1606,3176.4,0,112,1.3,2.9,3,0,0
02/08/2023 14:19:00,SVDT1,34.1,71.4,1596,3176.4,0,118,1.4,3.9,3,0,0
02/08/2023 14:20:00,SVDT1,34.0,71.5,1876,3176.4,0,118,1.5,4.5,3,0,0
02/08/2023 14:21:00,SVDT1,34.1,72.6,1853,3176.4,0,88,2.4,7.8,3,0,0
02/08/2023 14:22:00,SVDT1,34.1,72.1,1096,3176.4,0,99,1.6,3.7,3,0,0
02/08/2023 14:23:00,SVDT1,34.1,72.7,866,3176.4,0,61,1.9,4.3,3,0,0
02/08/2023 14:24:00,SVDT1,33.9,72.4,766,3176.4,0,125,2.6,8.2,3,0,0
02/08/2023 14:25:00,SVDT1,33.7,72.9,730,3176.4,0,130,2.2,6.1,3,0,0
02/08/2023 14:26:00,SVDT1,33.5,73.1,898,3176.4,0,86,1.2,1.6,3,0,0
02/08/2023 14:27:00,SVDT1,33.4,73.8,2033,3176.4,0,125,1.6,3.4,3,0,0
02/08/2023 14:28:00,SVDT1,33.5,74.2,1826,3176.4,0,118,1.5,2.6,3,0,0
02/08/2023 14:29:00,SVDT1,33.6,73.4,1419,3176.4,0,83,2.3,4.8,3,0,0
02/08/2023 14:30:00,SVDT1,33.6,73.7,1299,3176.4,0,76,2,2.8,3,0,0
02/08/2023 14:31:00,SVDT1,33.5,73.2,1103,3176.4,0,153,1.5,3.3,3,0,0
02/08/2023 14:32:00,SVDT1,33.4,73.2,1054,3176.4,0,95,1.6,2.4,3,0,0
02/08/2023 14:33:00,SVDT1,33.3,73.9,965,3176.4,0,101,1.5,2.8,3,0,0
02/08/2023 14:34:00,SVDT1,33.2,74.3,945,3176.4,0,140,1.2,9,3,0,0
02/08/2023 14:35:00,SVDT1,33.1,74.6,1119,3176.4,0,116,1.3,2.5,3,0,0
02/08/2023 14:36:00,SVDT1,33.1,74.2,1554,3176.4,0,100,1.5,5.8,3,0,0
02/08/2023 14:37:00,SVDT1,33.2,74.3,1368,3176.4,0,112,1.4,3.7,3,0,0
02/08/2023 14:38:00,SVDT1,33.0,74.2,964,3176.4,0,67,1.4,3,3,0,0
02/08/2023 14:39:00,SVDT1,32.9,74.3,752,3176.4,0,111,1.1,2.2,3,0,0
02/08/2023 14:40:00,SVDT1,32.9,75.0,666,3176.4,0,144,1.3,8.5,3,0,0
02/08/2023 14:41:00,SVDT1,32.8,75.7,644,3176.4,0,127,1.6,2.7,3,0,0
02/08/2023 14:42:00,SVDT1,32.7,75.5,758,3176.4,0,124,1.6,4,3,0,0
02/08/2023 14:43:00,SVDT1,32.7,75.7,925,3176.4,0,142,1.3,3.4,3,0,0
02/08/2023 14:44:00,SVDT1,32.6,76.2,1008,3176.4,0,102,1.9,5.6,3,0,0
02/08/2023 14:45:00,SVDT1,32.6,76.4,1001,3176.4,0,97,1.5,3.3,3,0,0
02/08/2023 14:46:00,SVDT1,32.5,74.7,969,3176.4,0,91,1.3,2.3,3,0,0
02/08/2023 14:47:00,SVDT1,32.5,74.8,937,3176.4,0,117,2,4.7,3,0,0
02/08/2023 14:48:00,SVDT1,32.5,75.0,876,3176.4,0,139,2.2,5.6,3,0,0
02/08/2023 14:49:00,SVDT1,32.4,75.3,805,3176.4,0,82,2,6.8,3,0,0
02/08/2023 14:50:00,SVDT1,32.4,75.8,802,3176.4,0,125,2.2,9.5,3,0,0
02/08/2023 14:51:00,SVDT1,32.3,75.5,849,3176.4,0,122,2.1,3.8,3,0,0
02/08/2023 14:52:00,SVDT1,32.4,75.8,911,3176.4,0,87,1.7,5.6,3,0,0
02/08/2023 14:53:00,SVDT1,32.3,75.2,1031,3176.4,0,82,1.7,6.7,3,0,0
02/08/2023 14:54:00,SVDT1,32.3,75.6,1376,3176.4,0,93,1.9,4.1,3,0,0
02/08/2023 14:55:00,SVDT1,32.3,76.2,1297,3176.4,0,76,1.7,4,3,0,0
02/08/2023 14:56:00,SVDT1,32.3,76.3,1354,3176.4,0,97,1.5,4.2,3,0,0
02/08/2023 14:57:00,SVDT1,32.5,76.1,1434,3176.4,0,62,1.3,3.4,3,0,0
02/08/2023 14:58:00,SVDT1,32.5,75.5,1506,3176.4,0,135,1.6,2.3,3,0,0
02/08/2023 14:59:00,SVDT1,32.6,75.3,1399,3176.4,0,105,2.1,3.5,3,0,0
02/08/2023 15:00:00,SVDT1,32.6,75.7,1312,3176.4,0,122,2,5.7,3,0,0
02/08/2023 15:01:00,SVDT1,32.7,76.4,1252,3176.4,0,108,1.6,3.8,3,0,0
02/08/2023 15:02:00,SVDT1,32.7,75.4,1063,3176.4,0,156,1.6,5.4,3,0,0
02/08/2023 15:03:00,SVDT1,32.6,75.4,941,3176.4,0,111,1.6,7.7,3,0,0
02/08/2023 15:04:00,SVDT1,32.5,75.8,1060,3176.4,0,130,1.3,2,3,0,0
02/08/2023 15:05:00,SVDT1,32.6,76.3,1357,3176.4,0,97,1.6,3,3,0,0
02/08/2023 15:06:00,SVDT1,32.6,76.0,1449,3176.4,0,135,1.3,3.9,3,0,0
02/08/2023 15:07:00,SVDT1,32.6,76.7,1430,3176.4,0,111,2.2,6.8,3,0,0
02/08/2023 15:08:00,SVDT1,32.6,76.2,1122,3176.4,0,146,1.8,3.9,3,0,0
02/08/2023 15:09:00,SVDT1,32.7,76.1,1000,3176.4,0,80,1,1.6,3,0,0
02/08/2023 15:10:00,SVDT1,32.7,76.2,696,3176.4,0,68,1.5,2.7,3,0,0
02/08/2023 15:11:00,SVDT1,32.5,76.2,688,3176.4,0,115,1.9,8.7,3,0,0
02/08/2023 15:12:00,SVDT1,32.4,76.2,665,3176.4,0,84,1.1,8.1,3,0,0
02/08/2023 15:13:00,SVDT1,32.3,77.0,541,3176.4,0,68,0.7,2.8,3,0,0
02/08/2023 15:14:00,SVDT1,32.2,77.3,499,3176.4,0,71,1.4,10.3,3,0,0
02/08/2023 15:15:00,SVDT1,32.0,77.4,489,3176.4,0,85,1.1,1.9,3,0,0
02/08/2023 15:16:00,SVDT1,32.0,77.9,552,3176.4,0,165,1.9,9,3,0,0
02/08/2023 15:17:00,SVDT1,31.9,78.2,597,3176.4,0,114,1.3,4.7,3,0,0
02/08/2023 15:18:00,SVDT1,31.8,78.3,678,3176.4,0,129,1.5,5.1,3,0,0
02/08/2023 15:19:00,SVDT1,31.7,77.9,686,3176.4,0,103,1.2,2.5,3,0,0
02/08/2023 15:20:00,SVDT1,31.7,77.5,670,3176.4,0,66,1.5,4.4,3,0,0
02/08/2023 15:21:00,SVDT1,31.6,77.1,670,3176.4,0,161,1.4,3.6,3,0,0
02/08/2023 15:22:00,SVDT1,31.5,77.3,671,3176.4,0,155,1.3,3.2,3,0,0
02/08/2023 15:23:00,SVDT1,31.5,77.6,730,3176.4,0,77,1.5,2.6,3,0,0
02/08/2023 15:24:00,SVDT1,31.6,78.0,859,3176.4,0,97,1.6,2.8,3,0,0
02/08/2023 15:25:00,SVDT1,31.6,77.7,897,3176.4,0,101,2.6,6.7,3,0,0
02/08/2023 15:26:00,SVDT1,31.7,77.5,925,3176.4,0,99,2.3,6.5,3,0,0
02/08/2023 15:27:00,SVDT1,31.7,77.8,973,3176.4,0,107,2.2,9.9,3,0,0
02/08/2023 15:28:00,SVDT1,31.8,77.8,938,3176.4,0,81,1.1,2.5,3,0,0
02/08/2023 15:29:00,SVDT1,31.8,77.8,871,3176.4,0,121,1.6,4.1,3,0,0
02/08/2023 15:30:00,SVDT1,31.8,78.0,837,3176.4,0,110,1.7,3.6,3,0,0
02/08/2023 15:31:00,SVDT1,31.8,77.9,758,3176.4,0,109,1.6,3.5,3,0,0
02/08/2023 15:32:00,SVDT1,31.8,78.5,676,3176.4,0,96,1.5,4,3,0,0
02/08/2023 15:33:00,SVDT1,31.8,78.8,613,3176.4,0,108,2.1,6.8,3,0,0
02/08/2023 15:34:00,SVDT1,31.8,79.1,573,3176.4,0,95,2,7.8,3,0,0
02/08/2023 15:35:00,SVDT1,31.7,79.3,601,3176.4,0,88,2.7,13,3,0,0
02/08/2023 15:36:00,SVDT1,31.7,79.5,601,3176.4,0,79,2.1,6.8,3,0,0
02/08/2023 15:37:00,SVDT1,31.7,79.8,598,3176.4,0,107,2.9,8.8,3,0,0
02/08/2023 15:38:00,SVDT1,31.6,79.6,612,3176.4,0,69,1.9,6.3,3,0,0
02/08/2023 15:39:00,SVDT1,31.6,79.9,614,3176.4,0,90,1.3,6.2,3,0,0
02/08/2023 15:40:00,SVDT1,31.5,80.0,614,3176.4,0,127,2.1,8.1,3,0,0
02/08/2023 15:41:00,SVDT1,31.5,80.4,634,3176.4,0,91,2.4,6.6,3,0,0
02/08/2023 15:42:00,SVDT1,31.4,80.3,689,3176.4,0,100,2.1,8.8,3,0,0
02/08/2023 15:43:00,SVDT1,31.4,80.5,683,3176.4,0,102,1.6,3.3,3,0,0
02/08/2023 15:44:00,SVDT1,31.4,80.3,701,3176.4,0,116,1.7,3.2,3,0,0
02/08/2023 15:45:00,SVDT1,31.4,80.3,719,3176.4,0,75,2.4,6.1,3,0,0
02/08/2023 15:46:00,SVDT1,31.4,80.5,745,3176.4,0,82,2.2,4.1,3,0,0
02/08/2023 15:47:00,SVDT1,31.4,80.8,742,3176.4,0,94,2,3.2,3,0,0
02/08/2023 15:48:00,SVDT1,31.4,80.8,734,3176.4,0,74,1.8,3.2,3,0,0
02/08/2023 15:49:00,SVDT1,31.4,80.9,736,3176.4,0,131,1.8,5,3,0,0
02/08/2023 15:50:00,SVDT1,31.4,80.6,759,3176.4,0,117,1.9,6.2,3,0,0
02/08/2023 15:51:00,SVDT1,31.4,80.5,768,3176.4,0,97,1.8,4.5,3,0,0
02/08/2023 15:52:00,SVDT1,31.4,80.1,783,3176.4,0,104,0.9,1.7,3,0,0
02/08/2023 15:53:00,SVDT1,31.4,80.2,799,3176.4,0,125,1.3,2.6,3,0,0
02/08/2023 15:54:00,SVDT1,31.4,80.4,735,3176.4,0,101,1.6,3.1,3,0,0
02/08/2023 15:55:00,SVDT1,31.3,80.6,716,3176.4,0,86,1.9,3.3,3,0,0
02/08/2023 15:56:00,SVDT1,31.3,80.8,762,3176.4,0,107,2,5.2,3,0,0
02/08/2023 15:57:00,SVDT1,31.3,80.6,750,3176.4,0,137,1.5,2.1,3,0,0
02/08/2023 15:58:00,SVDT1,31.4,80.8,700,3176.4,0,86,2.1,4.8,3,0,0
02/08/2023 15:59:00,SVDT1,31.4,80.6,673,3176.4,0,63,1,4.3,3,0,0
02/08/2023 16:00:00,SVDT1,31.4,80.7,630,3176.4,0,110,1.5,6.7,3,0,0
02/08/2023 16:01:00,SVDT1,31.3,80.4,635,3176.4,0,124,1.7,4,3,0,0
02/08/2023 16:02:00,SVDT1,31.3,80.3,727,3176.4,0,97,2,3.1,3,0,0
02/08/2023 16:03:00,SVDT1,31.3,80.4,777,3176.4,0,97,2,4,3,0,0
02/08/2023 16:04:00,SVDT1,31.4,80.7,839,3176.4,0,134,2.1,8.6,3,0,0
02/08/2023 16:05:00,SVDT1,31.4,80.8,877,3176.4,0,107,1.3,2.2,3,0,0
02/08/2023 16:06:00,SVDT1,31.4,80.9,916,3176.4,0,82,2.2,3.8,3,0,0
02/08/2023 16:07:00,SVDT1,31.4,81.1,943,3176.4,0,122,2.1,5.1,3,0,0
02/08/2023 16:08:00,SVDT1,31.5,81.2,968,3176.4,0,89,1.9,3.3,3,0,0
02/08/2023 16:09:00,SVDT1,31.5,80.7,965,3176.4,0,115,2.1,3.4,3,0,0
02/08/2023 16:10:00,SVDT1,31.6,80.5,943,3176.4,0,103,2,4.4,3,0,0
02/08/2023 16:11:00,SVDT1,31.6,80.2,960,3176.4,0,145,2,7.5,3,0,0
02/08/2023 16:12:00,SVDT1,31.7,80.5,990,3176.4,0,110,1.7,3.8,3,0,0
02/08/2023 16:13:00,SVDT1,31.8,80.2,970,3176.4,0,101,1.6,3,3,0,0
02/08/2023 16:14:00,SVDT1,31.7,80.0,945,3176.4,0,79,1.9,5.8,3,0,0
02/08/2023 16:15:00,SVDT1,31.7,81.0,926,3176.4,0,113,2.1,11.1,3,0,0
02/08/2023 16:16:00,SVDT1,31.8,80.5,935,3176.4,0,110,1.8,6.6,3,0,0
02/08/2023 16:17:00,SVDT1,31.8,80.4,929,3176.4,0,110,2,6.3,3,0,0
02/08/2023 16:18:00,SVDT1,31.8,80.9,917,3176.4,0,75,1.5,5.3,3,0,0
02/08/2023 16:19:00,SVDT1,31.8,80.6,912,3176.4,0,120,1.7,8.8,3,0,0
02/08/2023 16:20:00,SVDT1,31.7,80.4,919,3176.4,0,85,2.2,4.1,3,0,0
02/08/2023 16:21:00,SVDT1,31.7,80.4,880,3176.4,0,106,1.3,2,3,0,0
02/08/2023 16:22:00,SVDT1,31.8,80.7,859,3176.4,0,108,2.7,6.6,3,0,0
02/08/2023 16:23:00,SVDT1,31.8,80.7,841,3176.4,0,72,2.5,5.7,3,0,0
02/08/2023 16:24:00,SVDT1,31.9,81.3,852,3176.4,0,90,1.5,3.3,3,0,0
02/08/2023 16:25:00,SVDT1,31.8,80.2,872,3176.4,0,98,1.5,7.1,3,0,0
02/08/2023 16:26:00,SVDT1,31.8,80.2,846,3176.4,0,82,1.7,8.4,3,0,0
02/08/2023 16:27:00,SVDT1,31.8,80.4,738,3176.4,0,98,2.1,5.3,3,0,0
02/08/2023 16:28:00,SVDT1,31.8,80.7,699,3176.4,0,113,1.6,4.2,3,0,0
02/08/2023 16:29:00,SVDT1,31.7,80.7,678,3176.4,0,106,1.6,4.1,3,0,0
02/08/2023 16:30:00,SVDT1,31.7,80.6,669,3176.4,0,112,1.8,4.3,3,0,0
02/08/2023 16:31:00,SVDT1,31.6,80.6,621,3176.4,0,83,2.1,5.3,3,0,0
02/08/2023 16:32:00,SVDT1,31.4,81.1,566,3176.4,0,91,2,7.7,3,0,0
02/08/2023 16:33:00,SVDT1,31.4,80.8,577,3176.4,0,102,2.1,5.2,3,0,0
02/08/2023 16:34:00,SVDT1,31.3,81.4,612,3176.4,0,114,1.4,3.4,3,0,0
02/08/2023 16:35:00,SVDT1,31.3,81.1,614,3176.4,0,83,1.7,6.9,3,0,0
02/08/2023 16:36:00,SVDT1,31.2,81.0,614,3176.4,0,87,1.5,6.5,3,0,0
02/08/2023 16:37:00,SVDT1,31.2,80.9,614,3176.4,0,115,2.4,11.2,3,0,0
02/08/2023 16:38:00,SVDT1,31.3,81.0,614,3176.4,0,119,2,5.2,3,0,0
02/08/2023 16:39:00,SVDT1,31.3,81.0,614,3176.4,0,121,1.9,4.6,3,0,0
02/08/2023 16:40:00,SVDT1,31.2,81.0,610,3176.4,0,90,1.9,3.8,3,0,0
02/08/2023 16:41:00,SVDT1,31.2,81.3,613,3176.4,0,122,2.1,3.9,3,0,0
02/08/2023 16:42:00,SVDT1,31.1,81.2,669,3176.4,0,105,2.1,3.6,3,0,0
02/08/2023 16:43:00,SVDT1,31.1,81.5,683,3176.4,0,90,1.8,5.1,3,0,0
02/08/2023 16:44:00,SVDT1,31.1,81.5,673,3176.4,0,113,1.7,3.8,3,0,0
02/08/2023 16:45:00,SVDT1,31.1,81.7,668,3176.4,0,103,1.5,3.4,3,0,0
02/08/2023 16:46:00,SVDT1,31.1,81.2,668,3176.4,0,87,2.6,7.9,3,0,0
02/08/2023 16:47:00,SVDT1,31.0,81.2,668,3176.4,0,83,1.8,8.6,3,0,0
02/08/2023 16:48:00,SVDT1,31.0,81.3,668,3176.4,0,114,2.4,4.5,3,0,0
02/08/2023 16:49:00,SVDT1,31.0,81.3,668,3176.4,0,98,2,5,3,0,0
02/08/2023 16:50:00,SVDT1,31.0,81.5,668,3176.4,0,70,1.8,6.8,3,0,0
02/08/2023 16:51:00,SVDT1,31.0,82.2,668,3176.4,0,91,1.7,6.4,3,0,0
02/08/2023 16:52:00,SVDT1,31.0,81.7,668,3176.4,0,117,1.3,3.1,3,0,0
02/08/2023 16:53:00,SVDT1,31.0,81.6,668,3176.4,0,90,1.6,5.2,3,0,0
02/08/2023 16:54:00,SVDT1,31.0,81.7,668,3176.4,0,98,1.5,3,3,0,0
02/08/2023 16:55:00,SVDT1,30.9,81.6,668,3176.4,0,98,1.4,2.5,3,0,0
02/08/2023 16:56:00,SVDT1,30.9,81.8,655,3176.4,0,119,1.1,2.1,3,0,0
02/08/2023 16:57:00,SVDT1,30.9,82.2,609,3176.4,0,101,1.1,1.7,3,0,0
02/08/2023 16:58:00,SVDT1,30.9,82.2,597,3176.4,0,110,1.5,2.7,3,0,0
02/08/2023 16:59:00,SVDT1,30.9,82.7,584,3176.4,0,119,1.5,4.2,3,0,0
02/08/2023 17:00:00,SVDT1,30.9,82.8,564,3176.4,0,102,1.7,2.5,3,0,0
02/08/2023 17:01:00,SVDT1,30.9,82.7,547,3176.4,0,113,2.1,3.9,3,0,0
02/08/2023 17:02:00,SVDT1,30.9,82.3,536,3176.4,0,87,2.1,4.4,3,0,0
02/08/2023 17:03:00,SVDT1,30.8,82.5,528,3176.4,0,82,2.3,4.7,3,0,0
02/08/2023 17:04:00,SVDT1,30.8,82.5,521,3176.4,0,90,2.6,7.1,3,0,0
02/08/2023 17:05:00,SVDT1,30.8,82.6,509,3176.4,0,73,2.3,5.4,3,0,0
02/08/2023 17:06:00,SVDT1,30.8,82.6,492,3176.4,0,117,2.6,5.1,3,0,0
02/08/2023 17:07:00,SVDT1,30.7,82.4,477,3176.4,0,77,1.7,3.1,3,0,0
02/08/2023 17:08:00,SVDT1,30.7,82.5,462,3176.4,0,77,2.5,6.3,3,0,0
02/08/2023 17:09:00,SVDT1,30.6,83.0,448,3176.4,0,76,2.9,8.5,3,0,0
02/08/2023 17:10:00,SVDT1,30.6,82.6,435,3176.4,0,75,3.3,9.9,3,0,0
02/08/2023 17:11:00,SVDT1,30.6,82.6,423,3176.4,0,99,3.1,6,3,0,0
02/08/2023 17:12:00,SVDT1,30.5,82.7,410,3176.4,0,100,2.3,5.1,3,0,0
02/08/2023 17:13:00,SVDT1,30.5,83.2,397,3176.4,0,85,2.3,4.4,3,0,0
02/08/2023 17:14:00,SVDT1,30.5,83.2,386,3176.4,0,75,2.1,4.9,3,0,0
02/08/2023 17:15:00,SVDT1,30.4,82.9,373,3176.4,0,114,1.7,4,3,0,0
02/08/2023 17:16:00,SVDT1,30.4,83.0,359,3176.4,0,94,1.6,2.2,3,0,0
02/08/2023 17:17:00,SVDT1,30.4,83.6,346,3176.4,0,114,2.6,4.8,3,0,0
02/08/2023 17:18:00,SVDT1,30.4,83.6,333,3176.4,0,112,3.1,6.4,3,0,0
02/08/2023 17:19:00,SVDT1,30.3,83.7,315,3176.4,0,115,2.4,7.5,3,0,0
02/08/2023 17:20:00,SVDT1,30.3,83.6,292,3176.4,0,77,1.4,5.7,3,0,0
02/08/2023 17:21:00,SVDT1,30.3,83.9,281,3176.4,0,85,2.1,3.1,3,0,0
02/08/2023 17:22:00,SVDT1,30.3,84.6,286,3176.4,0,87,1.8,3.1,3,0,0
02/08/2023 17:23:00,SVDT1,30.3,84.8,286,3176.4,0,102,2.5,4.8,3,0,0
02/08/2023 17:24:00,SVDT1,30.2,84.9,283,3176.4,0,97,1.6,3,3,0,0
02/08/2023 17:25:00,SVDT1,30.2,85.3,282,3176.4,0,100,1.5,2.6,3,0,0
02/08/2023 17:26:00,SVDT1,30.2,85.6,275,3176.4,0,121,2,7.1,3,0,0
02/08/2023 17:27:00,SVDT1,30.2,85.7,270,3176.4,0,122,1.6,5.5,3,0,0
02/08/2023 17:28:00,SVDT1,30.2,85.6,264,3176.4,0,100,1.2,1.6,3,0,0
02/08/2023 17:29:00,SVDT1,30.1,86.1,254,3176.4,0,85,1.5,2.4,3,0,0
02/08/2023 17:30:00,SVDT1,30.1,86.1,251,3176.4,0,100,1.6,2.5,3,0,0
02/08/2023 17:31:00,SVDT1,30.1,85.8,240,3176.4,0,72,1.7,6.1,3,0,0
02/08/2023 17:32:00,SVDT1,30.0,85.6,236,3176.4,0,130,1.4,3.6,3,0,0
02/08/2023 17:33:00,SVDT1,30.0,85.9,226,3176.4,0,71,1.5,4,3,0,0
02/08/2023 17:34:00,SVDT1,30.0,86.0,221,3176.4,0,135,1.7,3.5,3,0,0
02/08/2023 17:35:00,SVDT1,30.0,86.1,224,3176.4,0,89,2.3,5.6,3,0,0
02/08/2023 17:36:00,SVDT1,30.0,86.0,214,3176.4,0,87,1.9,6.1,3,0,0
02/08/2023 17:37:00,SVDT1,30.0,86.2,210,3176.4,0,142,1.9,16.1,3,0,0
02/08/2023 17:38:00,SVDT1,29.9,86.0,213,3176.4,0,106,3.1,7.7,3,0,0
02/08/2023 17:39:00,SVDT1,29.9,85.9,214,3176.4,0,81,2.6,5,3,0,0
02/08/2023 17:40:00,SVDT1,29.9,86.3,219,3176.4,0,95,1.9,3.4,3,0,0
02/08/2023 17:41:00,SVDT1,29.9,86.4,212,3176.4,0,95,2.1,7.4,3,0,0
02/08/2023 17:42:00,SVDT1,29.8,86.6,200,3176.4,0,104,2,4.4,3,0,0
02/08/2023 17:43:00,SVDT1,29.8,86.5,186,3176.4,0,83,2.2,4.8,3,0,0
02/08/2023 17:44:00,SVDT1,29.8,86.8,182,3176.4,0,109,2.1,7,3,0,0
02/08/2023 17:45:00,SVDT1,29.8,87.2,174,3176.4,0,103,2.1,4.6,3,0,0
02/08/2023 17:46:00,SVDT1,29.7,87.0,166,3176.4,0,92,2.3,6.4,3,0,0
02/08/2023 17:47:00,SVDT1,29.7,87.0,162,3176.4,0,155,2.9,4.9,3,0,0
02/08/2023 17:48:00,SVDT1,29.6,87.2,157,3176.4,0,127,3,4.4,3,0,0
02/08/2023 17:49:00,SVDT1,29.6,87.0,151,3176.4,0,82,2.2,3.5,3,0,0
02/08/2023 17:50:00,SVDT1,29.6,87.0,141,3176.4,0,105,2,4.4,3,0,0
02/08/2023 17:51:00,SVDT1,29.6,87.2,130,3176.4,0,135,2.8,9.8,3,0,0
02/08/2023 17:52:00,SVDT1,29.6,87.3,134,3176.4,0,101,2.4,4.3,3,0,0
02/08/2023 17:53:00,SVDT1,29.5,87.5,132,3176.4,0,100,2.3,5.5,3,0,0
02/08/2023 17:54:00,SVDT1,29.5,87.4,125,3176.4,0,112,2.7,7.3,3,0,0
02/08/2023 17:55:00,SVDT1,29.5,87.7,117,3176.4,0,110,2,5.6,3,0,0
02/08/2023 17:56:00,SVDT1,29.5,87.6,108,3176.4,0,113,3.3,15.1,3,0,0
02/08/2023 17:57:00,SVDT1,29.5,87.7,104,3176.4,0,92,2.9,9.5,3,0,0
02/08/2023 17:58:00,SVDT1,29.4,87.9,99,3176.4,0,87,2.2,5.1,3,0,0
02/08/2023 17:59:00,SVDT1,29.4,88.0,91,3176.4,0,147,2.7,11.2,3,0,0
02/08/2023 18:00:00,SVDT1,29.4,87.9,82,3176.4,0,118,2.6,10.2,3,0,0
02/08/2023 18:01:00,SVDT1,29.3,88.1,77,3176.4,0,71,1.9,5.9,3,0,0
02/08/2023 18:02:00,SVDT1,29.3,88.3,72,3176.4,0,115,2.1,6.5,3,0,0
02/08/2023 18:03:00,SVDT1,29.3,88.3,65,3176.4,0,95,2.3,9.2,3,0,0
02/08/2023 18:04:00,SVDT1,29.3,88.8,58,3176.4,0,76,1.6,5.2,3,0,0
02/08/2023 18:05:00,SVDT1,29.2,88.7,51,3176.4,0,76,1.7,5.6,3,0,0
02/08/2023 18:06:00,SVDT1,29.2,88.8,45,3176.4,0,114,1.9,4.7,3,0,0
02/08/2023 18:07:00,SVDT1,29.2,89.1,39,3176.4,0,99,1.7,3.3,3,0,0
02/08/2023 18:08:00,SVDT1,29.1,89.0,34,3176.4,0,101,2.1,5.6,3,0,0
02/08/2023 18:09:00,SVDT1,29.1,89.1,29,3176.4,0,95,2.6,5.7,3,0,0
02/08/2023 18:10:00,SVDT1,29.1,89.2,25,3176.4,0,119,2.5,6.3,3,0,0
02/08/2023 18:11:00,SVDT1,29.0,89.2,22,3176.4,0,100,1.9,3.4,3,0,0
02/08/2023 18:12:00,SVDT1,29.0,89.3,19,3176.4,0,84,1.5,3.5,3,0,0
02/08/2023 18:13:00,SVDT1,29.0,89.1,16,3176.4,0,92,2.1,4.4,3,0,0
02/08/2023 18:14:00,SVDT1,29.0,89.4,15,3176.4,0,110,2.4,5.3,3,0,0
02/08/2023 18:15:00,SVDT1,28.9,89.5,13,3176.4,0,105,1.7,6.1,3,0,0
02/08/2023 18:16:00,SVDT1,28.9,89.6,11,3176.4,0,97,1.6,5.5,3,0,0
02/08/2023 18:17:00,SVDT1,28.9,89.8,10,3176.4,0,132,1.7,2.6,3,0,0
02/08/2023 18:18:00,SVDT1,28.9,89.8,8,3176.4,0,96,1.5,2.7,3,0,0
02/08/2023 18:19:00,SVDT1,28.8,89.8,7,3176.4,0,65,1.3,3.2,3,0,0
02/08/2023 18:20:00,SVDT1,28.8,89.9,7,3176.4,0,97,1.5,4.5,3,0,0
02/08/2023 18:21:00,SVDT1,28.8,89.9,6,3176.4,0,140,1.5,3.8,3,0,0
02/08/2023 18:22:00,SVDT1,28.8,90.0,5,3176.4,0,94,1.7,5.8,3,0,0
02/08/2023 18:23:00,SVDT1,28.8,90.0,4,3176.4,0,90,1.7,3.4,3,0,0
02/08/2023 18:24:00,SVDT1,28.8,90.2,4,3176.4,0,118,2.2,4.6,3,0,0
02/08/2023 18:25:00,SVDT1,28.8,90.0,3,3176.4,0,105,1.2,2,3,0,0
02/08/2023 18:26:00,SVDT1,28.8,90.1,3,3176.4,0,86,2.3,5.9,3,0,0
02/08/2023 18:27:00,SVDT1,28.7,90.3,2,3176.4,0,116,1.6,2.4,3,0,0
02/08/2023 18:28:00,SVDT1,28.7,90.4,2,3176.4,0,94,1.2,2.8,3,0,0
02/08/2023 18:29:00,SVDT1,28.7,90.5,2,3176.4,0,126,1.7,4.7,3,0,0
02/08/2023 18:30:00,SVDT1,28.7,90.7,1,3176.4,0,76,1.3,5.6,3,0,0
02/08/2023 18:31:00,SVDT1,28.6,90.8,1,3176.4,0,107,1.1,3.2,3,0,0
02/08/2023 18:32:00,SVDT1,28.6,90.8,1,3176.4,0,107,1.2,2.1,3,0,0
02/08/2023 18:33:00,SVDT1,28.6,90.8,0,3176.4,0,93,1,1.6,3,0,0
02/08/2023 18:34:00,SVDT1,28.6,90.8,0,3176.4,0,147,1.3,3.1,3,0,0
02/08/2023 18:35:00,SVDT1,28.6,90.9,0,3176.4,0,117,0.8,1.9,3,0,0
02/08/2023 18:36:00,SVDT1,28.6,90.8,0,3176.4,0,107,1.3,3.5,3,0,0
02/08/2023 18:37:00,SVDT1,28.6,90.9,0,3176.4,0,74,1,1.2,3,0,0
02/08/2023 18:38:00,SVDT1,28.6,91.0,0,3176.4,0,96,1.1,2.4,3,0,0
02/08/2023 18:39:00,SVDT1,28.6,91.1,0,3176.4,0,88,1.6,2.5,3,0,0
02/08/2023 18:40:00,SVDT1,28.5,91.0,0,3176.4,0,73,1.3,3,3,0,0
02/08/2023 18:41:00,SVDT1,28.5,91.0,0,3176.4,0,79,2.6,5.5,3,0,0
02/08/2023 18:42:00,SVDT1,28.5,91.1,0,3176.4,0,73,1.5,2.2,3,0,0
02/08/2023 18:43:00,SVDT1,28.5,91.1,0,3176.4,0,81,1.7,3.4,3,0,0
02/08/2023 18:44:00,SVDT1,28.5,91.2,0,3176.4,0,111,1.2,2.5,3,0,0
02/08/2023 18:45:00,SVDT1,28.5,90.9,0,3176.4,0,101,1.2,1.9,3,0,0
02/08/2023 18:46:00,SVDT1,28.5,91.1,0,3176.4,0,89,1.5,3,3,0,0
02/08/2023 18:47:00,SVDT1,28.5,91.2,0,3176.4,0,94,2.2,4.5,3,0,0
02/08/2023 18:48:00,SVDT1,28.5,91.3,0,3176.4,0,150,1.7,10.8,3,0,0
02/08/2023 18:49:00,SVDT1,28.4,91.5,0,3176.4,0,112,1.3,2.6,3,0,0
02/08/2023 18:50:00,SVDT1,28.4,91.4,0,3176.4,0,85,1.4,5.1,3,0,0
02/08/2023 18:51:00,SVDT1,28.4,91.4,0,3176.4,0,128,1.2,2.6,3,0,0
02/08/2023 18:52:00,SVDT1,28.4,91.4,0,3176.4,0,66,1.8,6.5,3,0,0
02/08/2023 18:53:00,SVDT1,28.4,91.5,0,3176.4,0,102,0.9,5.1,3,0,0
02/08/2023 18:54:00,SVDT1,28.4,91.5,0,3176.4,0,97,1.1,1.6,3,0,0
02/08/2023 18:55:00,SVDT1,28.4,91.7,0,3176.4,0,97,1.9,4.5,3,0,0
02/08/2023 18:56:00,SVDT1,28.4,91.8,0,3176.4,0,75,1.3,2.1,3,0,0
02/08/2023 18:57:00,SVDT1,28.4,91.7,0,3176.4,0,137,1.5,7.6,3,0,0
02/08/2023 18:58:00,SVDT1,28.4,91.8,0,3176.4,0,124,1.2,2.2,3,0,0
02/08/2023 18:59:00,SVDT1,28.3,91.8,0,3176.4,0,107,0.9,1.8,3,0,0
02/08/2023 19:00:00,SVDT1,28.4,91.9,0,3176.4,0,108,1.2,2.1,3,0,0
02/08/2023 19:01:00,SVDT1,28.4,91.9,0,3176.4,0,113,1.2,2.3,3,0,0
02/08/2023 19:02:00,SVDT1,28.3,92.0,0,3176.4,0,80,1.5,3.7,3,0,0
02/08/2023 19:03:00,SVDT1,28.3,92.0,0,3176.4,0,84,1.9,6.5,3,0,0
02/08/2023 19:04:00,SVDT1,28.3,92.0,0,3176.4,0,87,1.3,6.3,3,0,0
02/08/2023 19:05:00,SVDT1,28.3,92.1,0,3176.4,0,100,2,3.2,3,0,0
02/08/2023 19:06:00,SVDT1,28.3,92.1,0,3176.4,0,124,1.9,4.2,3,0,0
02/08/2023 19:07:00,SVDT1,28.3,92.3,0,3176.4,0,128,1.6,4.1,3,0,0
02/08/2023 19:08:00,SVDT1,28.2,92.3,0,3176.4,0,75,1.8,4.1,3,0,0
02/08/2023 19:09:00,SVDT1,28.2,92.4,0,3176.4,0,74,1.9,5.3,3,0,0
02/08/2023 19:10:00,SVDT1,28.2,92.5,0,3176.4,0,86,1,2.4,3,0,0
02/08/2023 19:11:00,SVDT1,28.2,92.6,0,3176.4,0,121,1.3,7.2,3,0,0
02/08/2023 19:12:00,SVDT1,28.2,92.5,0,3176.4,0,119,1.5,4.7,3,0,0
02/08/2023 19:13:00,SVDT1,28.2,92.5,0,3176.4,0,117,0.8,2,3,0,0
02/08/2023 19:14:00,SVDT1,28.2,92.5,0,3176.4,0,65,1.6,5.7,3,0,0
02/08/2023 19:15:00,SVDT1,28.2,92.6,0,3176.4,0,96,1,1.8,3,0,0
02/08/2023 19:16:00,SVDT1,28.2,92.6,0,3176.4,0,93,0.9,1.4,3,0,0
02/08/2023 19:17:00,SVDT1,28.2,92.6,0,3176.4,0,129,1.3,2,3,0,0
02/08/2023 19:18:00,SVDT1,28.2,92.6,0,3176.4,0,96,1.9,3.2,3,0,0
02/08/2023 19:19:00,SVDT1,28.2,92.6,0,3176.4,0,113,1.4,3.1,3,0,0
02/08/2023 19:20:00,SVDT1,28.2,92.6,0,3176.4,0,110,1.3,2.7,3,0,0
02/08/2023 19:21:00,SVDT1,28.2,92.6,0,3176.4,0,108,1.3,3.7,3,0,0
02/08/2023 19:22:00,SVDT1,28.2,92.6,0,3176.4,0,66,1,2.6,3,0,0
02/08/2023 19:23:00,SVDT1,28.2,92.7,0,3176.4,0,152,1.2,3.1,3,0,0
02/08/2023 19:24:00,SVDT1,28.1,92.7,0,3176.4,0,119,1.9,4.5,3,0,0
02/08/2023 19:25:00,SVDT1,28.1,92.7,0,3176.4,0,80,1.5,2.3,3,0,0
02/08/2023 19:26:00,SVDT1,28.1,92.8,0,3176.4,0,131,0.8,3.6,3,0,0
02/08/2023 19:27:00,SVDT1,28.1,92.8,0,3176.4,0,155,1.5,2.7,3,0,0
02/08/2023 19:28:00,SVDT1,28.1,92.9,0,3176.4,0,106,1.2,2.5,3,0,0
02/08/2023 19:29:00,SVDT1,28.1,92.8,0,3176.4,0,79,1.3,4.6,3,0,0
02/08/2023 19:30:00,SVDT1,28.1,92.7,0,3176.4,0,98,1.1,5,3,0,0
02/08/2023 19:31:00,SVDT1,28.1,92.7,0,3176.4,0,116,1.1,1.5,3,0,0
02/08/2023 19:32:00,SVDT1,28.1,92.7,0,3176.4,0,115,1.9,4.4,3,0,0
02/08/2023 19:33:00,SVDT1,28.2,92.8,0,3176.4,0,118,1.3,3.4,3,0,0
02/08/2023 19:34:00,SVDT1,28.1,92.8,0,3176.4,0,93,1.3,2.9,3,0,0
02/08/2023 19:35:00,SVDT1,28.1,92.8,0,3176.4,0,111,1.3,5.4,3,0,0
02/08/2023 19:36:00,SVDT1,28.1,92.9,0,3176.4,0,119,1.9,10.4,3,0,0
02/08/2023 19:37:00,SVDT1,28.1,92.9,0,3176.4,0,113,1.1,2.7,3,0,0
02/08/2023 19:38:00,SVDT1,28.1,92.9,0,3176.4,0,124,1.5,8.6,3,0,0
02/08/2023 19:39:00,SVDT1,28.1,92.9,0,3176.4,0,61,1,1.4,3,0,0
02/08/2023 19:40:00,SVDT1,28.1,93.0,0,3176.4,0,96,1.2,1.8,3,0,0
02/08/2023 19:41:00,SVDT1,28.1,93.0,0,3176.4,0,127,1.1,1.7,3,0,0
02/08/2023 19:42:00,SVDT1,28.1,93.1,0,3176.4,0,82,1.4,3.3,3,0,0
02/08/2023 19:43:00,SVDT1,28.1,93.0,0,3176.4,0,81,1.5,3.3,3,0,0
02/08/2023 19:44:00,SVDT1,28.1,93.1,0,3176.4,0,91,1.4,2.8,3,0,0
02/08/2023 19:45:00,SVDT1,28.1,93.1,0,3176.4,0,107,1.3,2.8,3,0,0
02/08/2023 19:46:00,SVDT1,28.1,93.0,0,3176.4,0,67,2,6.8,3,0,0
02/08/2023 19:47:00,SVDT1,28.1,93.0,0,3176.4,0,145,1.2,4.9,3,0,0
02/08/2023 19:48:00,SVDT1,28.1,93.0,0,3176.4,0,128,1.3,3.3,3,0,0
02/08/2023 19:49:00,SVDT1,28.1,93.1,0,3176.4,0,103,1,1.7,3,0,0
02/08/2023 19:50:00,SVDT1,28.1,93.1,0,3176.4,0,98,1,2.6,3,0,0
02/08/2023 19:51:00,SVDT1,28.1,93.1,0,3176.4,0,108,0.9,2.4,3,0,0
02/08/2023 19:52:00,SVDT1,28.1,93.1,0,3176.4,0,96,1.3,5.5,3,0,0
02/08/2023 19:53:00,SVDT1,28.1,93.1,0,3176.4,0,86,0.9,4.3,3,0,0
02/08/2023 19:54:00,SVDT1,28.1,93.0,0,3176.4,0,199,1.1,3,3,0,0
02/08/2023 19:55:00,SVDT1,28.1,93.0,0,3176.4,0,148,1.2,7.6,3,0,0
02/08/2023 19:56:00,SVDT1,28.1,93.0,0,3176.4,0,158,1.2,3.6,3,0,0
02/08/2023 19:57:00,SVDT1,28.1,93.1,0,3176.4,0,83,0.8,2.1,3,0,0
02/08/2023 19:58:00,SVDT1,28.1,93.2,0,3176.4,0,114,1.2,2.4,3,0,0
02/08/2023 19:59:00,SVDT1,28.1,93.3,0,3176.4,0,80,1.4,8,3,0,0
02/08/2023 20:00:00,SVDT1,28.1,93.3,0,3176.4,0,84,1.2,6.1,3,0,0
02/08/2023 20:01:00,SVDT1,28.1,93.3,0,3176.4,0,126,2,6,3,0,0
02/08/2023 20:02:00,SVDT1,28.1,93.2,0,3176.4,0,121,1.7,5.7,3,0,0
02/08/2023 20:03:00,SVDT1,28.1,93.3,0,3176.4,0,96,1.2,2.6,3,0,0
02/08/2023 20:04:00,SVDT1,28.1,93.4,0,3176.4,0,90,1.6,6.9,3,0,0
02/08/2023 20:05:00,SVDT1,28.0,93.5,0,3176.4,0,118,1,1.5,3,0,0
02/08/2023 20:06:00,SVDT1,28.0,93.5,0,3176.4,0,130,1.8,4.1,3,0,0
02/08/2023 20:07:00,SVDT1,28.0,93.5,0,3176.4,0,139,1.2,3.6,3,0,0
02/08/2023 20:08:00,SVDT1,28.0,93.5,0,3176.4,0,85,1.1,1.7,3,0,0
02/08/2023 20:09:00,SVDT1,28.0,93.4,0,3176.4,0,110,1.6,3.1,3,0,0
02/08/2023 20:10:00,SVDT1,28.0,93.4,0,3176.4,0,89,1.7,6.7,3,0,0
02/08/2023 20:11:00,SVDT1,28.0,93.3,0,3176.4,0,121,0.9,2.1,3,0,0
02/08/2023 20:12:00,SVDT1,28.0,93.3,0,3176.4,0,135,0.7,1,3,0,0
02/08/2023 20:13:00,SVDT1,28.0,93.3,0,3176.4,0,103,1.1,2,3,0,0
02/08/2023 20:14:00,SVDT1,28.0,93.3,0,3176.4,0,91,1.1,2.6,3,0,0
02/08/2023 20:15:00,SVDT1,28.0,93.4,0,3176.4,0,102,0.9,2.8,3,0,0
02/08/2023 20:16:00,SVDT1,28.0,93.3,0,3176.4,0,117,0.7,0.8,3,0,0
02/08/2023 20:17:00,SVDT1,28.0,93.3,0,3176.4,0,104,2,7.9,3,0,0
02/08/2023 20:18:00,SVDT1,28.0,93.4,0,3176.4,0,158,2,15.3,3,0,0
02/08/2023 20:19:00,SVDT1,28.0,93.4,0,3176.4,0,88,1.2,2,3,0,0
02/08/2023 20:20:00,SVDT1,28.0,93.4,0,3176.4,0,71,0.9,1,3,0,0
02/08/2023 20:21:00,SVDT1,28.0,93.4,0,3176.4,0,87,1.2,2.2,3,0,0
02/08/2023 20:22:00,SVDT1,28.0,93.4,0,3176.4,0,125,0.9,1.9,3,0,0
02/08/2023 20:23:00,SVDT1,28.0,93.4,0,3176.4,0,138,1.4,3.3,3,0,0
02/08/2023 20:24:00,SVDT1,27.9,93.5,0,3176.4,0,102,1.1,1.8,3,0,0
02/08/2023 20:25:00,SVDT1,27.9,93.5,0,3176.4,0,91,1.1,2,3,0,0
02/08/2023 20:26:00,SVDT1,27.9,93.5,0,3176.4,0,103,1,1.6,3,0,0
02/08/2023 20:27:00,SVDT1,27.9,93.5,0,3176.4,0,112,1.4,4.6,3,0,0
02/08/2023 20:28:00,SVDT1,27.9,93.4,0,3176.4,0,165,1.3,5.3,3,0,0
02/08/2023 20:29:00,SVDT1,27.9,93.4,0,3176.4,0,93,1.4,4.6,3,0,0
02/08/2023 20:30:00,SVDT1,27.9,93.4,0,3176.4,0,148,0.9,3.2,3,0,0
02/08/2023 20:31:00,SVDT1,27.9,93.4,0,3176.4,0,137,1.7,7.2,3,0,0
02/08/2023 20:32:00,SVDT1,27.9,93.4,0,3176.4,0,150,1.3,5.2,3,0,0
02/08/2023 20:33:00,SVDT1,27.9,93.5,0,3176.4,0,114,0.7,1.9,3,0,0
02/08/2023 20:34:00,SVDT1,27.9,93.5,0,3176.4,0,131,1.3,3.2,3,0,0
02/08/2023 20:35:00,SVDT1,27.9,93.4,0,3176.4,0,165,0.8,1,3,0,0
02/08/2023 20:36:00,SVDT1,27.9,93.3,0,3176.4,0,117,1.1,2.7,3,0,0
02/08/2023 20:37:00,SVDT1,27.9,93.3,0,3176.4,0,165,1.1,6.2,3,0,0
02/08/2023 20:38:00,SVDT1,27.9,93.4,0,3176.4,0,92,0.7,1,3,0,0
02/08/2023 20:39:00,SVDT1,27.9,93.3,0,3176.4,0,104,0.5,0.6,3,0,0
02/08/2023 20:40:00,SVDT1,27.9,93.3,0,3176.4,0,84,1.2,3.5,3,0,0
02/08/2023 20:41:00,SVDT1,27.9,93.3,0,3176.4,0,96,0.7,3.7,3,0,0
02/08/2023 20:42:00,SVDT1,27.9,93.4,0,3176.4,0,97,0.8,3.2,3,0,0
02/08/2023 20:43:00,SVDT1,27.9,93.4,0,3176.4,0,78,1.5,5.6,3,0,0
02/08/2023 20:44:00,SVDT1,27.9,93.4,0,3176.4,0,132,0.8,3.1,3,0,0
02/08/2023 20:45:00,SVDT1,27.9,93.4,0,3176.4,0,138,0.9,2.1,3,0,0
02/08/2023 20:46:00,SVDT1,27.9,93.3,0,3176.4,0,155,0.7,1.6,3,0,0
02/08/2023 20:47:00,SVDT1,27.9,93.4,0,3176.4,0,110,1.2,2.9,3,0,0
02/08/2023 20:48:00,SVDT1,27.9,93.5,0,3176.4,0,107,0.9,2.1,3,0,0
02/08/2023 20:49:00,SVDT1,27.9,93.5,0,3176.4,0,94,1.1,2.3,3,0,0
02/08/2023 20:50:00,SVDT1,27.9,93.4,0,3176.4,0,137,1.7,3.3,3,0,0
02/08/2023 20:51:00,SVDT1,27.9,93.5,0,3176.4,0,83,0.9,1.5,2,0,0
02/08/2023 20:52:00,SVDT1,27.9,93.5,0,3176.4,0,133,1.2,2.6,2,0,0
02/08/2023 20:53:00,SVDT1,27.9,93.5,0,3176.4,0,150,1.5,3.2,2,0,0
02/08/2023 20:54:00,SVDT1,27.9,93.6,0,3176.4,0,106,1.3,3.9,2,0,0
02/08/2023 20:55:00,SVDT1,27.8,93.6,0,3176.4,0,155,1.2,4.1,2,0,0
02/08/2023 20:56:00,SVDT1,27.8,93.6,0,3176.4,0,81,1,2.4,2,0,0
02/08/2023 20:57:00,SVDT1,27.8,93.8,0,3176.4,0,140,0.9,2.5,2,0,0
02/08/2023 20:58:00,SVDT1,27.8,93.8,0,3176.4,0,97,0.9,2.6,3,0,0
02/08/2023 20:59:00,SVDT1,27.8,93.7,0,3176.4,0,75,1.5,6.5,3,0,0
02/08/2023 21:00:00,SVDT1,27.8,93.6,0,3176.4,0,165,1.3,4.5,3,0,0
02/08/2023 21:01:00,SVDT1,27.8,93.6,0,3176.4,0,169,1.2,2.1,3,0,0
02/08/2023 21:02:00,SVDT1,27.8,93.6,0,3176.4,0,124,0.7,0.9,3,0,0
02/08/2023 21:03:00,SVDT1,27.8,93.6,0,3176.4,0,93,1.1,1.7,2,0,0
02/08/2023 21:04:00,SVDT1,27.8,93.6,0,3176.4,0,94,1.5,4.6,2,0,0
02/08/2023 21:05:00,SVDT1,27.8,93.6,0,3176.4,0,111,1.4,3,3,0,0
02/08/2023 21:06:00,SVDT1,27.8,93.6,0,3176.4,0,89,1,4.8,3,0,0
02/08/2023 21:07:00,SVDT1,27.8,93.6,0,3176.4,0,83,1.2,3.7,2,0,0
02/08/2023 21:08:00,SVDT1,27.8,93.7,0,3176.4,0,110,1.9,5.1,2,0,0
02/08/2023 21:09:00,SVDT1,27.8,93.8,0,3176.4,0,72,1.6,4.9,2,0,0
02/08/2023 21:10:00,SVDT1,27.8,93.7,0,3176.4,0,99,1.2,3.3,2,0,0
02/08/2023 21:11:00,SVDT1,27.8,93.7,0,3176.4,0,99,1.6,11.1,2,0,0
02/08/2023 21:12:00,SVDT1,27.8,93.7,0,3176.4,0,105,1.3,2,2,0,0
02/08/2023 21:13:00,SVDT1,27.8,93.7,0,3176.4,0,118,0.9,1.6,2,0,0
02/08/2023 21:14:00,SVDT1,27.8,93.7,0,3176.4,0,80,1.1,8,2,0,0
02/08/2023 21:15:00,SVDT1,27.8,93.8,0,3176.4,0,93,0.8,1,2,0,0
02/08/2023 21:16:00,SVDT1,27.8,93.8,0,3176.4,0,86,1.5,4.3,2,0,0
02/08/2023 21:17:00,SVDT1,27.8,93.8,0,3176.4,0,83,1.5,5.6,2,0,0
02/08/2023 21:18:00,SVDT1,27.8,93.8,0,3176.4,0,140,1.1,3.8,2,0,0
02/08/2023 21:19:00,SVDT1,27.8,93.8,0,3176.4,0,113,0.4,0.4,2,0,0
02/08/2023 21:20:00,SVDT1,27.8,93.8,0,3176.4,0,139,1.3,8.7,2,0,0
02/08/2023 21:21:00,SVDT1,27.8,93.9,0,3176.4,0,63,0.9,1.7,2,0,0
02/08/2023 21:22:00,SVDT1,27.8,93.9,0,3176.4,0,141,1.5,4.1,2,0,0
02/08/2023 21:23:00,SVDT1,27.8,93.9,0,3176.4,0,87,1.6,3.9,2,0,0
02/08/2023 21:24:00,SVDT1,27.8,93.9,0,3176.4,0,142,0.8,6,2,0,0
02/08/2023 21:25:00,SVDT1,27.8,94.0,0,3176.4,0,95,0.9,2,2,0,0
02/08/2023 21:26:00,SVDT1,27.8,94.0,0,3176.4,0,80,0.7,4.5,2,0,0
02/08/2023 21:27:00,SVDT1,27.8,94.0,0,3176.4,0,127,0.6,0.7,2,0,0
02/08/2023 21:28:00,SVDT1,27.7,94.1,0,3176.4,0,130,1,3.7,2,0,0
02/08/2023 21:29:00,SVDT1,27.7,94.1,0,3176.4,0,117,1,5.4,2,0,0
02/08/2023 21:30:00,SVDT1,27.7,94.1,0,3176.4,0,93,1.5,3,2,0,0
02/08/2023 21:31:00,SVDT1,27.7,94.2,0,3176.4,0,103,1.3,4.6,2,0,0
02/08/2023 21:32:00,SVDT1,27.7,94.2,0,3176.4,0,137,1.6,4,2,0,0
02/08/2023 21:33:00,SVDT1,27.7,94.2,0,3176.4,0,91,0.6,1.1,2,0,0
02/08/2023 21:34:00,SVDT1,27.7,94.2,0,3176.4,0,103,0.5,1.2,2,0,0
02/08/2023 21:35:00,SVDT1,27.7,94.3,0,3176.4,0,115,0.7,0.7,2,0,0
02/08/2023 21:36:00,SVDT1,27.7,94.3,0,3176.4,0,130,1.1,2,2,0,0
02/08/2023 21:37:00,SVDT1,27.7,94.3,0,3176.4,0,99,1.5,4.6,2,0,0
02/08/2023 21:38:00,SVDT1,27.7,94.3,0,3176.4,0,100,1.2,8.5,2,0,0
02/08/2023 21:39:00,SVDT1,27.7,94.3,0,3176.4,0,102,0.6,1.2,2,0,0
02/08/2023 21:40:00,SVDT1,27.7,94.3,0,3176.4,0,91,0.5,0.5,2,0,0
02/08/2023 21:41:00,SVDT1,27.7,94.4,0,3176.4,0,86,1.1,2,2,0,0
02/08/2023 21:42:00,SVDT1,27.7,94.4,0,3176.4,0,113,1,4.3,2,0,0
02/08/2023 21:43:00,SVDT1,27.7,94.5,0,3176.4,0,104,0.8,2.6,2,0,0
02/08/2023 21:44:00,SVDT1,27.6,94.5,0,3176.4,0,105,1,2.2,2,0,0
02/08/2023 21:45:00,SVDT1,27.6,94.5,0,3176.4,0,115,0.5,0.5,2,0,0
02/08/2023 21:46:00,SVDT1,27.6,94.5,0,3176.4,0,116,0.7,2,2,0,0
02/08/2023 21:47:00,SVDT1,27.7,94.6,0,3176.4,0,81,1.2,3.7,2,0,0
02/08/2023 21:48:00,SVDT1,27.6,94.6,0,3176.4,0,101,0.8,0.9,2,0,0
02/08/2023 21:49:00,SVDT1,27.6,94.6,0,3176.4,0,92,1.1,2.1,2,0,0
02/08/2023 21:50:00,SVDT1,27.6,94.7,0,3176.4,0,105,1.1,3.4,2,0,0
02/08/2023 21:51:00,SVDT1,27.6,94.7,0,3176.4,0,103,1.1,3.3,2,0,0
02/08/2023 21:52:00,SVDT1,27.6,94.7,0,3176.4,0,86,0.6,1.6,2,0,0
02/08/2023 21:53:00,SVDT1,27.6,94.7,0,3176.4,0,114,1.1,1.9,2,0,0
02/08/2023 21:54:00,SVDT1,27.6,94.7,0,3176.4,0,95,1.2,1.7,2,0,0
02/08/2023 21:55:00,SVDT1,27.6,94.7,0,3176.4,0,105,0.9,2.4,2,0,0
02/08/2023 21:56:00,SVDT1,27.6,94.8,0,3176.4,0,78,0.9,1.9,2,0,0
02/08/2023 21:57:00,SVDT1,27.6,94.9,0,3176.4,0,87,1.3,5.6,2,0,0
02/08/2023 21:58:00,SVDT1,27.6,94.8,0,3176.4,0,99,1.1,8.3,2,0,0
02/08/2023 21:59:00,SVDT1,27.6,94.8,0,3176.4,0,111,1.6,5,2,0,0
02/08/2023 22:00:00,SVDT1,27.6,94.9,0,3176.4,0,81,0.6,0.7,2,0,0
02/08/2023 22:01:00,SVDT1,27.6,94.9,0,3176.4,0,115,0.4,1,2,0,0
02/08/2023 22:02:00,SVDT1,27.6,94.9,0,3176.4,0,89,0.7,1.9,2,0,0
02/08/2023 22:03:00,SVDT1,27.6,94.9,0,3176.4,0,108,1.5,4.6,2,0,0
02/08/2023 22:04:00,SVDT1,27.6,94.9,0,3176.4,0,93,1.2,6.2,2,0,0
02/08/2023 22:05:00,SVDT1,27.6,95.0,0,3176.4,0,107,1.3,3.6,2,0,0
02/08/2023 22:06:00,SVDT1,27.6,95.1,0,3176.4,0,118,1.3,3.1,2,0,0
02/08/2023 22:07:00,SVDT1,27.5,95.1,0,3176.4,0,90,0.9,4,2,0,0
02/08/2023 22:08:00,SVDT1,27.5,95.2,0,3176.4,0,102,1.3,3.9,2,0,0
02/08/2023 22:09:00,SVDT1,27.5,95.2,0,3176.4,0,116,0.8,11.5,2,0,0
02/08/2023 22:10:00,SVDT1,27.5,95.2,0,3176.4,0,125,0.3,0.5,2,0,0
02/08/2023 22:11:00,SVDT1,27.5,95.3,0,3176.4,0,97,0.4,0.8,2,0,0
02/08/2023 22:12:00,SVDT1,27.5,95.3,0,3176.4,0,109,0.7,2.2,2,0,0
02/08/2023 22:13:00,SVDT1,27.5,95.3,0,3176.4,0,102,0.6,1.6,2,0,0
02/08/2023 22:14:00,SVDT1,27.5,95.3,0,3176.4,0,132,0.9,1.9,2,0,0
02/08/2023 22:15:00,SVDT1,27.5,95.3,0,3176.4,0,160,1,2.8,2,0,0
02/08/2023 22:16:00,SVDT1,27.5,95.4,0,3176.4,0,136,1.1,3.3,2,0,0
02/08/2023 22:17:00,SVDT1,27.5,95.4,0,3176.4,0,77,1,1.9,2,0,0
02/08/2023 22:18:00,SVDT1,27.5,95.4,0,3176.4,0,88,0.8,1.2,2,0,0
02/08/2023 22:19:00,SVDT1,27.5,95.4,0,3176.4,0,112,0.8,1.7,2,0,0
02/08/2023 22:20:00,SVDT1,27.5,95.4,0,3176.4,0,114,1.2,4.3,2,0,0
02/08/2023 22:21:00,SVDT1,27.5,95.4,0,3176.4,0,101,1.1,2.8,2,0,0
02/08/2023 22:22:00,SVDT1,27.5,95.3,0,3176.4,0,113,1,1.5,2,0,0
02/08/2023 22:23:00,SVDT1,27.6,95.3,0,3176.4,0,111,1.2,3.6,2,0,0
02/08/2023 22:24:00,SVDT1,27.6,95.3,0,3176.4,0,119,0.9,4.9,2,0,0
02/08/2023 22:25:00,SVDT1,27.6,95.3,0,3176.4,0,95,0.8,1.3,2,0,0
02/08/2023 22:26:00,SVDT1,27.5,95.3,0,3176.4,0,101,0.8,2.3,2,0,0
02/08/2023 22:27:00,SVDT1,27.6,95.3,0,3176.4,0,123,1.2,8,2,0,0
02/08/2023 22:28:00,SVDT1,27.6,95.3,0,3176.4,0,87,1.1,2.3,2,0,0
02/08/2023 22:29:00,SVDT1,27.6,95.3,0,3176.4,0,112,1.7,4,2,0,0
02/08/2023 22:30:00,SVDT1,27.6,95.3,0,3176.4,0,88,1,4.2,2,0,0
02/08/2023 22:31:00,SVDT1,27.6,95.3,0,3176.4,0,93,0.7,2.1,2,0,0
02/08/2023 22:32:00,SVDT1,27.5,95.2,0,3176.4,0,96,0.9,1.2,2,0,0
02/08/2023 22:33:00,SVDT1,27.6,95.2,0,3176.4,0,134,1.6,2.3,2,0,0
02/08/2023 22:34:00,SVDT1,27.6,95.2,0,3176.4,0,95,0.8,3.4,2,0,0
02/08/2023 22:35:00,SVDT1,27.6,95.2,0,3176.4,0,103,0.6,1.6,2,0,0
02/08/2023 22:36:00,SVDT1,27.6,95.2,0,3176.4,0,115,1.1,7.5,2,0,0
02/08/2023 22:37:00,SVDT1,27.6,95.1,0,3176.4,0,93,1,7.3,2,0,0
02/08/2023 22:38:00,SVDT1,27.6,95.1,0,3176.4,0,118,0.6,1.5,2,0,0
02/08/2023 22:39:00,SVDT1,27.6,95.1,0,3176.4,0,138,0.7,1.4,2,0,0
02/08/2023 22:40:00,SVDT1,27.6,95.1,0,3176.4,0,73,1.2,2.4,2,0,0
02/08/2023 22:41:00,SVDT1,27.5,95.2,0,3176.4,0,94,1.3,2.2,2,0,0
02/08/2023 22:42:00,SVDT1,27.5,95.2,0,3176.4,0,110,0.7,2,2,0,0
02/08/2023 22:43:00,SVDT1,27.5,95.3,0,3176.4,0,114,1.6,7.5,2,0,0
02/08/2023 22:44:00,SVDT1,27.5,95.3,0,3176.4,0,93,0.7,1.7,2,0,0
02/08/2023 22:45:00,SVDT1,27.5,95.3,0,3176.4,0,95,1.1,1.5,2,0,0
02/08/2023 22:46:00,SVDT1,27.5,95.3,0,3176.4,0,86,0.9,7.1,2,0,0
02/08/2023 22:47:00,SVDT1,27.5,95.2,0,3176.4,0,108,0.9,6.6,2,0,0
02/08/2023 22:48:00,SVDT1,27.5,95.2,0,3176.4,0,95,1,1.9,2,0,0
02/08/2023 22:49:00,SVDT1,27.5,95.2,0,3176.4,0,116,1.6,7.9,2,0,0
02/08/2023 22:50:00,SVDT1,27.5,95.1,0,3176.4,0,108,0.8,4,2,0,0
02/08/2023 22:51:00,SVDT1,27.6,95.1,0,3176.4,0,117,1.1,4.7,2,0,0
02/08/2023 22:52:00,SVDT1,27.6,95.1,0,3176.4,0,62,1.1,1.8,2,0,0
02/08/2023 22:53:00,SVDT1,27.6,95.1,0,3176.4,0,80,1.3,3.2,2,0,0
02/08/2023 22:54:00,SVDT1,27.6,95.0,0,3176.4,0,107,0.7,1.8,2,0,0
02/08/2023 22:55:00,SVDT1,27.6,95.0,0,3176.4,0,98,0.8,1.6,2,0,0
02/08/2023 22:56:00,SVDT1,27.6,95.0,0,3176.4,0,113,1,1.3,2,0,0
02/08/2023 22:57:00,SVDT1,27.6,95.0,0,3176.4,0,102,1.1,1.5,2,0,0
02/08/2023 22:58:00,SVDT1,27.6,95.0,0,3176.4,0,82,1.2,1.6,2,0,0
02/08/2023 22:59:00,SVDT1,27.6,95.0,0,3176.4,0,90,1.2,2.4,2,0,0
02/08/2023 23:00:00,SVDT1,27.6,95.0,0,3176.4,0,157,1,3.9,2,0,0
02/08/2023 23:01:00,SVDT1,27.6,94.9,0,3176.4,0,97,1.1,6.5,2,0,0
02/08/2023 23:02:00,SVDT1,27.6,94.9,0,3176.4,0,90,0.6,1,2,0,0
02/08/2023 23:03:00,SVDT1,27.6,94.9,0,3176.4,0,149,0.9,4.4,2,0,0
02/08/2023 23:04:00,SVDT1,27.6,95.0,0,3176.4,0,88,1.2,5.4,2,0,0
02/08/2023 23:05:00,SVDT1,27.6,95.0,0,3176.4,0,98,0.7,1.2,2,0,0
02/08/2023 23:06:00,SVDT1,27.5,95.0,0,3176.4,0,77,1.6,2.7,2,0,0
02/08/2023 23:07:00,SVDT1,27.5,95.1,0,3176.4,0,77,0.8,1.9,2,0,0
02/08/2023 23:08:00,SVDT1,27.5,95.1,0,3176.4,0,87,1.5,3.3,2,0,0
02/08/2023 23:09:00,SVDT1,27.5,95.1,0,3176.4,0,86,1.2,5.3,2,0,0
02/08/2023 23:10:00,SVDT1,27.5,95.1,0,3176.4,0,94,0.9,5.3,2,0,0
02/08/2023 23:11:00,SVDT1,27.5,95.1,0,3176.4,0,99,1.7,3.3,2,0,0
02/08/2023 23:12:00,SVDT1,27.5,95.1,0,3176.4,0,94,1.1,4.6,2,0,0
02/08/2023 23:13:00,SVDT1,27.5,95.2,0,3176.4,0,96,1,4.3,2,0,0
02/08/2023 23:14:00,SVDT1,27.5,95.1,0,3176.4,0,111,1.2,2.5,2,0,0
02/08/2023 23:15:00,SVDT1,27.5,95.2,0,3176.4,0,78,1,1.1,2,0,0
02/08/2023 23:16:00,SVDT1,27.5,95.2,0,3176.4,0,104,0.8,1.8,2,0,0
02/08/2023 23:17:00,SVDT1,27.5,95.2,0,3176.4,0,100,0.7,1.3,2,0,0
02/08/2023 23:18:00,SVDT1,27.5,95.2,0,3176.4,0,100,1.3,3.5,2,0,0
02/08/2023 23:19:00,SVDT1,27.5,95.2,0,3176.4,0,134,0.9,2.7,2,0,0
02/08/2023 23:20:00,SVDT1,27.5,95.3,0,3176.4,0,132,0.9,2.7,2,0,0
02/08/2023 23:21:00,SVDT1,27.5,95.4,0,3176.4,0,94,1,1.3,2,0,0
02/08/2023 23:22:00,SVDT1,27.5,95.4,0,3176.4,0,104,0.8,4.4,2,0,0
02/08/2023 23:23:00,SVDT1,27.5,95.4,0,3176.4,0,93,0.9,1.9,2,0,0
02/08/2023 23:24:00,SVDT1,27.4,95.4,0,3176.4,0,119,0.9,5.5,2,0,0
02/08/2023 23:25:00,SVDT1,27.4,95.5,0,3176.4,0,86,0.9,2.4,2,0,0
02/08/2023 23:26:00,SVDT1,27.4,95.5,0,3176.4,0,105,0.8,5.5,2,0,0
02/08/2023 23:27:00,SVDT1,27.4,95.5,0,3176.4,0,126,1.1,6.1,2,0,0
02/08/2023 23:28:00,SVDT1,27.4,95.6,0,3176.4,0,99,1.1,3.7,2,0,0
02/08/2023 23:29:00,SVDT1,27.5,95.6,0,3176.4,0,84,1.3,4.9,2,0,0
02/08/2023 23:30:00,SVDT1,27.5,95.5,0,3176.4,0,104,1.1,5.7,2,0,0
02/08/2023 23:31:00,SVDT1,27.4,95.5,0,3176.4,0,97,1,1.8,2,0,0
02/08/2023 23:32:00,SVDT1,27.4,95.6,0,3176.4,0,69,0.8,1.5,2,0,0
02/08/2023 23:33:00,SVDT1,27.4,95.6,0,3176.4,0,125,0.7,0.8,2,0,0
02/08/2023 23:34:00,SVDT1,27.4,95.6,0,3176.4,0,111,0.9,2.8,2,0,0
02/08/2023 23:35:00,SVDT1,27.4,95.6,0,3176.4,0,103,1.1,3.3,2,0,0
02/08/2023 23:36:00,SVDT1,27.4,95.6,0,3176.4,0,84,1.1,2.4,2,0,0
02/08/2023 23:37:00,SVDT1,27.4,95.7,0,3176.4,0,85,0.7,1.1,2,0,0
02/08/2023 23:38:00,SVDT1,27.4,95.7,0,3176.4,0,94,0.9,2.9,2,0,0
02/08/2023 23:39:00,SVDT1,27.4,95.7,0,3176.4,0,116,1.3,5.9,2,0,0
02/08/2023 23:40:00,SVDT1,27.4,95.7,0,3176.4,0,85,0.7,1.6,2,0,0
02/08/2023 23:41:00,SVDT1,27.4,95.8,0,3176.4,0,113,0.8,0.9,2,0,0
02/08/2023 23:42:00,SVDT1,27.4,95.7,0,3176.4,0,75,1.2,2.7,2,0,0
02/08/2023 23:43:00,SVDT1,27.4,95.8,0,3176.4,0,109,1.7,6,2,0,0
02/08/2023 23:44:00,SVDT1,27.4,95.8,0,3176.4,0,97,1.9,10.9,2,0,0
02/08/2023 23:45:00,SVDT1,27.4,95.8,0,3176.4,0,94,1,3.3,2,0,0
02/08/2023 23:46:00,SVDT1,27.4,95.9,0,3176.4,0,120,1.4,2.8,2,0,0
02/08/2023 23:47:00,SVDT1,27.4,95.9,0,3176.4,0,107,1.2,2.9,2,0,0
02/08/2023 23:48:00,SVDT1,27.4,95.9,0,3176.4,0,137,0.9,3.3,2,0,0
02/08/2023 23:49:00,SVDT1,27.4,95.9,0,3176.4,0,138,1.5,6.1,2,0,0
02/08/2023 23:50:00,SVDT1,27.4,95.9,0,3176.4,0,102,0.9,2.9,2,0,0
02/08/2023 23:51:00,SVDT1,27.4,95.9,0,3176.4,0,101,0.9,2.9,2,0,0
02/08/2023 23:52:00,SVDT1,27.4,95.9,0,3176.4,0,110,0.9,2.6,2,0,0
02/08/2023 23:53:00,SVDT1,27.4,95.8,0,3176.4,0,108,0.7,1.5,2,0,0
02/08/2023 23:54:00,SVDT1,27.4,95.9,0,3176.4,0,74,0.8,1.3,2,0,0
02/08/2023 23:55:00,SVDT1,27.4,95.9,0,3176.4,0,98,0.9,2.7,2,0,0
02/08/2023 23:56:00,SVDT1,27.4,95.9,0,3176.4,0,97,1,3.3,2,0,0
02/08/2023 23:57:00,SVDT1,27.4,96.0,0,3176.4,0,96,1,1.6,2,0,0
02/08/2023 23:58:00,SVDT1,27.3,96.0,0,3176.4,0,89,1.3,4.2,2,0,0
02/08/2023 23:59:00,SVDT1,27.4,96.0,0,3176.4,0,89,0.8,1.3,2,0,0
03/08/2023 00:00:00,SVDT1,27.3,96.1,0,3176.4,0,103,1,1.9,2,0,0
03/08/2023 00:01:00,SVDT1,27.4,96.1,0,3176.4,0,102,1.6,1.9,2,0,0
03/08/2023 00:02:00,SVDT1,27.3,96.1,0,3176.4,0,70,1.3,2.9,2,0,0
03/08/2023 00:03:00,SVDT1,27.3,96.1,0,3176.4,0,155,0.7,1.7,2,0,0
03/08/2023 00:04:00,SVDT1,27.3,96.1,0,3176.4,0,81,1.1,3.8,2,0,0
03/08/2023 00:05:00,SVDT1,27.3,96.1,0,3176.4,0,79,1.2,11.6,2,0,0
03/08/2023 00:06:00,SVDT1,27.3,96.2,0,3176.4,0,124,1,3.9,2,0,0
03/08/2023 00:07:00,SVDT1,27.3,96.2,0,3176.4,0,100,1.1,3.4,2,0,0
03/08/2023 00:08:00,SVDT1,27.3,96.2,0,3176.4,0,79,1.1,1.9,2,0,0
03/08/2023 00:09:00,SVDT1,27.3,96.2,0,3176.4,0,100,0.8,0.9,2,0,0
03/08/2023 00:10:00,SVDT1,27.3,96.3,0,3176.4,0,108,1.6,4.1,2,0,0
03/08/2023 00:11:00,SVDT1,27.3,96.3,0,3176.4,0,96,0.6,1.3,2,0,0
03/08/2023 00:12:00,SVDT1,27.3,96.3,0,3176.4,0,92,0.5,1.7,2,0,0
03/08/2023 00:13:00,SVDT1,27.3,96.3,0,3176.4,0,86,0.8,1.3,2,0,0
03/08/2023 00:14:00,SVDT1,27.3,96.4,0,3176.4,0,112,1.1,3.4,2,0,0
03/08/2023 00:15:00,SVDT1,27.2,96.4,0,3176.4,0,96,0.8,1.8,2,0,0
03/08/2023 00:16:00,SVDT1,27.2,96.4,0,3176.4,0,149,0.7,1.2,2,0,0
03/08/2023 00:17:00,SVDT1,27.2,96.4,0,3176.4,0,106,0.6,1,2,0,0
03/08/2023 00:18:00,SVDT1,27.3,96.5,0,3176.4,0,114,1.1,1.9,2,0,0
03/08/2023 00:19:00,SVDT1,27.2,96.5,0,3176.4,0,107,1,6.1,2,0,0
03/08/2023 00:20:00,SVDT1,27.2,96.5,0,3176.4,0,77,0.8,1.7,2,0,0
03/08/2023 00:21:00,SVDT1,27.2,96.5,0,3176.4,0,120,0.7,2.4,2,0,0
03/08/2023 00:22:00,SVDT1,27.2,96.5,0,3176.4,0,125,0.7,0.9,2,0,0
03/08/2023 00:23:00,SVDT1,27.2,96.6,0,3176.4,0,82,0.6,0.8,2,0,0
03/08/2023 00:24:00,SVDT1,27.2,96.6,0,3176.4,0,74,1.7,7.2,2,0,0
03/08/2023 00:25:00,SVDT1,27.2,96.6,0,3176.4,0,91,1.1,6,2,0,0
03/08/2023 00:26:00,SVDT1,27.2,96.6,0,3176.4,0,97,0.9,1.2,2,0,0
03/08/2023 00:27:00,SVDT1,27.2,96.6,0,3176.4,0,100,1.1,1.8,2,0,0
03/08/2023 00:28:00,SVDT1,27.2,96.6,0,3176.4,0,100,1.3,2,2,0,0
03/08/2023 00:29:00,SVDT1,27.2,96.6,0,3176.4,0,94,0.8,2,2,0,0
03/08/2023 00:30:00,SVDT1,27.2,96.7,0,3176.4,0,96,1.1,6.5,2,0,0
03/08/2023 00:31:00,SVDT1,27.2,96.7,0,3176.4,0,103,1,5.1,2,0,0
03/08/2023 00:32:00,SVDT1,27.2,96.7,0,3176.4,0,100,1.4,1.6,2,0,0
03/08/2023 00:33:00,SVDT1,27.2,96.7,0,3176.4,0,87,0.9,1,2,0,0
03/08/2023 00:34:00,SVDT1,27.2,96.7,0,3176.4,0,114,1.3,2.7,2,0,0
03/08/2023 00:35:00,SVDT1,27.2,96.7,0,3176.4,0,92,1.3,2.7,2,0,0
03/08/2023 00:36:00,SVDT1,27.2,96.7,0,3176.4,0,107,1.1,1.9,2,0,0
03/08/2023 00:37:00,SVDT1,27.2,96.7,0,3176.4,0,112,0.8,2.6,2,0,0
03/08/2023 00:38:00,SVDT1,27.2,96.8,0,3176.4,0,107,0.7,0.8,2,0,0
03/08/2023 00:39:00,SVDT1,27.2,96.8,0,3176.4,0,104,0.8,1.9,2,0,0
03/08/2023 00:40:00,SVDT1,27.2,96.7,0,3176.4,0,106,0.5,0.6,2,0,0
03/08/2023 00:41:00,SVDT1,27.2,96.8,0,3176.4,0,132,1.2,1.3,2,0,0
03/08/2023 00:42:00,SVDT1,27.2,96.8,0,3176.4,0,59,1.3,3.3,2,0,0
03/08/2023 00:43:00,SVDT1,27.2,96.8,0,3176.4,0,101,0.8,1.2,2,0,0
03/08/2023 00:44:00,SVDT1,27.2,96.8,0,3176.4,0,126,1,1.4,2,0,0
03/08/2023 00:45:00,SVDT1,27.2,96.8,0,3176.4,0,96,0.9,5.2,2,0,0
03/08/2023 00:46:00,SVDT1,27.2,96.8,0,3176.4,0,96,1.3,1.8,2,0,0
03/08/2023 00:47:00,SVDT1,27.2,96.8,0,3176.4,0,124,0.8,1.4,2,0,0
03/08/2023 00:48:00,SVDT1,27.2,96.8,0,3176.4,0,96,0.7,0.9,2,0,0
03/08/2023 00:49:00,SVDT1,27.2,96.8,0,3176.4,0,123,1.2,1.8,2,0,0
03/08/2023 00:50:00,SVDT1,27.1,96.8,0,3176.4,0,148,0.9,2.5,2,0,0
03/08/2023 00:51:00,SVDT1,27.1,96.8,0,3176.4,0,79,1.4,5.3,2,0,0
03/08/2023 00:52:00,SVDT1,27.1,96.8,0,3176.4,0,106,1,1.9,2,0,0
03/08/2023 00:53:00,SVDT1,27.1,96.9,0,3176.4,0,110,1.8,3.3,2,0,0
03/08/2023 00:54:00,SVDT1,27.1,96.8,0,3176.4,0,72,2.1,8.4,2,0,0
03/08/2023 00:55:00,SVDT1,27.1,96.8,0,3176.4,0,110,1,8.3,2,0,0
03/08/2023 00:56:00,SVDT1,27.1,96.8,0,3176.4,0,128,0.7,1.4,2,0,0
03/08/2023 00:57:00,SVDT1,27.1,96.7,0,3176.4,0,71,1.7,3.9,2,0,0
03/08/2023 00:58:00,SVDT1,27.1,96.7,0,3176.4,0,89,1.2,2.4,2,0,0
03/08/2023 00:59:00,SVDT1,27.1,96.7,0,3176.4,0,64,1.5,11.6,2,0,0
03/08/2023 01:00:00,SVDT1,27.1,96.7,0,3176.4,0,90,1,2.7,2,0,0
03/08/2023 01:01:00,SVDT1,27.1,96.7,0,3176.4,0,85,1.3,4.9,2,0,0
03/08/2023 01:02:00,SVDT1,27.1,96.7,0,3176.4,0,100,0.9,2.3,2,0,0
03/08/2023 01:03:00,SVDT1,27.1,96.7,0,3176.4,0,95,1.3,3.2,2,0,0
03/08/2023 01:04:00,SVDT1,27.1,96.7,0,3176.4,0,110,1,2.1,2,0,0
03/08/2023 01:05:00,SVDT1,27.1,96.6,0,3176.4,0,89,2,5.4,2,0,0
03/08/2023 01:06:00,SVDT1,27.2,96.7,0,3176.4,0,103,0.9,1.3,2,0,0
03/08/2023 01:07:00,SVDT1,27.2,96.6,0,3176.4,0,104,1,4.2,2,0,0
03/08/2023 01:08:00,SVDT1,27.2,96.6,0,3176.4,0,93,0.9,2.8,2,0,0
03/08/2023 01:09:00,SVDT1,27.2,96.5,0,3176.4,0,95,0.7,0.7,2,0,0
03/08/2023 01:10:00,SVDT1,27.2,96.6,0,3176.4,0,112,1.8,6.7,2,0,0
03/08/2023 01:11:00,SVDT1,27.2,96.5,0,3176.4,0,109,1.1,1.5,2,0,0
03/08/2023 01:12:00,SVDT1,27.3,96.5,0,3176.4,0,120,1.1,1.7,2,0,0
03/08/2023 01:13:00,SVDT1,27.3,96.5,0,3176.4,0,89,1,1.9,2,0,0
03/08/2023 01:14:00,SVDT1,27.3,96.5,0,3176.4,0,136,0.9,3.9,2,0,0
03/08/2023 01:15:00,SVDT1,27.3,96.4,0,3176.4,0,90,0.6,0.6,2,0,0
03/08/2023 01:16:00,SVDT1,27.3,96.4,0,3176.4,0,113,0.6,2.1,2,0,0
03/08/2023 01:17:00,SVDT1,27.2,96.4,0,3176.4,0,113,0.6,0.9,2,0,0
03/08/2023 01:18:00,SVDT1,27.2,96.4,0,3176.4,0,100,0.8,2.9,2,0,0
03/08/2023 01:19:00,SVDT1,27.2,96.4,0,3176.4,0,134,0.8,1.4,2,0,0
03/08/2023 01:20:00,SVDT1,27.2,96.4,0,3176.4,0,95,0.8,1.2,2,0,0
03/08/2023 01:21:00,SVDT1,27.3,96.3,0,3176.4,0,96,1.1,2.5,2,0,0
03/08/2023 01:22:00,SVDT1,27.3,96.3,0,3176.4,0,129,1.6,8.1,2,0,0
03/08/2023 01:23:00,SVDT1,27.3,96.3,0,3176.4,0,132,0.9,2.8,2,0,0
03/08/2023 01:24:00,SVDT1,27.2,96.4,0,3176.4,0,136,1.2,2.2,2,0,0
03/08/2023 01:25:00,SVDT1,27.2,96.4,0,3176.4,0,126,1.4,2.4,2,0,0
03/08/2023 01:26:00,SVDT1,27.2,96.4,0,3176.4,0,126,0.9,3.8,2,0,0
03/08/2023 01:27:00,SVDT1,27.2,96.4,0,3176.4,0,115,1.3,3.9,2,0,0
03/08/2023 01:28:00,SVDT1,27.2,96.5,0,3176.4,0,138,1.3,1.7,2,0,0
03/08/2023 01:29:00,SVDT1,27.2,96.5,0,3176.4,0,121,0.7,1,2,0,0
03/08/2023 01:30:00,SVDT1,27.2,96.5,0,3176.4,0,89,1.1,3.7,2,0,0
03/08/2023 01:31:00,SVDT1,27.1,96.5,0,3176.4,0,106,1.3,5.1,2,0,0
03/08/2023 01:32:00,SVDT1,27.1,96.6,0,3176.4,0,113,1.6,7,2,0,0
03/08/2023 01:33:00,SVDT1,27.1,96.6,0,3176.4,0,80,1,2.3,2,0,0
03/08/2023 01:34:00,SVDT1,27.1,96.6,0,3176.4,0,104,0.9,1.5,2,0,0
03/08/2023 01:35:00,SVDT1,27.1,96.7,0,3176.4,0,82,1,2.5,2,0,0
03/08/2023 01:36:00,SVDT1,27.1,96.7,0,3176.4,0,92,1,4.6,2,0,0
03/08/2023 01:37:00,SVDT1,27.1,96.7,0,3176.4,0,88,1.1,3.9,2,0,0
03/08/2023 01:38:00,SVDT1,27.0,96.7,0,3176.4,0,92,1.5,5.6,2,0,0
03/08/2023 01:39:00,SVDT1,27.0,96.8,0,3176.4,0,92,0.8,1.2,2,0,0
03/08/2023 01:40:00,SVDT1,27.0,96.8,0,3176.4,0,98,0.8,1.1,2,0,0
03/08/2023 01:41:00,SVDT1,27.0,96.9,0,3176.4,0,56,1.2,1.5,2,0,0
03/08/2023 01:42:00,SVDT1,27.0,96.8,0,3176.4,0,105,1.2,1.5,2,0,0
03/08/2023 01:43:00,SVDT1,27.0,96.9,0,3176.4,0,92,0.6,0.7,2,0,0
03/08/2023 01:44:00,SVDT1,27.0,96.9,0,3176.4,0,137,0.9,8,2,0,0
03/08/2023 01:45:00,SVDT1,27.0,96.9,0,3176.4,0,113,0.7,0.9,2,0,0
03/08/2023 01:46:00,SVDT1,27.0,96.9,0,3176.4,0,118,0.7,1,2,0,0
03/08/2023 01:47:00,SVDT1,26.9,96.9,0,3176.4,0,78,1.4,3.2,2,0,0
03/08/2023 01:48:00,SVDT1,26.9,97.0,0,3176.4,0,95,1.2,1.6,2,0,0
03/08/2023 01:49:00,SVDT1,26.9,97.0,0,3176.4,0,110,1.1,7.8,2,0,0
03/08/2023 01:50:00,SVDT1,26.9,97.1,0,3176.4,0,105,1.1,2,2,0,0
03/08/2023 01:51:00,SVDT1,26.9,97.1,0,3176.4,0,103,1.3,2.8,2,0,0
03/08/2023 01:52:00,SVDT1,26.9,97.1,0,3176.4,0,98,1.1,1.7,2,0,0
03/08/2023 01:53:00,SVDT1,26.9,97.1,0,3176.4,0,115,0.8,1.3,2,0,0
03/08/2023 01:54:00,SVDT1,26.8,97.1,0,3176.4,0,133,1.1,1.9,2,0,0
03/08/2023 01:55:00,SVDT1,26.9,97.2,0,3176.4,0,135,1,2.5,2,0,0
03/08/2023 01:56:00,SVDT1,26.8,97.3,0,3176.4,0,140,0.9,2.3,2,0,0
03/08/2023 01:57:00,SVDT1,26.8,97.3,0,3176.4,0,97,1,1.7,2,0,0
03/08/2023 01:58:00,SVDT1,26.8,97.3,0,3176.4,0,106,1.1,1.4,2,0,0
03/08/2023 01:59:00,SVDT1,26.8,97.3,0,3176.4,0,96,1.1,1.2,2,0,0
03/08/2023 02:00:00,SVDT1,26.9,97.3,0,3176.4,0,108,1,4.9,2,0,0
03/08/2023 02:01:00,SVDT1,26.8,97.3,0,3176.4,0,107,0.7,0.9,2,0,0
03/08/2023 02:02:00,SVDT1,26.8,97.3,0,3176.4,0,109,1.3,2,2,0,0
03/08/2023 02:03:00,SVDT1,26.8,97.3,0,3176.4,0,106,2.1,5.8,2,0,0
03/08/2023 02:04:00,SVDT1,26.8,97.3,0,3176.4,0,100,0.9,2.3,2,0,0
03/08/2023 02:05:00,SVDT1,26.8,97.3,0,3176.4,0,107,0.9,1,2,0,0
03/08/2023 02:06:00,SVDT1,26.8,97.3,0,3176.4,0,100,1.1,1.2,2,0,0
03/08/2023 02:07:00,SVDT1,26.8,97.3,0,3176.4,0,104,1.3,1.8,2,0,0
03/08/2023 02:08:00,SVDT1,26.8,97.4,0,3176.4,0,102,0.3,0.3,2,0,0
03/08/2023 02:09:00,SVDT1,26.8,97.4,0,3176.4,0,93,1,3,2,0,0
03/08/2023 02:10:00,SVDT1,26.8,97.4,0,3176.4,0,105,0.7,1.2,2,0,0
03/08/2023 02:11:00,SVDT1,26.8,97.4,0,3176.4,0,104,0.7,0.8,2,0,0
03/08/2023 02:12:00,SVDT1,26.8,97.4,0,3176.4,0,102,0.6,0.7,2,0,0
03/08/2023 02:13:00,SVDT1,26.8,97.5,0,3176.4,0,103,1,2.5,2,0,0
03/08/2023 02:14:00,SVDT1,26.8,97.5,0,3176.4,0,110,0.9,1.6,2,0,0
03/08/2023 02:15:00,SVDT1,26.8,97.5,0,3176.4,0,99,1.7,5,2,0,0
03/08/2023 02:16:00,SVDT1,26.8,97.4,0,3176.4,0,78,0.9,2.6,2,0,0
03/08/2023 02:17:00,SVDT1,26.9,97.4,0,3176.4,0,85,1.1,3.2,2,0,0
03/08/2023 02:18:00,SVDT1,26.8,97.5,0,3176.4,0,81,1.2,2.7,2,0,0
03/08/2023 02:19:00,SVDT1,26.8,97.4,0,3176.4,0,203,1.4,8,2,0,0
03/08/2023 02:20:00,SVDT1,26.8,97.4,0,3176.4,0,119,1.2,6.4,2,0,0
03/08/2023 02:21:00,SVDT1,26.8,97.4,0,3176.4,0,75,1,3.4,2,0,0
03/08/2023 02:22:00,SVDT1,26.8,97.5,0,3176.4,0,127,1.6,5.1,2,0,0
03/08/2023 02:23:00,SVDT1,26.8,97.5,0,3176.4,0,86,0.8,1.4,2,0,0
03/08/2023 02:24:00,SVDT1,26.8,97.5,0,3176.4,0,85,1.1,2.6,2,0,0
03/08/2023 02:25:00,SVDT1,26.8,97.5,0,3176.4,0,90,0.9,2.9,2,0,0
03/08/2023 02:26:00,SVDT1,26.8,97.5,0,3176.4,0,93,1.5,5,2,0,0
03/08/2023 02:27:00,SVDT1,26.8,97.6,0,3176.4,0,83,1.3,2.2,2,0,0
03/08/2023 02:28:00,SVDT1,26.8,97.6,0,3176.4,0,112,1.3,2.9,2,0,0
03/08/2023 02:29:00,SVDT1,26.8,97.6,0,3176.4,0,106,1.2,1.7,2,0,0
03/08/2023 02:30:00,SVDT1,26.8,97.6,0,3176.4,0,93,0.6,0.8,2,0,0
03/08/2023 02:31:00,SVDT1,26.8,97.6,0,3176.4,0,104,0.8,3.2,2,0,0
03/08/2023 02:32:00,SVDT1,26.8,97.6,0,3176.4,0,104,1.3,3.1,2,0,0
03/08/2023 02:33:00,SVDT1,26.8,97.6,0,3176.4,0,104,0.7,0.8,2,0,0
03/08/2023 02:34:00,SVDT1,26.8,97.6,0,3176.4,0,97,0.7,0.8,2,0,0
03/08/2023 02:35:00,SVDT1,26.9,97.6,0,3176.4,0,98,1,2.5,2,0,0
03/08/2023 02:36:00,SVDT1,26.9,97.6,0,3176.4,0,96,1.3,2.5,2,0,0
03/08/2023 02:37:00,SVDT1,26.9,97.6,0,3176.4,0,115,0.7,1.6,2,0,0
03/08/2023 02:38:00,SVDT1,26.9,97.5,0,3176.4,0,91,0.8,1.3,2,0,0
03/08/2023 02:39:00,SVDT1,26.9,97.6,0,3176.4,0,108,1,1.5,2,0,0
03/08/2023 02:40:00,SVDT1,26.9,97.6,0,3176.4,0,103,1.8,4.6,2,0,0
03/08/2023 02:41:00,SVDT1,26.9,97.5,0,3176.4,0,83,1,4.4,2,0,0
03/08/2023 02:42:00,SVDT1,26.9,97.5,0,3176.4,0,110,1,1.8,2,0,0
03/08/2023 02:43:00,SVDT1,27.0,97.4,0,3176.4,0,134,0.8,5.3,2,0,0
03/08/2023 02:44:00,SVDT1,27.0,97.4,0,3176.4,0,96,0.8,2.3,2,0,0
03/08/2023 02:45:00,SVDT1,27.0,97.4,0,3176.4,0,81,1.4,3.6,2,0,0
03/08/2023 02:46:00,SVDT1,27.0,97.3,0,3176.4,0,112,0.9,2,2,0,0
03/08/2023 02:47:00,SVDT1,27.0,97.3,0,3176.4,0,114,1.1,6,2,0,0
03/08/2023 02:48:00,SVDT1,27.0,97.3,0,3176.4,0,107,0.8,1.2,2,0,0
03/08/2023 02:49:00,SVDT1,27.0,97.2,0,3176.4,0,88,1.1,1.4,2,0,0
03/08/2023 02:50:00,SVDT1,27.0,97.2,0,3176.4,0,79,0.9,1.2,2,0,0
03/08/2023 02:51:00,SVDT1,27.0,97.2,0,3176.4,0,77,1.1,1.9,2,0,0
03/08/2023 02:52:00,SVDT1,27.0,97.2,0,3176.4,0,116,0.9,8.8,2,0,0
03/08/2023 02:53:00,SVDT1,27.0,97.2,0,3176.4,0,104,1.1,3,2,0,0
03/08/2023 02:54:00,SVDT1,27.0,97.1,0,3176.4,0,83,1.5,4.2,2,0,0
03/08/2023 02:55:00,SVDT1,27.0,97.0,0,3176.4,0,115,1.1,2,2,0,0
03/08/2023 02:56:00,SVDT1,27.0,97.1,0,3176.4,0,111,2,6.8,2,0,0
03/08/2023 02:57:00,SVDT1,27.0,97.0,0,3176.4,0,102,1.6,7.5,2,0,0
03/08/2023 02:58:00,SVDT1,27.1,97.0,0,3176.4,0,105,1.4,3.2,2,0,0
03/08/2023 02:59:00,SVDT1,27.1,97.0,0,3176.4,0,107,1,5.3,2,0,0
03/08/2023 03:00:00,SVDT1,27.1,97.0,0,3176.4,0,120,1,2.2,2,0,0
03/08/2023 03:01:00,SVDT1,27.1,97.0,0,3176.4,0,118,1.4,3.4,2,0,0
03/08/2023 03:02:00,SVDT1,27.1,97.0,0,3176.4,0,130,1.7,5.2,2,0,0
03/08/2023 03:03:00,SVDT1,27.0,97.0,0,3176.4,0,154,1.2,3.2,2,0,0
03/08/2023 03:04:00,SVDT1,27.0,97.0,0,3176.4,0,123,1,1.4,2,0,0
03/08/2023 03:05:00,SVDT1,27.0,97.0,0,3176.4,0,117,1.1,1.4,2,0,0
03/08/2023 03:06:00,SVDT1,27.0,97.0,0,3176.4,0,109,1.5,4.4,2,0,0
03/08/2023 03:07:00,SVDT1,27.0,97.0,0,3176.4,0,86,1.4,3.1,2,0,0
03/08/2023 03:08:00,SVDT1,27.0,97.0,0,3176.4,0,118,2,7.6,2,0,0
03/08/2023 03:09:00,SVDT1,27.0,97.0,0,3176.4,0,132,1.5,4.4,2,0,0
03/08/2023 03:10:00,SVDT1,27.0,97.0,0,3176.4,0,114,1.1,2.9,2,0,0
03/08/2023 03:11:00,SVDT1,27.0,97.0,0,3176.4,0,115,1.3,2.4,2,0,0
03/08/2023 03:12:00,SVDT1,27.0,97.0,0,3176.4,0,78,1.6,8.6,2,0,0
03/08/2023 03:13:00,SVDT1,27.0,97.0,0,3176.4,0,108,1.6,2.4,2,0,0
03/08/2023 03:14:00,SVDT1,27.0,97.0,0,3176.4,0,84,1.4,3.5,2,0,0
03/08/2023 03:15:00,SVDT1,27.0,97.1,0,3176.4,0,113,1.6,3.5,2,0,0
03/08/2023 03:16:00,SVDT1,27.0,97.1,0,3176.4,0,112,1.3,3.4,2,0,0
03/08/2023 03:17:00,SVDT1,26.9,97.1,0,3176.4,0,94,1.2,2.8,2,0,0
03/08/2023 03:18:00,SVDT1,26.9,97.2,0,3176.4,0,144,1.4,2.9,2,0,0
03/08/2023 03:19:00,SVDT1,26.9,97.1,0,3176.4,0,104,1.9,14,2,0,0
03/08/2023 03:20:00,SVDT1,26.9,97.2,0,3176.4,0,100,1.5,9.5,2,0,0
03/08/2023 03:21:00,SVDT1,26.9,97.2,0,3176.4,0,114,1.2,2.5,2,0,0
03/08/2023 03:22:00,SVDT1,26.9,97.2,0,3176.4,0,106,2.1,6.7,2,0,0
03/08/2023 03:23:00,SVDT1,26.9,97.2,0,3176.4,0,102,1.2,6.3,2,0,0
03/08/2023 03:24:00,SVDT1,26.9,97.3,0,3176.4,0,105,1,1.8,2,0,0
03/08/2023 03:25:00,SVDT1,26.9,97.3,0,3176.4,0,111,1.4,3,2,0,0
03/08/2023 03:26:00,SVDT1,26.9,97.3,0,3176.4,0,98,1.2,1.5,2,0,0
03/08/2023 03:27:00,SVDT1,26.9,97.3,0,3176.4,0,102,1.4,7.2,2,0,0
03/08/2023 03:28:00,SVDT1,26.8,97.3,0,3176.4,0,128,1.1,3.7,2,0,0
03/08/2023 03:29:00,SVDT1,26.8,97.4,0,3176.4,0,67,1.4,5.3,2,0,0
03/08/2023 03:30:00,SVDT1,26.8,97.4,0,3176.4,0,107,2.8,10.4,2,0,0
03/08/2023 03:31:00,SVDT1,26.8,97.4,0,3176.4,0,97,1.6,10.1,2,0,0
03/08/2023 03:32:00,SVDT1,26.8,97.5,0,3176.4,0,56,0.7,2,2,0,0
03/08/2023 03:33:00,SVDT1,26.8,97.5,0,3176.4,0,104,1.2,2.7,2,0,0
03/08/2023 03:34:00,SVDT1,26.8,97.5,0,3176.4,0,81,1.5,3.8,2,0,0
03/08/2023 03:35:00,SVDT1,26.8,97.6,0,3176.4,0,99,0.9,1.1,2,0,0
03/08/2023 03:36:00,SVDT1,26.8,97.6,0,3176.4,0,98,1.3,2.2,2,0,0
03/08/2023 03:37:00,SVDT1,26.7,97.6,0,3176.4,0,83,1.4,3.7,2,0,0
03/08/2023 03:38:00,SVDT1,26.7,97.6,0,3176.4,0,109,1.3,2.9,2,0,0
03/08/2023 03:39:00,SVDT1,26.7,97.6,0,3176.4,0,117,1.6,2.2,2,0,0
03/08/2023 03:40:00,SVDT1,26.7,97.7,0,3176.4,0,93,1.4,2.2,2,0,0
03/08/2023 03:41:00,SVDT1,26.7,97.7,0,3176.4,0,81,1.3,1.5,2,0,0
03/08/2023 03:42:00,SVDT1,26.7,97.8,0,3176.4,0,111,1.3,2.2,2,0,0
03/08/2023 03:43:00,SVDT1,26.7,97.8,0,3176.4,0,80,1.3,3,2,0,0
03/08/2023 03:44:00,SVDT1,26.7,97.8,0,3176.4,0,100,1.1,3.1,2,0,0
03/08/2023 03:45:00,SVDT1,26.7,97.8,0,3176.4,0,80,1.2,5,2,0,0
03/08/2023 03:46:00,SVDT1,26.7,97.9,0,3176.4,0,61,1.6,3,2,0,0
03/08/2023 03:47:00,SVDT1,26.7,97.9,0,3176.4,0,111,1.3,1.7,2,0,0
03/08/2023 03:48:00,SVDT1,26.7,97.9,0,3176.4,0,85,1.3,2.2,2,0,0
03/08/2023 03:49:00,SVDT1,26.7,97.9,0,3176.4,0,104,1.4,2.3,2,0,0
03/08/2023 03:50:00,SVDT1,26.7,97.9,0,3176.4,0,102,1.2,3.8,2,0,0
03/08/2023 03:51:00,SVDT1,26.7,97.9,0,3176.4,0,111,1.1,6.3,2,0,0
03/08/2023 03:52:00,SVDT1,26.7,98.0,0,3176.4,0,117,1.2,2.3,2,0,0
03/08/2023 03:53:00,SVDT1,26.7,98.0,0,3176.4,0,105,0.8,1.4,2,0,0
03/08/2023 03:54:00,SVDT1,26.7,98.0,0,3176.4,0,80,1.1,2.3,2,0,0
03/08/2023 03:55:00,SVDT1,26.7,98.0,0,3176.4,0,77,1,3.7,2,0,0
03/08/2023 03:56:00,SVDT1,26.7,98.0,0,3176.4,0,74,1.3,2.3,2,0,0
03/08/2023 03:57:00,SVDT1,26.7,98.0,0,3176.4,0,68,0.9,3.7,2,0,0
03/08/2023 03:58:00,SVDT1,26.7,98.0,0,3176.4,0,105,0.8,1.2,2,0,0
03/08/2023 03:59:00,SVDT1,26.7,98.0,0,3176.4,0,35,0.9,3.8,2,0,0
03/08/2023 04:00:00,SVDT1,26.7,98.1,0,3176.4,0,101,1.1,2.1,2,0,0
03/08/2023 04:01:00,SVDT1,26.7,98.0,0,3176.4,0,119,0.8,1.2,2,0,0
03/08/2023 04:02:00,SVDT1,26.7,98.1,0,3176.4,0,112,1.1,2.4,2,0,0
03/08/2023 04:03:00,SVDT1,26.7,98.1,0,3176.4,0,95,0.9,2,2,0,0
03/08/2023 04:04:00,SVDT1,26.7,98.0,0,3176.4,0,89,0.9,1.5,2,0,0
03/08/2023 04:05:00,SVDT1,26.7,98.0,0,3176.4,0,119,1.1,1.6,2,0,0
03/08/2023 04:06:00,SVDT1,26.7,98.0,0,3176.4,0,153,1.1,1.6,2,0,0
03/08/2023 04:07:00,SVDT1,26.7,98.0,0,3176.4,0,99,0.9,9.3,2,0,0
03/08/2023 04:08:00,SVDT1,26.7,98.0,0,3176.4,0,105,1.7,6,2,0,0
03/08/2023 04:09:00,SVDT1,26.7,98.0,0,3176.4,0,87,1.2,5.4,2,0,0
03/08/2023 04:10:00,SVDT1,26.7,98.0,0,3176.4,0,177,1.1,1.8,2,0,0
03/08/2023 04:11:00,SVDT1,26.7,98.0,0,3176.4,0,78,1.9,2.7,2,0,0
03/08/2023 04:12:00,SVDT1,26.7,98.0,0,3176.4,0,85,1.2,3.1,2,0,0
03/08/2023 04:13:00,SVDT1,26.7,98.0,0,3176.4,0,86,1.5,3,2,0,0
03/08/2023 04:14:00,SVDT1,26.7,98.1,0,3176.4,0,98,1.4,3.1,2,0,0
03/08/2023 04:15:00,SVDT1,26.7,98.1,0,3176.4,0,65,2.1,4,2,0,0
03/08/2023 04:16:00,SVDT1,26.7,98.1,0,3176.4,0,87,1.9,3.2,2,0,0
03/08/2023 04:17:00,SVDT1,26.7,98.1,0,3176.4,0,161,1.4,2.2,2,0,0
03/08/2023 04:18:00,SVDT1,26.7,98.1,0,3176.4,0,216,1.6,4.2,2,0,0
03/08/2023 04:19:00,SVDT1,26.7,98.1,0,3176.4,0,91,1.6,2.2,2,0,0
03/08/2023 04:20:00,SVDT1,26.8,98.1,0,3176.4,0,125,1.1,2,2,0,0
03/08/2023 04:21:00,SVDT1,26.8,98.1,0,3176.4,0,163,1.2,1.8,2,0,0
03/08/2023 04:22:00,SVDT1,26.8,98.1,0,3176.4,0,165,0.9,1.4,2,0,0
03/08/2023 04:23:00,SVDT1,26.8,98.1,0,3176.4,0,104,1.2,1.9,2,0,0
03/08/2023 04:24:00,SVDT1,26.8,98.1,0,3176.4,0,72,0.8,1.2,2,0,0
03/08/2023 04:25:00,SVDT1,26.8,98.1,0,3176.4,0,92,1,1.6,2,0,0
03/08/2023 04:26:00,SVDT1,26.8,98.1,0,3176.4,0,104,1,2.7,2,0,0
03/08/2023 04:27:00,SVDT1,26.8,98.2,0,3176.4,0,132,1.4,4,2,0,0
03/08/2023 04:28:00,SVDT1,26.8,98.2,0,3176.4,0,88,1.6,4.7,2,0,0
03/08/2023 04:29:00,SVDT1,26.8,98.2,0,3176.4,0,65,1.2,3,2,0,0
03/08/2023 04:30:00,SVDT1,26.8,98.2,0,3176.4,0,96,0.9,1.3,2,0,0
03/08/2023 04:31:00,SVDT1,26.7,98.3,0,3176.4,0,102,1.7,5.5,2,0,0
03/08/2023 04:32:00,SVDT1,26.7,98.2,0,3176.4,0,63,0.9,1.6,2,0,0
03/08/2023 04:33:00,SVDT1,26.7,98.2,0,3176.4,0,102,1.2,2,2,0,0
03/08/2023 04:34:00,SVDT1,26.7,98.2,0,3176.4,0,94,1.2,3.8,2,0,0
03/08/2023 04:35:00,SVDT1,26.7,98.3,0,3176.4,0,104,1.2,2.5,2,0,0
03/08/2023 04:36:00,SVDT1,26.7,98.3,0,3176.4,0,107,1.3,2.7,2,0,0
03/08/2023 04:37:00,SVDT1,26.7,98.3,0,3176.4,0,115,1.4,2.3,2,0,0
03/08/2023 04:38:00,SVDT1,26.7,98.3,0,3176.4,0,72,1.5,4.1,2,0,0
03/08/2023 04:39:00,SVDT1,26.7,98.4,0,3176.4,0,81,1,2.1,2,0,0
03/08/2023 04:40:00,SVDT1,26.7,98.3,0,3176.4,0,76,0.7,0.9,2,0,0
03/08/2023 04:41:00,SVDT1,26.7,98.4,0,3176.4,0,81,0.9,1.4,2,0,0
03/08/2023 04:42:00,SVDT1,26.7,98.4,0,3176.4,0,164,1.6,3.2,2,0,0
03/08/2023 04:43:00,SVDT1,26.6,98.4,0,3176.4,0,122,1.3,7.8,2,0,0
03/08/2023 04:44:00,SVDT1,26.6,98.4,0,3176.4,0,130,1,1.2,2,0,0
03/08/2023 04:45:00,SVDT1,26.6,98.5,0,3176.4,0,100,1.1,1.5,2,0,0
03/08/2023 04:46:00,SVDT1,26.6,98.5,0,3176.4,0,119,1.2,2.1,2,0,0
03/08/2023 04:47:00,SVDT1,26.6,98.5,0,3176.4,0,78,1.1,2.4,2,0,0
03/08/2023 04:48:00,SVDT1,26.6,98.5,0,3176.4,0,125,1.3,1.8,2,0,0
03/08/2023 04:49:00,SVDT1,26.6,98.5,0,3176.4,0,86,1.5,4,2,0,0
03/08/2023 04:50:00,SVDT1,26.6,98.5,0,3176.4,0,66,0.9,2.3,2,0,0
03/08/2023 04:51:00,SVDT1,26.6,98.5,0,3176.4,0,98,1,1.3,2,0,0
03/08/2023 04:52:00,SVDT1,26.6,98.5,0,3176.4,0,80,0.9,1.1,2,0,0
03/08/2023 04:53:00,SVDT1,26.6,98.5,0,3176.4,0,107,1.2,1.9,2,0,0
03/08/2023 04:54:00,SVDT1,26.6,98.6,0,3176.4,0,100,1.3,3.4,2,0,0
03/08/2023 04:55:00,SVDT1,26.6,98.6,0,3176.4,0,68,1.7,8.4,2,0,0
03/08/2023 04:56:00,SVDT1,26.6,98.6,0,3176.4,0,55,1.4,2.7,2,0,0
03/08/2023 04:57:00,SVDT1,26.6,98.6,0,3176.4,0,150,1.4,1.7,2,0,0
03/08/2023 04:58:00,SVDT1,26.5,98.6,0,3176.4,0,77,1.8,3.4,2,0,0
03/08/2023 04:59:00,SVDT1,26.5,98.6,0,3176.4,0,84,1.4,1.9,2,0,0
03/08/2023 05:00:00,SVDT1,26.5,98.6,0,3176.4,0,199,1.3,2.1,2,0,0
03/08/2023 05:01:00,SVDT1,26.5,98.7,0,3176.4,0,129,1.5,2.2,2,0,0
03/08/2023 05:02:00,SVDT1,26.5,98.7,0,3176.4,0,74,1.1,2,2,0,0
03/08/2023 05:03:00,SVDT1,26.5,98.7,0,3176.4,0,114,1.4,5.1,2,0,0
03/08/2023 05:04:00,SVDT1,26.5,98.7,0,3176.4,0,181,1.4,3.4,2,0,0
03/08/2023 05:05:00,SVDT1,26.5,98.7,0,3176.4,0,68,1.8,6,2,0,0
03/08/2023 05:06:00,SVDT1,26.5,98.8,0,3176.4,0,61,1.2,6.4,2,0,0
03/08/2023 05:07:00,SVDT1,26.5,98.8,0,3176.4,0,133,1.4,3.2,2,0,0
03/08/2023 05:08:00,SVDT1,26.5,98.8,0,3176.4,0,82,1.4,3.1,2,0,0
03/08/2023 05:09:00,SVDT1,26.5,98.8,0,3176.4,0,85,1.3,3.8,2,0,0
03/08/2023 05:10:00,SVDT1,26.5,98.8,0,3176.4,0,88,2.5,7.6,2,0,0
03/08/2023 05:11:00,SVDT1,26.5,98.8,0,3176.4,0,66,1.6,4.9,2,0,0
03/08/2023 05:12:00,SVDT1,26.5,98.9,0,3176.4,0,83,1.1,1.3,2,0,0
03/08/2023 05:13:00,SVDT1,26.5,98.9,0,3176.4,0,89,1.6,2.9,2,0,0
03/08/2023 05:14:00,SVDT1,26.5,98.9,0,3176.4,0,75,1.9,9.9,2,0,0
03/08/2023 05:15:00,SVDT1,26.5,98.9,0,3176.4,0,85,1.6,3.6,2,0,0
03/08/2023 05:16:00,SVDT1,26.5,98.9,0,3176.4,0,38,1.5,3.6,2,0,0
03/08/2023 05:17:00,SVDT1,26.5,99.0,0,3176.4,0,107,1.9,8.7,2,0,0
03/08/2023 05:18:00,SVDT1,26.5,99.0,0,3176.4,0,219,1.6,3.4,2,0,0
03/08/2023 05:19:00,SVDT1,26.5,99.0,0,3176.4,0,160,1.3,2.3,2,0,0
03/08/2023 05:20:00,SVDT1,26.5,99.0,0,3176.4,0,74,1.5,2,2,0,0
03/08/2023 05:21:00,SVDT1,26.6,99.0,0,3176.4,0,54,1.1,1.5,2,0,0
03/08/2023 05:22:00,SVDT1,26.6,98.9,0,3176.4,0,140,1.3,2.1,2,0,0
03/08/2023 05:23:00,SVDT1,26.6,98.9,0,3176.4,0,78,1.2,1.8,2,0,0
03/08/2023 05:24:00,SVDT1,26.6,98.9,0,3176.4,0,119,1.7,2.7,2,0,0
03/08/2023 05:25:00,SVDT1,26.5,98.9,0,3176.4,0,168,1.3,2.1,2,0,0
03/08/2023 05:26:00,SVDT1,26.6,98.9,0,3176.4,0,122,1.4,2.6,2,0,0
03/08/2023 05:27:00,SVDT1,26.5,98.9,0,3176.4,0,98,1.4,5.5,2,0,0
03/08/2023 05:28:00,SVDT1,26.5,98.9,0,3176.4,0,82,1.7,3.8,2,0,0
03/08/2023 05:29:00,SVDT1,26.5,98.9,0,3176.4,0,160,1.9,3.4,2,0,0
03/08/2023 05:30:00,SVDT1,26.5,99.0,0,3176.4,0,76,1.7,2.5,2,0,0
03/08/2023 05:31:00,SVDT1,26.5,99.0,0,3176.4,0,66,2.2,4.9,2,0,0
03/08/2023 05:32:00,SVDT1,26.5,99.0,0,3176.4,0,77,1.9,5,2,0,0
03/08/2023 05:33:00,SVDT1,26.5,99.0,1,3176.4,0,171,1.4,2,2,0,0
03/08/2023 05:34:00,SVDT1,26.6,99.0,1,3176.4,0,147,1.6,2.8,2,0,0
03/08/2023 05:35:00,SVDT1,26.6,99.0,1,3176.4,0,157,1.2,1.6,2,0,0
03/08/2023 05:36:00,SVDT1,26.6,99.0,1,3176.4,0,135,1.3,2.8,2,0,0
03/08/2023 05:37:00,SVDT1,26.6,99.0,2,3176.4,0,113,1.4,4.9,2,0,0
03/08/2023 05:38:00,SVDT1,26.6,99.0,2,3176.4,0,65,1.1,1.5,2,0,0
03/08/2023 05:39:00,SVDT1,26.6,99.0,3,3176.4,0,95,1.7,4.1,2,0,0
03/08/2023 05:40:00,SVDT1,26.6,99.0,4,3176.4,0,98,2.2,6.5,2,0,0
03/08/2023 05:41:00,SVDT1,26.6,99.0,5,3176.4,0,98,1.2,3.8,2,0,0
03/08/2023 05:42:00,SVDT1,26.6,99.0,7,3176.4,0,205,1,1.9,2,0,0
03/08/2023 05:43:00,SVDT1,26.6,98.9,9,3176.4,0,97,1.2,1.7,2,0,0
03/08/2023 05:44:00,SVDT1,26.6,98.9,10,3176.4,0,79,1.4,2.1,2,0,0
03/08/2023 05:45:00,SVDT1,26.6,98.9,11,3176.4,0,94,1.4,1.6,2,0,0
03/08/2023 05:46:00,SVDT1,26.6,98.9,12,3176.4,0,188,1.5,3.1,2,0,0
03/08/2023 05:47:00,SVDT1,26.6,98.9,13,3176.4,0,121,1.3,1.8,2,0,0
03/08/2023 05:48:00,SVDT1,26.6,98.9,14,3176.4,0,236,2,3.1,2,0,0
03/08/2023 05:49:00,SVDT1,26.6,98.8,17,3176.4,0,91,1.5,2.8,2,0,0
03/08/2023 05:50:00,SVDT1,26.6,98.8,19,3176.4,0,221,1.4,4,2,0,0
03/08/2023 05:51:00,SVDT1,26.6,98.8,21,3176.4,0,111,1.3,2,2,0,0
03/08/2023 05:52:00,SVDT1,26.6,98.8,22,3176.4,0,128,1.3,2.7,2,0,0
03/08/2023 05:53:00,SVDT1,26.6,98.8,24,3176.4,0,212,1.6,2.7,2,0,0
03/08/2023 05:54:00,SVDT1,26.6,98.8,26,3176.4,0,112,1.4,4.2,2,0,0
03/08/2023 05:55:00,SVDT1,26.6,98.7,29,3176.4,0,89,1.2,3,2,0,0
03/08/2023 05:56:00,SVDT1,26.6,98.7,32,3176.4,0,134,1.5,5,2,0,0
03/08/2023 05:57:00,SVDT1,26.7,98.7,35,3176.4,0,119,1.4,2.1,2,0,0
03/08/2023 05:58:00,SVDT1,26.7,98.7,39,3176.4,0,133,1.5,2,2,0,0
03/08/2023 05:59:00,SVDT1,26.7,98.7,43,3176.4,0,217,1.2,1.4,2,0,0
03/08/2023 06:00:00,SVDT1,26.7,98.6,47,3176.4,0,69,1.2,1.8,2,0,0
03/08/2023 06:01:00,SVDT1,26.7,98.6,51,3176.4,0,170,1.2,1.7,2,0,0
03/08/2023 06:02:00,SVDT1,26.7,98.6,55,3176.4,0,140,1.1,2.2,2,0,0
03/08/2023 06:03:00,SVDT1,26.7,98.6,59,3176.4,0,110,1.5,3.3,2,0,0
03/08/2023 06:04:00,SVDT1,26.7,98.6,63,3176.4,0,114,1.3,2.1,2,0,0
03/08/2023 06:05:00,SVDT1,26.7,98.5,69,3176.4,0,157,1.7,3.4,2,0,0
03/08/2023 06:06:00,SVDT1,26.8,98.5,74,3176.4,0,192,1.3,6.2,2,0,0
03/08/2023 06:07:00,SVDT1,26.8,98.4,80,3176.4,0,121,1.4,3.5,2,0,0
03/08/2023 06:08:00,SVDT1,26.8,98.4,86,3176.4,0,122,1.5,2.6,2,0,0
03/08/2023 06:09:00,SVDT1,26.8,98.4,92,3176.4,0,98,1.6,5.1,2,0,0
03/08/2023 06:10:00,SVDT1,26.8,98.4,98,3176.4,0,158,1.6,2.6,2,0,0
03/08/2023 06:11:00,SVDT1,26.8,98.3,103,3176.4,0,173,1.3,1.6,2,0,0
03/08/2023 06:12:00,SVDT1,26.9,98.3,109,3176.4,0,115,1.5,2.6,2,0,0
03/08/2023 06:13:00,SVDT1,26.9,98.3,115,3176.4,0,140,1.2,2.6,2,0,0
03/08/2023 06:14:00,SVDT1,26.9,98.2,120,3176.4,0,94,1.2,1.5,2,0,0
03/08/2023 06:15:00,SVDT1,26.9,98.2,126,3176.4,0,90,1.1,1.8,2,0,0
03/08/2023 06:16:00,SVDT1,27.0,98.1,132,3176.4,0,75,1.3,2.9,2,0,0
03/08/2023 06:17:00,SVDT1,27.0,98.1,139,3176.4,0,74,1.2,1.7,2,0,0
03/08/2023 06:18:00,SVDT1,27.0,98.1,145,3176.4,0,122,1,1.6,2,0,0
03/08/2023 06:19:00,SVDT1,27.0,98.0,151,3176.4,0,99,1.1,1.9,2,0,0
03/08/2023 06:20:00,SVDT1,27.0,98.0,159,3176.4,0,73,1,1.5,2,0,0
03/08/2023 06:21:00,SVDT1,27.0,97.9,165,3176.4,0,183,1.1,2,2,0,0
03/08/2023 06:22:00,SVDT1,27.1,97.9,173,3176.4,0,141,1,1.8,2,0,0
03/08/2023 06:23:00,SVDT1,27.1,97.9,180,3176.4,0,185,1.3,1.9,2,0,0
03/08/2023 06:24:00,SVDT1,27.1,97.9,188,3176.4,0,135,1.1,1.6,2,0,0
03/08/2023 06:25:00,SVDT1,27.2,97.8,197,3176.4,0,96,1.3,1.7,2,0,0
03/08/2023 06:26:00,SVDT1,27.2,97.7,207,3176.4,0,111,1.3,1.6,2,0,0
03/08/2023 06:27:00,SVDT1,27.2,97.7,216,3176.4,0,82,0.9,2.2,2,0,0
03/08/2023 06:28:00,SVDT1,27.3,97.6,227,3176.4,0,78,1.9,3.4,2,0,0
03/08/2023 06:29:00,SVDT1,27.3,97.5,236,3176.4,0,56,1.9,7.9,2,0,0
03/08/2023 06:30:00,SVDT1,27.3,97.5,243,3176.4,0,207,1.5,3.4,2,0,0
03/08/2023 06:31:00,SVDT1,27.4,97.5,241,3176.4,0,124,1.1,1.9,2,0,0
03/08/2023 06:32:00,SVDT1,27.4,97.4,242,3176.4,0,135,1.5,3.3,2,0,0
03/08/2023 06:33:00,SVDT1,27.5,97.4,245,3176.4,0,82,2.2,4.9,2,0,0
03/08/2023 06:34:00,SVDT1,27.5,97.3,249,3176.4,0,138,1.2,2,2,0,0
03/08/2023 06:35:00,SVDT1,27.5,97.1,257,3176.4,0,98,1.5,4.8,2,0,0
03/08/2023 06:36:00,SVDT1,27.5,97.1,266,3176.4,0,111,1.5,5.6,2,0,0
03/08/2023 06:37:00,SVDT1,27.5,96.9,274,3176.4,0,86,1.2,1.5,2,0,0
03/08/2023 06:38:00,SVDT1,27.6,96.8,283,3176.4,0,80,1.3,1.7,2,0,0
03/08/2023 06:39:00,SVDT1,27.6,96.7,290,3176.4,0,105,1.5,1.9,2,0,0
03/08/2023 06:40:00,SVDT1,27.7,96.8,294,3176.4,0,117,1.6,2.2,2,0,0
03/08/2023 06:41:00,SVDT1,27.7,96.8,298,3176.4,0,81,1.8,3.7,2,0,0
03/08/2023 06:42:00,SVDT1,27.7,96.6,309,3176.4,0,112,1.3,2.2,2,0,0
03/08/2023 06:43:00,SVDT1,27.8,96.6,313,3176.4,0,106,1.3,2.2,2,0,0
03/08/2023 06:44:00,SVDT1,27.8,96.5,316,3176.4,0,104,1.7,2.6,2,0,0
03/08/2023 06:45:00,SVDT1,27.9,96.4,321,3176.4,0,92,1.5,3.7,2,0,0
03/08/2023 06:46:00,SVDT1,27.9,96.3,326,3176.4,0,89,1.4,3.4,2,0,0
03/08/2023 06:47:00,SVDT1,27.9,96.3,333,3176.4,0,81,1.8,5.5,2,0,0
03/08/2023 06:48:00,SVDT1,28.0,96.2,337,3176.4,0,132,1.7,3.9,2,0,0
03/08/2023 06:49:00,SVDT1,28.1,96.2,342,3176.4,0,100,1.8,7.9,2,0,0
03/08/2023 06:50:00,SVDT1,28.1,96.1,347,3176.4,0,109,1.9,5.7,2,0,0
03/08/2023 06:51:00,SVDT1,28.1,96.0,353,3176.4,0,161,1.5,2.2,2,0,0
03/08/2023 06:52:00,SVDT1,28.1,95.7,359,3176.4,0,123,1.8,4.7,2,0,0
03/08/2023 06:53:00,SVDT1,28.2,95.7,364,3176.4,0,124,2,4,2,0,0
03/08/2023 06:54:00,SVDT1,28.2,95.7,369,3176.4,0,114,2.1,7.5,2,0,0
03/08/2023 06:55:00,SVDT1,28.3,95.6,374,3176.4,0,173,2.4,6.2,2,0,0
03/08/2023 06:56:00,SVDT1,28.3,95.7,379,3176.4,0,99,1.8,2.7,2,0,0
03/08/2023 06:57:00,SVDT1,28.4,95.6,383,3176.4,0,69,1.5,2.2,2,0,0
03/08/2023 06:58:00,SVDT1,28.4,95.5,388,3176.4,0,105,1.8,2.3,2,0,0
03/08/2023 06:59:00,SVDT1,28.4,95.3,393,3176.4,0,122,1.8,3.2,2,0,0
03/08/2023 07:00:00,SVDT1,28.5,95.3,398,3176.4,0,108,2.2,6.9,2,0,0
03/08/2023 07:01:00,SVDT1,28.5,95.1,403,3176.4,0,115,1.7,4.8,2,0,0
03/08/2023 07:02:00,SVDT1,28.5,94.8,408,3176.4,0,147,1.4,2.7,2,0,0
03/08/2023 07:03:00,SVDT1,28.6,95.0,411,3176.4,0,111,1.8,7.8,2,0,0
03/08/2023 07:04:00,SVDT1,28.7,95.1,414,3176.4,0,111,1.7,3,2,0,0
03/08/2023 07:05:00,SVDT1,28.7,94.9,417,3176.4,0,106,1.6,2.9,2,0,0
03/08/2023 07:06:00,SVDT1,28.8,94.8,419,3176.4,0,143,2.4,5.2,2,0,0
03/08/2023 07:07:00,SVDT1,28.7,94.4,423,3176.4,0,117,2.1,3.3,2,0,0
03/08/2023 07:08:00,SVDT1,28.8,94.5,427,3176.4,0,75,2,3,2,0,0
03/08/2023 07:09:00,SVDT1,28.8,94.3,431,3176.4,0,108,2.4,6,2,0,0
03/08/2023 07:10:00,SVDT1,28.8,94.4,433,3176.4,0,105,1.5,2.9,2,0,0
03/08/2023 07:11:00,SVDT1,28.8,94.4,435,3176.4,0,95,2.1,3.3,2,0,0
03/08/2023 07:12:00,SVDT1,28.8,94.1,439,3176.4,0,121,1.8,3.1,2,0,0
03/08/2023 07:13:00,SVDT1,28.9,94.1,445,3176.4,0,52,2.2,4.6,2,0,0
03/08/2023 07:14:00,SVDT1,28.9,94.2,450,3176.4,0,121,1.8,3.2,2,0,0
03/08/2023 07:15:00,SVDT1,29.0,94.2,448,3176.4,0,137,1.7,3.4,2,0,0
03/08/2023 07:16:00,SVDT1,29.0,94.1,448,3176.4,0,88,2.6,4.2,2,0,0
03/08/2023 07:17:00,SVDT1,29.0,93.8,450,3176.4,0,208,2.3,3.7,2,0,0
03/08/2023 07:18:00,SVDT1,29.1,93.6,455,3176.4,0,137,1.7,2.8,2,0,0
03/08/2023 07:19:00,SVDT1,29.1,93.6,460,3176.4,0,105,2,7.3,2,0,0
03/08/2023 07:20:00,SVDT1,29.2,93.7,470,3176.4,0,108,2,4.1,2,0,0
03/08/2023 07:21:00,SVDT1,29.2,93.5,477,3176.4,0,97,2.8,5.2,2,0,0
03/08/2023 07:22:00,SVDT1,29.2,93.2,482,3176.4,0,100,1.9,2.6,2,0,0
03/08/2023 07:23:00,SVDT1,29.2,93.2,490,3176.4,0,150,1.8,3.9,2,0,0
03/08/2023 07:24:00,SVDT1,29.2,93.2,498,3176.4,0,237,1.7,2.2,2,0,0
03/08/2023 07:25:00,SVDT1,29.3,93.1,499,3176.4,0,195,2.2,3.5,2,0,0
03/08/2023 07:26:00,SVDT1,29.4,93.1,487,3176.4,0,155,2,3.6,2,0,0
03/08/2023 07:27:00,SVDT1,29.4,93.0,499,3176.4,0,109,1.9,2.9,2,0,0
03/08/2023 07:28:00,SVDT1,29.5,92.8,537,3176.4,0,95,1.7,4.1,2,0,0
03/08/2023 07:29:00,SVDT1,29.5,92.6,545,3176.4,0,154,1.8,4.5,2,0,0
03/08/2023 07:30:00,SVDT1,29.6,92.4,514,3176.4,0,76,1.8,4,2,0,0
03/08/2023 07:31:00,SVDT1,29.6,92.3,514,3176.4,0,90,2,9,2,0,0
03/08/2023 07:32:00,SVDT1,29.7,92.3,542,3176.4,0,96,2.1,4.4,2,0,0
03/08/2023 07:33:00,SVDT1,29.7,92.2,543,3176.4,0,89,1.8,2.6,2,0,0
03/08/2023 07:34:00,SVDT1,29.7,92.2,526,3176.4,0,275,2.1,3.7,2,0,0
03/08/2023 07:35:00,SVDT1,29.7,92.2,497,3176.4,0,107,1.8,5.1,2,0,0
03/08/2023 07:36:00,SVDT1,29.7,92.1,498,3176.4,0,104,1.7,2.1,2,0,0
03/08/2023 07:37:00,SVDT1,29.6,91.7,497,3176.4,0,122,1.9,4.8,2,0,0
03/08/2023 07:38:00,SVDT1,29.7,91.9,488,3176.4,0,212,2,3.7,3,0,0
03/08/2023 07:39:00,SVDT1,29.7,91.8,512,3176.4,0,142,1.7,3.2,3,0,0
03/08/2023 07:40:00,SVDT1,29.7,91.8,511,3176.4,0,193,2,3.5,3,0,0
03/08/2023 07:41:00,SVDT1,29.7,91.7,513,3176.4,0,142,2.5,4.1,3,0,0
03/08/2023 07:42:00,SVDT1,29.6,91.6,505,3176.4,0,96,2.2,3.4,3,0,0
03/08/2023 07:43:00,SVDT1,29.6,91.3,480,3176.4,0,92,1.6,1.9,3,0,0
03/08/2023 07:44:00,SVDT1,29.6,91.5,467,3176.4,0,72,1.6,2,3,0,0
03/08/2023 07:45:00,SVDT1,29.6,91.6,446,3176.4,0,215,1.5,4.2,3,0,0
03/08/2023 07:46:00,SVDT1,29.6,91.6,457,3176.4,0,50,1.5,8.4,3,0,0
03/08/2023 07:47:00,SVDT1,29.6,91.9,501,3176.4,0,77,1.7,2.6,3,0,0
03/08/2023 07:48:00,SVDT1,29.5,91.5,503,3176.4,0,130,1.5,9.4,3,0,0
03/08/2023 07:49:00,SVDT1,29.6,91.5,409,3176.4,0,139,2.7,12.1,3,0,0
03/08/2023 07:50:00,SVDT1,29.5,91.5,350,3176.4,0,102,1.9,10.2,3,0,0
03/08/2023 07:51:00,SVDT1,29.5,91.8,414,3176.4,0,104,1.7,9.1,3,0,0
03/08/2023 07:52:00,SVDT1,29.4,92.0,506,3176.4,0,100,1.5,4.3,3,0,0
03/08/2023 07:53:00,SVDT1,29.5,92.1,531,3176.4,0,89,2,3.3,3,0,0
03/08/2023 07:54:00,SVDT1,29.6,92.1,543,3176.4,0,88,1.5,2.8,3,0,0
03/08/2023 07:55:00,SVDT1,29.6,92.1,562,3176.4,0,109,1.5,3.3,3,0,0
03/08/2023 07:56:00,SVDT1,29.6,92.0,556,3176.4,0,167,1.7,10.4,3,0,0
03/08/2023 07:57:00,SVDT1,29.7,91.9,568,3176.4,0,119,1.7,3.8,3,0,0
03/08/2023 07:58:00,SVDT1,29.7,91.1,617,3176.4,0,137,1.3,2.8,3,0,0
03/08/2023 07:59:00,SVDT1,29.8,90.9,740,3176.4,0,251,1.8,3.9,3,0,0
03/08/2023 08:00:00,SVDT1,29.9,90.9,728,3176.4,0,193,2.4,8,3,0,0
03/08/2023 08:01:00,SVDT1,30.1,90.7,713,3176.4,0,132,2,4.7,3,0,0
03/08/2023 08:02:00,SVDT1,30.2,90.6,710,3176.4,0,169,1.8,11.5,3,0,0
03/08/2023 08:03:00,SVDT1,30.4,90.3,855,3176.4,0,94,1.8,3.8,3,0,0
03/08/2023 08:04:00,SVDT1,30.7,89.2,866,3176.4,0,111,1.7,2.4,3,0,0
03/08/2023 08:05:00,SVDT1,31.0,88.4,841,3176.4,0,102,1.3,3.4,3,0,0
03/08/2023 08:06:00,SVDT1,31.2,87.9,791,3176.4,0,113,1.4,1.8,3,0,0
03/08/2023 08:07:00,SVDT1,31.2,86.7,808,3176.4,0,132,1.4,2.1,3,0,0
03/08/2023 08:08:00,SVDT1,31.3,86.1,742,3176.4,0,144,1.1,1.8,3,0,0
03/08/2023 08:09:00,SVDT1,31.4,85.9,638,3176.4,0,77,1.8,6.4,3,0,0
03/08/2023 08:10:00,SVDT1,31.2,86.3,575,3176.4,0,85,1.2,2,3,0,0
03/08/2023 08:11:00,SVDT1,31.1,86.8,571,3176.4,0,131,1.5,2.4,3,0,0
03/08/2023 08:12:00,SVDT1,31.0,87.0,585,3176.4,0,136,1.5,3.9,3,0,0
03/08/2023 08:13:00,SVDT1,30.9,87.6,608,3176.4,0,125,1.4,2.3,3,0,0
03/08/2023 08:14:00,SVDT1,30.9,87.7,639,3176.4,0,111,2,4.3,3,0,0
03/08/2023 08:15:00,SVDT1,31.1,87.6,748,3176.4,0,216,1.9,2.6,3,0,0
03/08/2023 08:16:00,SVDT1,31.3,87.0,845,3176.4,0,190,1.6,2.2,3,0,0
03/08/2023 08:17:00,SVDT1,31.7,85.9,847,3176.4,0,169,1.8,4.8,3,0,0
03/08/2023 08:18:00,SVDT1,31.8,85.1,851,3176.4,0,147,1.6,3.3,3,0,0
03/08/2023 08:19:00,SVDT1,32.1,85.1,716,3176.4,0,141,1.7,7.9,3,0,0
03/08/2023 08:20:00,SVDT1,32.1,85.0,671,3176.4,0,212,1.6,3.8,3,0,0
03/08/2023 08:21:00,SVDT1,31.9,85.0,704,3176.4,0,163,1.7,7,3,0,0
03/08/2023 08:22:00,SVDT1,31.8,84.8,772,3176.4,0,156,1.2,1.7,3,0,0
03/08/2023 08:23:00,SVDT1,31.6,85.5,856,3176.4,0,122,1.8,5.6,3,0,0
03/08/2023 08:24:00,SVDT1,31.5,85.8,873,3176.4,0,250,1.5,2.4,3,0,0
03/08/2023 08:25:00,SVDT1,31.4,85.6,857,3176.4,0,100,1.5,3.8,3,0,0
03/08/2023 08:26:00,SVDT1,31.5,85.6,922,3176.4,0,147,1.5,3.7,3,0,0
03/08/2023 08:27:00,SVDT1,31.7,85.2,849,3176.4,0,141,1.4,2.1,3,0,0
03/08/2023 08:28:00,SVDT1,31.8,84.7,662,3176.4,0,148,1.3,2.5,3,0,0
03/08/2023 08:29:00,SVDT1,31.8,85.3,571,3176.4,0,200,1.3,2.5,3,0,0
03/08/2023 08:30:00,SVDT1,31.6,84.9,599,3176.4,0,188,1.5,3.1,3,0,0
03/08/2023 08:31:00,SVDT1,31.6,85.3,724,3176.4,0,197,1.4,3.6,3,0,0
03/08/2023 08:32:00,SVDT1,31.5,85.6,732,3176.4,0,93,1.5,2.7,3,0,0
03/08/2023 08:33:00,SVDT1,31.4,85.3,677,3176.4,0,162,1.5,3.1,3,0,0
03/08/2023 08:34:00,SVDT1,31.2,85.8,645,3176.4,0,131,1.5,2.6,3,0,0
03/08/2023 08:35:00,SVDT1,31.1,86.0,597,3176.4,0,96,1.7,2.5,3,0,0
03/08/2023 08:36:00,SVDT1,30.9,86.4,603,3176.4,0,99,1.4,4,3,0,0
03/08/2023 08:37:00,SVDT1,30.9,86.9,636,3176.4,0,110,1.4,7.9,3,0,0
03/08/2023 08:38:00,SVDT1,30.9,87.3,711,3176.4,0,110,1.4,3.8,3,0,0
03/08/2023 08:39:00,SVDT1,30.9,87.2,672,3176.4,0,128,1.7,3,3,0,0
03/08/2023 08:40:00,SVDT1,31.1,87.0,771,3176.4,0,80,2,8.4,3,0,0
03/08/2023 08:41:00,SVDT1,31.7,86.8,835,3176.4,0,139,1.7,4.9,3,0,0
03/08/2023 08:42:00,SVDT1,32.3,84.5,884,3176.4,0,160,1.2,3.6,3,0,0
03/08/2023 08:43:00,SVDT1,32.8,83.5,916,3176.4,0,159,1.3,1.7,3,0,0
03/08/2023 08:44:00,SVDT1,33.3,82.2,1000,3176.4,0,127,1.8,4.6,3,0,0
03/08/2023 08:45:00,SVDT1,33.8,79.8,1004,3176.4,0,62,1.8,4.8,3,0,0
03/08/2023 08:46:00,SVDT1,34.1,79.0,811,3176.4,0,160,1.5,3.2,3,0,0
03/08/2023 08:47:00,SVDT1,33.7,79.0,810,3176.4,0,149,1.9,3.9,3,0,0
03/08/2023 08:48:00,SVDT1,33.6,79.8,824,3176.4,0,135,1.8,10.3,3,0,0
03/08/2023 08:49:00,SVDT1,33.5,79.5,1002,3176.4,0,178,1.5,3.1,3,0,0
03/08/2023 08:50:00,SVDT1,33.6,78.9,926,3176.4,0,74,1.4,6.3,3,0,0
03/08/2023 08:51:00,SVDT1,33.4,79.1,928,3176.4,0,141,1.7,4,3,0,0
03/08/2023 08:52:00,SVDT1,33.3,78.9,931,3176.4,0,98,1.4,2.7,3,0,0
03/08/2023 08:53:00,SVDT1,33.3,79.7,746,3176.4,0,139,1.1,2.1,3,0,0
03/08/2023 08:54:00,SVDT1,33.2,79.3,572,3176.4,0,118,1.6,5.1,3,0,0
03/08/2023 08:55:00,SVDT1,32.9,80.2,474,3176.4,0,78,1.2,6.7,3,0,0
03/08/2023 08:56:00,SVDT1,32.7,80.7,430,3176.4,0,121,1.9,10.1,3,0,0
03/08/2023 08:57:00,SVDT1,32.5,81.6,400,3176.4,0,145,1.3,1.6,3,0,0
03/08/2023 08:58:00,SVDT1,32.3,82.7,368,3176.4,0,136,1,1.2,3,0,0
03/08/2023 08:59:00,SVDT1,31.8,83.3,435,3176.4,0,273,1.3,3.1,3,0,0
03/08/2023 09:00:00,SVDT1,31.5,83.8,551,3176.4,0,108,1.4,2.8,3,0,0
03/08/2023 09:01:00,SVDT1,31.2,84.7,605,3176.4,0,125,1.5,2.8,3,0,0
03/08/2023 09:02:00,SVDT1,31.1,85.3,631,3176.4,0,110,1.5,3.7,3,0,0
03/08/2023 09:03:00,SVDT1,30.9,85.6,691,3176.4,0,243,1.3,3.5,3,0,0
03/08/2023 09:04:00,SVDT1,30.8,85.7,752,3176.4,0,198,1.5,9.6,3,0,0
03/08/2023 09:05:00,SVDT1,30.8,86.2,804,3176.4,0,184,1.5,3.9,3,0,0
03/08/2023 09:06:00,SVDT1,30.8,86.4,838,3176.4,0,161,1.4,2.8,3,0,0
03/08/2023 09:07:00,SVDT1,30.8,86.8,916,3176.4,0,216,1.6,2.8,3,0,0
03/08/2023 09:08:00,SVDT1,30.9,87.1,913,3176.4,0,220,1.9,3.8,3,0,0
03/08/2023 09:09:00,SVDT1,30.9,87.0,956,3176.4,0,179,1.4,2.5,3,0,0
03/08/2023 09:10:00,SVDT1,30.9,86.8,977,3176.4,0,145,2,5.7,3,0,0
03/08/2023 09:11:00,SVDT1,30.9,86.5,1001,3176.4,0,197,1.6,5.7,3,0,0
03/08/2023 09:12:00,SVDT1,30.9,86.5,981,3176.4,0,154,1.1,2.9,3,0,0
03/08/2023 09:13:00,SVDT1,30.9,87.1,945,3176.4,0,149,1.5,5.3,3,0,0
03/08/2023 09:14:00,SVDT1,30.9,87.2,938,3176.4,0,224,1.6,4,3,0,0
03/08/2023 09:15:00,SVDT1,31.0,87.4,949,3176.4,0,249,1.5,2.8,3,0,0
03/08/2023 09:16:00,SVDT1,31.0,87.2,887,3176.4,0,193,1.3,2.2,3,0,0
03/08/2023 09:17:00,SVDT1,31.0,86.8,863,3176.4,0,167,1.9,5.1,3,0,0
03/08/2023 09:18:00,SVDT1,31.1,86.6,977,3176.4,0,151,1.3,4.1,3,0,0
03/08/2023 09:19:00,SVDT1,31.5,86.2,1065,3176.4,0,152,1.6,3.6,3,0,0
03/08/2023 09:20:00,SVDT1,32.1,85.4,899,3176.4,0,122,1.2,2.4,3,0,0
03/08/2023 09:21:00,SVDT1,32.3,83.2,942,3176.4,0,135,1.9,4.3,3,0,0
03/08/2023 09:22:00,SVDT1,32.5,81.8,1016,3176.4,0,138,2.3,7.5,3,0,0
03/08/2023 09:23:00,SVDT1,32.8,81.5,985,3176.4,0,122,3.5,9.3,3,0,0
03/08/2023 09:24:00,SVDT1,33.1,80.4,991,3176.4,0,99,2.6,3.8,3,0,0
03/08/2023 09:25:00,SVDT1,33.3,78.9,1044,3176.4,0,86,7,15.4,3,0,0
03/08/2023 09:26:00,SVDT1,33.6,78.5,1019,3176.4,0,90,7.6,16,3,0,0
03/08/2023 09:27:00,SVDT1,33.7,78.1,1055,3176.4,0,112,7.7,19.6,3,0,0
03/08/2023 09:28:00,SVDT1,33.6,76.4,1011,3176.4,0,100,8.6,18.4,3,0,0
03/08/2023 09:29:00,SVDT1,33.8,78.0,1130,3176.4,0,82,7.8,17.2,3,0,0
03/08/2023 09:30:00,SVDT1,34.1,75.8,1152,3176.4,0,78,7.6,22.7,3,0,0
03/08/2023 09:31:00,SVDT1,34.4,76.2,1183,3176.4,0,124,6.4,15.6,3,0,0
03/08/2023 09:32:00,SVDT1,34.5,74.6,1151,3176.4,0,147,8.4,20.2,3,0,0
03/08/2023 09:33:00,SVDT1,34.2,74.9,1079,3176.4,0,127,6.9,14.6,3,0,0
03/08/2023 09:34:00,SVDT1,34.1,75.4,996,3176.4,0,119,5.7,15.6,3,0,0
03/08/2023 09:35:00,SVDT1,34.0,75.3,972,3176.4,0,90,7.2,14.8,3,0,0
03/08/2023 09:36:00,SVDT1,33.9,76.1,1019,3176.4,0,151,5.7,14.3,3,0,0
03/08/2023 09:37:00,SVDT1,33.6,76.2,1105,3176.4,0,192,4.4,10.1,3,0,0
03/08/2023 09:38:00,SVDT1,33.6,76.2,1217,3176.4,0,93,2.8,4.5,3,0,0
03/08/2023 09:39:00,SVDT1,33.8,76.0,1188,3176.4,0,141,2.4,7.2,3,0,0
03/08/2023 09:40:00,SVDT1,33.6,76.7,1117,3176.4,0,154,1.8,3.2,3,0,0
03/08/2023 09:41:00,SVDT1,33.8,76.3,1277,3176.4,0,135,1.4,3.4,3,0,0
03/08/2023 09:42:00,SVDT1,34.1,75.1,1241,3176.4,0,106,1.2,1.8,3,0,0
03/08/2023 09:43:00,SVDT1,34.2,74.6,1225,3176.4,0,124,1.6,2.8,3,0,0
03/08/2023 09:44:00,SVDT1,34.3,74.6,1280,3176.4,0,123,2.2,2.7,4,0,0
03/08/2023 09:45:00,SVDT1,34.7,74.1,855,3176.4,0,133,1.8,3.5,4,0,0
03/08/2023 09:46:00,SVDT1,34.7,74.7,567,3176.4,0,151,2.4,9.8,4,0,0
03/08/2023 09:47:00,SVDT1,34.3,74.5,579,3176.4,0,155,2,7.8,4,0,0
03/08/2023 09:48:00,SVDT1,34.1,75.2,695,3176.4,0,90,2,4.3,4,0,0
03/08/2023 09:49:00,SVDT1,33.7,75.9,867,3176.4,0,217,2.4,4.8,4,0,0
03/08/2023 09:50:00,SVDT1,33.5,77.2,1014,3176.4,0,200,1.7,2.5,4,0,0
03/08/2023 09:51:00,SVDT1,33.4,77.3,1081,3176.4,0,156,2.1,2.6,4,0,0
03/08/2023 09:52:00,SVDT1,33.1,78.6,964,3176.4,0,139,2.5,11.9,4,0,0
03/08/2023 09:53:00,SVDT1,32.9,79.2,948,3176.4,0,116,3.5,6.5,4,0,0
03/08/2023 09:54:00,SVDT1,32.7,79.8,916,3176.4,0,127,3.3,7.8,4,0,0
03/08/2023 09:55:00,SVDT1,32.5,80.8,912,3176.4,0,107,2.8,4.8,4,0,0
03/08/2023 09:56:00,SVDT1,32.5,81.2,929,3176.4,0,138,2,8,4,0,0
03/08/2023 09:57:00,SVDT1,32.4,81.5,1097,3176.4,0,90,2.1,10.3,4,0,0
03/08/2023 09:58:00,SVDT1,32.5,81.6,1293,3176.4,0,90,1.9,4.6,4,0,0
03/08/2023 09:59:00,SVDT1,33.0,81.0,1352,3176.4,0,136,2.1,2.7,4,0,0
03/08/2023 10:00:00,SVDT1,33.5,80.5,1494,3176.4,0,137,1.8,3.5,4,0,0
03/08/2023 10:01:00,SVDT1,33.7,78.8,1481,3176.4,0,84,1.5,3.8,4,0,0
03/08/2023 10:02:00,SVDT1,33.9,78.7,1152,3176.4,0,113,1.3,3.1,4,0,0
03/08/2023 10:03:00,SVDT1,33.8,78.6,1022,3176.4,0,104,1.2,4.9,4,0,0
03/08/2023 10:04:00,SVDT1,33.5,78.3,966,3176.4,0,115,1.8,2.5,4,0,0
03/08/2023 10:05:00,SVDT1,33.2,78.7,903,3176.4,0,159,2.3,6.2,4,0,0
03/08/2023 10:06:00,SVDT1,32.9,79.5,779,3176.4,0,199,1.8,5.3,4,0,0
03/08/2023 10:07:00,SVDT1,32.6,80.8,745,3176.4,0,238,2,4.3,4,0,0
03/08/2023 10:08:00,SVDT1,32.4,81.4,917,3176.4,0,188,1.5,10.1,4,0,0
03/08/2023 10:09:00,SVDT1,32.4,81.4,1106,3176.4,0,222,1.5,2.8,4,0,0
03/08/2023 10:10:00,SVDT1,32.3,81.9,1253,3176.4,0,181,1,2.7,4,0,0
03/08/2023 10:11:00,SVDT1,32.2,82.1,1510,3176.4,0,287,1.4,2.5,4,0,0
03/08/2023 10:12:00,SVDT1,32.6,81.9,1571,3176.4,0,218,2.1,3.4,4,0,0
03/08/2023 10:13:00,SVDT1,32.9,80.9,1248,3176.4,0,155,1.6,2.5,4,0,0
03/08/2023 10:14:00,SVDT1,32.9,80.5,872,3176.4,0,192,1.1,1.5,4,0,0
03/08/2023 10:15:00,SVDT1,32.8,80.3,1049,3176.4,0,266,1.4,2.2,4,0,0
03/08/2023 10:16:00,SVDT1,32.7,80.2,1064,3176.4,0,214,1.4,2.8,4,0,0
03/08/2023 10:17:00,SVDT1,32.5,80.4,1004,3176.4,0,155,1.9,5.2,4,0,0
03/08/2023 10:18:00,SVDT1,32.3,81.0,901,3176.4,0,252,1.8,3.5,4,0,0
03/08/2023 10:19:00,SVDT1,32.3,81.3,753,3176.4,0,256,1.2,1.7,4,0,0
03/08/2023 10:20:00,SVDT1,32.2,82.0,711,3176.4,0,307,1.1,1.7,4,0,0
03/08/2023 10:21:00,SVDT1,31.9,82.7,839,3176.4,0,300,1,1.5,4,0,0
03/08/2023 10:22:00,SVDT1,31.8,83.5,926,3176.4,0,259,1.2,1.6,4,0,0
03/08/2023 10:23:00,SVDT1,31.8,83.7,1018,3176.4,0,173,1.1,5.3,4,0,0
03/08/2023 10:24:00,SVDT1,31.7,83.6,1102,3176.4,0,151,1.2,2.3,4,0,0
03/08/2023 10:25:00,SVDT1,31.8,84.2,1430,3176.4,0,190,1.4,3.7,4,0,0
03/08/2023 10:26:00,SVDT1,32.3,83.6,1423,3176.4,0,189,1.5,5.1,4,0,0
03/08/2023 10:27:00,SVDT1,32.6,82.3,1089,3176.4,0,226,0.8,1.2,4,0,0
03/08/2023 10:28:00,SVDT1,32.4,81.6,1105,3176.4,0,169,1.5,3.9,4,0,0
03/08/2023 10:29:00,SVDT1,32.4,81.6,1257,3176.4,0,253,1.2,1.9,4,0,0
03/08/2023 10:30:00,SVDT1,32.4,82.0,1248,3176.4,0,121,1.5,4.5,4,0,0
03/08/2023 10:31:00,SVDT1,32.4,82.3,1094,3176.4,0,205,1.8,3.8,4,0,0
03/08/2023 10:32:00,SVDT1,32.5,81.9,862,3176.4,0,163,1.3,2.3,4,0,0
03/08/2023 10:33:00,SVDT1,32.4,81.9,709,3176.4,0,274,1,1.9,4,0,0
03/08/2023 10:34:00,SVDT1,32.4,82.6,687,3176.4,0,253,1.3,4.2,4,0,0
03/08/2023 10:35:00,SVDT1,32.2,82.5,730,3176.4,0,270,0.9,2.1,4,0,0
03/08/2023 10:36:00,SVDT1,32.1,83.4,731,3176.4,0,296,1.5,7.1,4,0,0
03/08/2023 10:37:00,SVDT1,31.9,84.2,712,3176.4,0,120,1.2,2.8,4,0,0
03/08/2023 10:38:00,SVDT1,31.5,85.6,673,3176.4,0,177,1.2,1.4,4,0,0
03/08/2023 10:39:00,SVDT1,31.2,86.3,626,3176.4,0,117,1.1,1.6,4,0,0
03/08/2023 10:40:00,SVDT1,31.0,87.5,554,3176.4,0,205,1.7,2.6,4,0,0
03/08/2023 10:41:00,SVDT1,30.9,87.8,541,3176.4,0,136,1.8,6.7,4,0,0
03/08/2023 10:42:00,SVDT1,30.7,88.6,587,3176.4,0,197,1.6,3.5,4,0,0
03/08/2023 10:43:00,SVDT1,30.6,88.8,602,3176.4,0,180,1.6,4.4,4,0,0
03/08/2023 10:44:00,SVDT1,30.5,89.1,596,3176.4,0,164,1.4,3,4,0,0
03/08/2023 10:45:00,SVDT1,30.3,89.3,540,3176.4,0,178,1.4,2.1,4,0,0
03/08/2023 10:46:00,SVDT1,30.1,89.3,553,3176.4,0,107,1.6,4.1,4,0,0
03/08/2023 10:47:00,SVDT1,29.8,89.0,667,3176.4,0,147,1.9,4.7,4,0,0
03/08/2023 10:48:00,SVDT1,29.6,89.6,800,3176.4,0,217,0.9,1.1,4,0,0
03/08/2023 10:49:00,SVDT1,29.4,90.6,747,3176.4,0,159,1.5,3.4,4,0,0
03/08/2023 10:50:00,SVDT1,29.1,91.4,728,3176.4,0,238,1.5,2.5,4,0,0
03/08/2023 10:51:00,SVDT1,28.9,92.2,697,3176.4,0,117,2,3.8,4,0,0
03/08/2023 10:52:00,SVDT1,28.7,92.7,602,3176.4,0,260,1.5,2.1,4,0,0
03/08/2023 10:53:00,SVDT1,28.5,93.1,418,3176.4,0,153,1.9,2.9,4,0,0
03/08/2023 10:54:00,SVDT1,28.3,93.7,325,3176.4,0,100,1.5,3.4,4,0,0
03/08/2023 10:55:00,SVDT1,28.1,93.0,345,3176.4,0,207,1.2,3.7,4,0,0
03/08/2023 10:56:00,SVDT1,27.9,92.5,388,3176.4,0,275,1,1.7,4,0,0
03/08/2023 10:57:00,SVDT1,27.7,92.4,398,3176.4,0,159,1.5,2.6,3,0,0
03/08/2023 10:58:00,SVDT1,27.6,92.8,420,3176.4,0,145,1.9,2.5,3,0,0
03/08/2023 10:59:00,SVDT1,27.4,93.4,446,3176.4,0,129,1.9,4.8,3,0,0
03/08/2023 11:00:00,SVDT1,27.0,93.5,479,3176.4,0,174,1.6,3.1,3,0,0
03/08/2023 11:01:00,SVDT1,26.7,94.1,534,3176.4,0,94,1.8,5,3,0,0
03/08/2023 11:02:00,SVDT1,26.5,96.1,591,3176.4,0,111,1.1,1.7,3,0,0
03/08/2023 11:03:00,SVDT1,26.2,98.1,678,3176.4,0,86,1.6,2.1,3,0,0
03/08/2023 11:04:00,SVDT1,26.2,98.1,756,3176.4,0,95,2.9,13.7,3,0,0
03/08/2023 11:05:00,SVDT1,26.1,97.3,802,3176.4,0,93,2.3,5.2,3,0,0
03/08/2023 11:06:00,SVDT1,26.1,96.7,866,3176.4,0,94,1.2,5.8,3,0,0
03/08/2023 11:07:00,SVDT1,26.2,96.7,935,3176.4,0,71,1.1,3.4,3,0,0
03/08/2023 11:08:00,SVDT1,26.2,96.9,997,3176.4,0,82,1.5,3.4,3,0,0
03/08/2023 11:09:00,SVDT1,26.1,96.7,1013,3176.4,0,114,1.5,2.5,3,0,0
03/08/2023 11:10:00,SVDT1,26.1,96.4,1039,3176.4,0,139,2.7,4.8,3,0,0
03/08/2023 11:11:00,SVDT1,26.1,96.5,1076,3176.4,0,93,2.2,3.7,3,0,0
03/08/2023 11:12:00,SVDT1,26.2,96.6,1019,3176.4,0,88,1.1,2.1,3,0,0
03/08/2023 11:13:00,SVDT1,26.3,96.7,899,3176.4,0,121,1.2,3.5,3,0,0
03/08/2023 11:14:00,SVDT1,26.3,96.8,873,3176.4,0,154,1.8,8.6,3,0,0
03/08/2023 11:15:00,SVDT1,26.4,96.5,814,3176.4,0,100,1.5,3.7,3,0,0
03/08/2023 11:16:00,SVDT1,26.6,96.7,689,3176.4,0,80,1.6,6.5,3,0,0
03/08/2023 11:17:00,SVDT1,26.7,96.8,608,3176.4,0,84,1.4,7.5,3,0,0
03/08/2023 11:18:00,SVDT1,26.6,96.8,529,3176.4,0,82,1.6,3.2,3,0,0
03/08/2023 11:19:00,SVDT1,26.6,96.7,612,3176.4,0,106,1.7,2.9,3,0,0
03/08/2023 11:20:00,SVDT1,26.7,96.9,624,3176.4,0,83,1.8,4.3,3,0,0
03/08/2023 11:21:00,SVDT1,26.8,97.0,741,3176.4,0,105,1.8,6.7,3,0,0
03/08/2023 11:22:00,SVDT1,26.8,96.9,885,3176.4,0,113,1.2,3,2,0,0
03/08/2023 11:23:00,SVDT1,26.9,97.0,1048,3176.4,0,102,1.1,3,2,0,0
03/08/2023 11:24:00,SVDT1,27.0,97.1,1235,3176.4,0,108,1.7,4.7,2,0,0
03/08/2023 11:25:00,SVDT1,27.0,97.0,1324,3176.4,0,125,0.9,1.7,2,0,0
03/08/2023 11:26:00,SVDT1,27.1,96.7,1386,3176.4,0,95,1.8,3.1,2,0,0
03/08/2023 11:27:00,SVDT1,27.1,96.2,1425,3176.4,0,97,1.2,1.7,2,0,0
03/08/2023 11:28:00,SVDT1,27.2,95.5,1465,3176.4,0,114,1.8,2.7,2,0,0
03/08/2023 11:29:00,SVDT1,27.2,95.2,1496,3176.4,0,87,1,2.5,2,0,0
03/08/2023 11:30:00,SVDT1,27.3,94.9,1507,3176.4,0,80,1,4.3,2,0,0
03/08/2023 11:31:00,SVDT1,27.3,94.8,1482,3176.4,0,84,1.6,3.6,2,0,0
03/08/2023 11:32:00,SVDT1,27.2,93.6,1457,3176.4,0,126,1.1,2.3,2,0,0
03/08/2023 11:33:00,SVDT1,27.3,93.9,1455,3176.4,0,150,1.2,4.1,2,0,0
03/08/2023 11:34:00,SVDT1,27.5,94.2,1463,3176.4,0,91,1.5,3.5,2,0,0
03/08/2023 11:35:00,SVDT1,27.5,93.6,1472,3176.4,0,85,1.4,15.7,2,0,0
03/08/2023 11:36:00,SVDT1,27.4,92.1,1471,3176.4,0,117,1.2,12,2,0,0
03/08/2023 11:37:00,SVDT1,27.5,91.7,1470,3176.4,0,103,1.5,2.2,2,0,0
03/08/2023 11:38:00,SVDT1,27.6,91.7,1456,3176.4,0,110,1.2,2.4,2,0,0
03/08/2023 11:39:00,SVDT1,27.7,91.4,1425,3176.4,0,97,1.5,3.6,2,0,0
03/08/2023 11:40:00,SVDT1,27.9,91.4,1391,3176.4,0,101,1.2,1.9,2,0,0
03/08/2023 11:41:00,SVDT1,28.1,91.8,1392,3176.4,0,94,1.1,1.7,2,0,0
03/08/2023 11:42:00,SVDT1,28.1,91.0,1434,3176.4,0,116,1.4,3.9,2,0,0
03/08/2023 11:43:00,SVDT1,28.2,90.1,1470,3176.4,0,82,1.5,4.7,2,0,0
03/08/2023 11:44:00,SVDT1,28.4,90.4,1461,3176.4,0,119,1.1,1.9,2,0,0
03/08/2023 11:45:00,SVDT1,28.4,90.2,1485,3176.4,0,100,1,2.1,2,0,0
03/08/2023 11:46:00,SVDT1,28.5,90.4,1477,3176.4,0,85,0.7,0.7,2,0,0
03/08/2023 11:47:00,SVDT1,28.5,89.8,1483,3176.4,0,94,0.6,1.3,2,0,0
03/08/2023 11:48:00,SVDT1,28.7,89.0,1497,3176.4,0,85,0.8,1.1,2,0,0
03/08/2023 11:49:00,SVDT1,28.8,88.7,1517,3176.4,0,89,0.6,2.1,2,0,0
03/08/2023 11:50:00,SVDT1,28.9,88.6,1555,3176.4,0,115,1.4,2.7,2,0,0
03/08/2023 11:51:00,SVDT1,29.0,88.2,1607,3176.4,0,105,1,2.2,2,0,0
03/08/2023 11:52:00,SVDT1,29.2,87.9,1639,3176.4,0,162,0.5,0.5,2,0,0
03/08/2023 11:53:00,SVDT1,29.3,86.6,1674,3176.4,0,87,0.9,2.2,2,0,0
03/08/2023 11:54:00,SVDT1,29.4,85.6,1709,3176.4,0,99,0.8,0.9,2,0,0
03/08/2023 11:55:00,SVDT1,29.6,86.1,1926,3176.4,0,85,1,1.2,2,0,0
03/08/2023 11:56:00,SVDT1,29.8,85.2,2030,3176.4,0,70,0.7,1,2,0,0
03/08/2023 11:57:00,SVDT1,30.1,85.9,1915,3176.4,0,93,0.8,0.9,2,0,0
03/08/2023 11:58:00,SVDT1,30.2,83.4,1820,3176.4,0,85,0.8,2,2,0,0
03/08/2023 11:59:00,SVDT1,30.3,83.3,1858,3176.4,0,92,0.6,1.1,2,0,0
03/08/2023 12:00:00,SVDT1,30.4,83.0,1867,3176.4,0,105,0.6,0.6,2,0,0
03/08/2023 12:01:00,SVDT1,30.5,82.4,1715,3176.4,0,108,0.6,0.6,2,0,0
03/08/2023 12:02:00,SVDT1,30.6,81.4,1649,3176.4,0,74,0.7,0.9,2,0,0
03/08/2023 12:03:00,SVDT1,30.7,81.6,1578,3176.4,0,100,0.5,1.4,2,0,0
03/08/2023 12:04:00,SVDT1,30.9,81.4,1548,3176.4,0,84,0.5,0.5,2,0,0
03/08/2023 12:05:00,SVDT1,31.0,81.1,1557,3176.4,0,80,0.7,2.2,2,0,0
03/08/2023 12:06:00,SVDT1,31.1,80.5,1606,3176.4,0,81,0.7,2.5,2,0,0
03/08/2023 12:07:00,SVDT1,31.2,79.7,1701,3176.4,0,75,0.6,0.9,2,0,0
03/08/2023 12:08:00,SVDT1,31.3,80.3,1895,3176.4,0,111,0.5,3.5,2,0,0
03/08/2023 12:09:00,SVDT1,31.3,80.1,2105,3176.4,0,93,0.5,0.6,2,0,0
03/08/2023 12:10:00,SVDT1,31.5,79.8,2685,3176.4,0,100,0.5,0.6,2,0,0
03/08/2023 12:11:00,SVDT1,31.9,79.9,2821,3176.4,0,85,0.5,0.5,2,0,0
03/08/2023 12:12:00,SVDT1,32.2,79.3,2784,3176.4,0,128,0.8,2.9,2,0,0
03/08/2023 12:13:00,SVDT1,32.4,77.1,2493,3176.4,0,125,0.8,2.5,3,0,0
03/08/2023 12:14:00,SVDT1,32.7,77.6,1875,3176.4,0,92,0.5,0.6,3,0,0
03/08/2023 12:15:00,SVDT1,32.9,78.1,1706,3176.4,0,88,0.7,1.2,3,0,0
03/08/2023 12:16:00,SVDT1,33.0,79.0,1657,3176.4,0,111,0.8,3,3,0,0
03/08/2023 12:17:00,SVDT1,33.1,77.7,1636,3176.4,0,95,1.2,2.8,3,0,0
03/08/2023 12:18:00,SVDT1,32.9,76.4,1637,3176.4,0,100,0.4,0.6,3,0,0
03/08/2023 12:19:00,SVDT1,32.5,76.1,1701,3176.4,0,84,0.9,1.5,3,0,0
03/08/2023 12:20:00,SVDT1,32.5,76.7,1844,3176.4,0,106,0.5,0.5,3,0,0
03/08/2023 12:21:00,SVDT1,32.5,77.1,1792,3176.4,0,126,1.2,2.9,3,0,0
03/08/2023 12:22:00,SVDT1,32.5,77.2,2155,3176.4,0,79,0.6,1,3,0,0
03/08/2023 12:23:00,SVDT1,32.7,77.7,2632,3176.4,0,78,0.4,0.6,3,0,0
03/08/2023 12:24:00,SVDT1,32.9,77.5,2445,3176.4,0,102,0.8,1,3,0,0
03/08/2023 12:25:00,SVDT1,33.0,76.5,2270,3176.4,0,87,1.1,2.2,3,0,0
03/08/2023 12:26:00,SVDT1,33.1,76.5,2310,3176.4,0,96,1.1,1.8,3,0,0
03/08/2023 12:27:00,SVDT1,33.3,77.2,2147,3176.4,0,110,0.9,1.4,3,0,0
03/08/2023 12:28:00,SVDT1,33.5,76.3,2381,3176.4,0,79,0.5,1.2,3,0,0
03/08/2023 12:29:00,SVDT1,33.6,77.9,2384,3176.4,0,143,0.4,1.2,3,0,0
03/08/2023 12:30:00,SVDT1,33.8,77.4,2378,3176.4,0,91,0.4,0.6,3,0,0
03/08/2023 12:31:00,SVDT1,34.0,76.2,2625,3176.4,0,96,0.3,0.4,3,0,0
03/08/2023 12:32:00,SVDT1,34.0,74.4,2619,3176.4,0,125,0.3,0.3,3,0,0
03/08/2023 12:33:00,SVDT1,34.2,76.2,2586,3176.4,0,98,0.5,0.5,3,0,0
03/08/2023 12:34:00,SVDT1,34.2,75.4,2483,3176.4,0,122,1,1.9,3,0,0
03/08/2023 12:35:00,SVDT1,34.3,77.0,2394,3176.4,0,159,1.1,1.9,3,0,0
03/08/2023 12:36:00,SVDT1,34.4,75.7,2431,3176.4,0,85,0.4,0.4,3,0,0
03/08/2023 12:37:00,SVDT1,34.3,75.5,2252,3176.4,0,120,0.5,0.6,3,0,0
03/08/2023 12:38:00,SVDT1,34.3,74.9,2017,3176.4,0,97,1.2,2.4,3,0,0
03/08/2023 12:39:00,SVDT1,34.1,74.6,2458,3176.4,0,124,1.3,4.2,3,0,0
03/08/2023 12:40:00,SVDT1,34.0,73.8,2889,3176.4,0,111,0.5,0.7,3,0,0
03/08/2023 12:41:00,SVDT1,34.1,74.0,2872,3176.4,0,124,0.7,1.8,3,0,0
03/08/2023 12:42:00,SVDT1,34.1,73.6,2341,3176.4,0,109,1.1,1.2,3,0,0
03/08/2023 12:43:00,SVDT1,34.1,73.9,2539,3176.4,0,93,1.1,1.4,3,0,0
03/08/2023 12:44:00,SVDT1,34.0,73.4,2442,3176.4,0,120,1.5,2.2,3,0,0
03/08/2023 12:45:00,SVDT1,33.9,74.4,2216,3176.4,0,88,1,1.4,3,0,0
03/08/2023 12:46:00,SVDT1,33.8,73.8,1956,3176.4,0,158,1.2,1.8,3,0,0
03/08/2023 12:47:00,SVDT1,33.7,74.2,1815,3176.4,0,183,0.8,1.4,4,0,0
03/08/2023 12:48:00,SVDT1,33.6,74.4,1871,3176.4,0,90,0.7,1,4,0,0
03/08/2023 12:49:00,SVDT1,33.5,75.1,1871,3176.4,0,173,0.5,0.7,4,0,0
03/08/2023 12:50:00,SVDT1,33.3,75.5,1895,3176.4,0,98,1,1.1,4,0,0
03/08/2023 12:51:00,SVDT1,33.4,75.8,1740,3176.4,0,101,1,1.8,4,0,0
03/08/2023 12:52:00,SVDT1,33.5,75.7,1652,3176.4,0,117,1.3,2.7,4,0,0
03/08/2023 12:53:00,SVDT1,33.4,77.4,1604,3176.4,0,146,1.2,1.7,4,0,0
03/08/2023 12:54:00,SVDT1,33.4,76.9,1569,3176.4,0,138,0.9,1.5,4,0,0
03/08/2023 12:55:00,SVDT1,33.3,76.4,1577,3176.4,0,89,0.9,1.5,4,0,0
03/08/2023 12:56:00,SVDT1,33.1,76.2,1566,3176.4,0,91,1,2.3,4,0,0
03/08/2023 12:57:00,SVDT1,32.9,76.4,1556,3176.4,0,115,1.5,2.1,4,0,0
03/08/2023 12:58:00,SVDT1,32.8,75.9,1567,3176.4,0,197,0.9,2,4,0,0
03/08/2023 12:59:00,SVDT1,32.8,75.9,1574,3176.4,0,116,1,2.2,4,0,0
03/08/2023 13:00:00,SVDT1,32.8,76.8,1553,3176.4,0,79,1.5,3.1,4,0,0
03/08/2023 13:01:00,SVDT1,32.8,77.5,1520,3176.4,0,121,1.2,1.4,4,0,0
03/08/2023 13:02:00,SVDT1,32.6,78.0,1489,3176.4,0,90,1.3,6,4,0,0
03/08/2023 13:03:00,SVDT1,32.6,77.3,1474,3176.4,0,92,1.1,2.7,4,0,0
03/08/2023 13:04:00,SVDT1,32.5,77.3,1435,3176.4,0,109,0.6,0.7,4,0,0
03/08/2023 13:05:00,SVDT1,32.6,77.8,1396,3176.4,0,167,1.2,1.6,4,0,0
03/08/2023 13:06:00,SVDT1,32.5,77.6,1371,3176.4,0,114,1.2,2.3,4,0,0
03/08/2023 13:07:00,SVDT1,32.4,77.9,1352,3176.4,0,117,1.1,2.1,4,0,0
03/08/2023 13:08:00,SVDT1,32.4,78.3,1334,3176.4,0,71,0.5,1,4,0,0
03/08/2023 13:09:00,SVDT1,32.4,78.8,1316,3176.4,0,113,0.9,1,4,0,0
03/08/2023 13:10:00,SVDT1,32.3,78.4,1297,3176.4,0,111,1.3,1.8,4,0,0
03/08/2023 13:11:00,SVDT1,32.2,79.1,1289,3176.4,0,125,0.7,0.7,4,0,0
03/08/2023 13:12:00,SVDT1,32.1,79.4,1289,3176.4,0,107,1.2,1.7,4,0,0
03/08/2023 13:13:00,SVDT1,32.1,79.1,1297,3176.4,0,160,1,1.8,4,0,0
03/08/2023 13:14:00,SVDT1,32.1,79.5,1313,3176.4,0,94,1.3,3.2,4,0,0
03/08/2023 13:15:00,SVDT1,32.3,80.3,1341,3176.4,0,75,2.3,4.3,4,0,0
03/08/2023 13:16:00,SVDT1,32.3,80.2,1379,3176.4,0,67,1.8,6.1,4,0,0
03/08/2023 13:17:00,SVDT1,32.3,79.7,1425,3176.4,0,131,1.1,3.5,4,0,0
03/08/2023 13:18:00,SVDT1,32.3,80.0,1487,3176.4,0,112,1.2,2.5,4,0,0
03/08/2023 13:19:00,SVDT1,32.5,80.9,1562,3176.4,0,99,0.8,4.4,4,0,0
03/08/2023 13:20:00,SVDT1,32.6,80.3,1623,3176.4,0,100,1.4,3.6,4,0,0
03/08/2023 13:21:00,SVDT1,32.6,79.8,1568,3176.4,0,111,1.7,3.3,4,0,0
03/08/2023 13:22:00,SVDT1,32.6,79.0,1406,3176.4,0,92,1.8,4,4,0,0
03/08/2023 13:23:00,SVDT1,32.6,78.8,1733,3176.4,0,108,0.9,2.6,4,0,0
03/08/2023 13:24:00,SVDT1,32.6,77.5,1923,3176.4,0,83,1.3,2.3,4,0,0
03/08/2023 13:25:00,SVDT1,32.5,76.7,1643,3176.4,0,130,0.8,2.7,4,0,0
03/08/2023 13:26:00,SVDT1,32.5,77.5,1982,3176.4,0,127,0.9,4,4,0,0
03/08/2023 13:27:00,SVDT1,32.5,77.7,1777,3176.4,0,107,0.5,0.5,4,0,0
03/08/2023 13:28:00,SVDT1,32.7,77.2,2083,3176.4,0,96,1.3,2.6,4,0,0
03/08/2023 13:29:00,SVDT1,32.6,76.0,2233,3176.4,0,96,0.8,1.9,4,0,0
03/08/2023 13:30:00,SVDT1,32.7,76.8,2058,3176.4,0,138,1.3,2.5,4,0,0
03/08/2023 13:31:00,SVDT1,32.7,76.2,2027,3176.4,0,74,0.9,2.6,4,0,0
03/08/2023 13:32:00,SVDT1,32.7,76.2,2168,3176.4,0,140,1.2,2.5,4,0,0
03/08/2023 13:33:00,SVDT1,32.8,76.2,2197,3176.4,0,91,1,1.4,4,0,0
03/08/2023 13:34:00,SVDT1,32.9,76.8,2096,3176.4,0,88,1.1,1.6,4,0,0
03/08/2023 13:35:00,SVDT1,32.9,75.9,2074,3176.4,0,151,0.9,1.4,4,0,0
03/08/2023 13:36:00,SVDT1,32.9,76.2,1956,3176.4,0,140,1.2,1.5,4,0,0
03/08/2023 13:37:00,SVDT1,33.1,76.2,1947,3176.4,0,103,1,2.4,4,0,0
03/08/2023 13:38:00,SVDT1,33.2,75.9,1730,3176.4,0,119,1.2,6.4,4,0,0
03/08/2023 13:39:00,SVDT1,33.1,75.7,1400,3176.4,0,109,1.5,5.9,4,0,0
03/08/2023 13:40:00,SVDT1,32.9,75.8,1437,3176.4,0,49,1.8,2.5,4,0,0
03/08/2023 13:41:00,SVDT1,32.9,76.6,1441,3176.4,0,121,0.9,1.8,4,0,0
03/08/2023 13:42:00,SVDT1,32.9,76.8,1536,3176.4,0,102,0.8,1.3,4,0,0
03/08/2023 13:43:00,SVDT1,32.9,76.9,1725,3176.4,0,145,1,3.3,4,0,0
03/08/2023 13:44:00,SVDT1,32.9,77.4,1839,3176.4,0,90,0.5,1.1,4,0,0
03/08/2023 13:45:00,SVDT1,32.9,77.3,1591,3176.4,0,102,0.6,0.9,4,0,0
03/08/2023 13:46:00,SVDT1,32.9,76.2,1523,3176.4,0,166,1.1,2.1,4,0,0
03/08/2023 13:47:00,SVDT1,32.8,77.3,1416,3176.4,0,83,1.1,4.1,4,0,0
03/08/2023 13:48:00,SVDT1,32.8,77.3,1411,3176.4,0,97,0.7,0.8,4,0,0
03/08/2023 13:49:00,SVDT1,32.7,76.5,1634,3176.4,0,91,1.2,2.5,4,0,0
03/08/2023 13:50:00,SVDT1,32.6,77.0,1582,3176.4,0,104,0.8,1.3,4,0,0
03/08/2023 13:51:00,SVDT1,32.5,77.1,1579,3176.4,0,146,0.9,1.2,4,0,0
03/08/2023 13:52:00,SVDT1,32.4,77.1,1537,3176.4,0,129,0.8,1.7,4,0,0
03/08/2023 13:53:00,SVDT1,32.5,76.4,1624,3176.4,0,103,0.8,1,4,0,0
03/08/2023 13:54:00,SVDT1,32.5,77.0,1648,3176.4,0,84,1.6,3.2,4,0,0
03/08/2023 13:55:00,SVDT1,32.4,77.2,1693,3176.4,0,82,1.5,9.9,4,0,0
03/08/2023 13:56:00,SVDT1,32.4,78.0,1699,3176.4,0,70,1.9,4.6,4,0,0
03/08/2023 13:57:00,SVDT1,32.4,78.5,1455,3176.4,0,132,1.3,2.4,4,0,0
03/08/2023 13:58:00,SVDT1,32.5,78.3,1545,3176.4,0,122,1.1,2.5,4,0,0
03/08/2023 13:59:00,SVDT1,32.5,78.0,1512,3176.4,0,65,0.8,5.2,4,0,0
03/08/2023 14:00:00,SVDT1,32.5,77.8,1393,3176.4,0,103,1.2,3.4,4,0,0
03/08/2023 14:01:00,SVDT1,32.5,78.5,1588,3176.4,0,111,1,3.3,4,0,0
03/08/2023 14:02:00,SVDT1,32.4,78.0,1215,3176.4,0,109,0.9,1.1,4,0,0
03/08/2023 14:03:00,SVDT1,32.4,77.9,1179,3176.4,0,119,1.3,1.7,4,0,0
03/08/2023 14:04:00,SVDT1,32.4,77.5,1342,3176.4,0,128,1.8,12.2,4,0,0
03/08/2023 14:05:00,SVDT1,32.4,77.8,1631,3176.4,0,139,1.5,3.1,4,0,0
03/08/2023 14:06:00,SVDT1,32.4,77.8,1932,3176.4,0,171,1.1,2,4,0,0
03/08/2023 14:07:00,SVDT1,32.4,77.8,1962,3176.4,0,117,1.5,3.9,4,0,0
03/08/2023 14:08:00,SVDT1,32.5,77.6,1943,3176.4,0,125,0.7,1.2,4,0,0
03/08/2023 14:09:00,SVDT1,32.5,77.6,2247,3176.4,0,106,0.8,1.6,4,0,0
03/08/2023 14:10:00,SVDT1,32.6,77.9,2424,3176.4,0,125,1.2,1.3,4,0,0
03/08/2023 14:11:00,SVDT1,32.7,77.6,1828,3176.4,0,97,0.9,1.2,4,0,0
03/08/2023 14:12:00,SVDT1,32.7,76.8,2311,3176.4,0,100,0.4,0.5,4,0,0
03/08/2023 14:13:00,SVDT1,32.8,75.9,2570,3176.4,0,112,0.7,0.9,4,0,0
03/08/2023 14:14:00,SVDT1,32.8,75.2,3202,3176.4,0,81,1.1,2.4,4,0,0
03/08/2023 14:15:00,SVDT1,32.9,76.1,3233,3176.4,0,125,1.1,2.3,4,0,0
03/08/2023 14:16:00,SVDT1,33.1,76.4,2909,3176.4,0,78,1,1.5,4,0,0
03/08/2023 14:17:00,SVDT1,33.2,74.9,3045,3176.4,0,78,1.6,2.1,4,0,0
03/08/2023 14:18:00,SVDT1,33.2,74.7,2570,3176.4,0,128,2,8.5,4,0,0
03/08/2023 14:19:00,SVDT1,33.1,75.0,3157,3176.4,0,83,0.9,1.1,4,0,0
03/08/2023 14:20:00,SVDT1,33.1,75.6,2656,3176.4,0,93,0.7,0.9,4,0,0
03/08/2023 14:21:00,SVDT1,33.1,75.9,2324,3176.4,0,132,1.2,1.4,4,0,0
03/08/2023 14:22:00,SVDT1,33.2,74.9,3175,3176.4,0,101,0.5,0.5,4,0,0
03/08/2023 14:23:00,SVDT1,33.4,75.6,3319,3176.4,0,83,1.1,1.3,4,0,0
03/08/2023 14:24:00,SVDT1,33.4,75.2,2157,3176.4,0,108,1.4,2.8,4,0,0
03/08/2023 14:25:00,SVDT1,33.2,74.9,1621,3176.4,0,72,2.2,4.8,4,0,0
03/08/2023 14:26:00,SVDT1,33.2,75.4,2114,3176.4,0,148,1,1.4,4,0,0
03/08/2023 14:27:00,SVDT1,33.2,74.5,2365,3176.4,0,118,1.8,3.6,4,0,0
03/08/2023 14:28:00,SVDT1,33.2,74.9,1305,3176.4,0,109,1.4,3.3,4,0,0
03/08/2023 14:29:00,SVDT1,33.2,76.0,1595,3176.4,0,114,1,1.9,4,0,0
03/08/2023 14:30:00,SVDT1,33.2,76.2,1598,3176.4,0,94,1.2,2.8,4,0,0
03/08/2023 14:31:00,SVDT1,33.2,76.0,1441,3176.4,0,95,1.5,2.8,4,0,0
03/08/2023 14:32:00,SVDT1,33.2,76.5,1231,3176.4,0,102,1.2,1.8,4,0,0
03/08/2023 14:33:00,SVDT1,33.2,75.8,1286,3176.4,0,108,1,1.4,4,0,0
03/08/2023 14:34:00,SVDT1,33.2,75.6,1734,3176.4,0,79,0.6,0.8,4,0,0
03/08/2023 14:35:00,SVDT1,33.3,75.8,2010,3176.4,0,107,0.8,0.8,4,0,0
03/08/2023 14:36:00,SVDT1,33.4,75.9,2052,3176.4,0,123,1.1,1.6,4,0,0
03/08/2023 14:37:00,SVDT1,33.3,75.3,2285,3176.4,0,159,1,1.9,4,0,0
03/08/2023 14:38:00,SVDT1,33.5,75.7,2217,3176.4,0,94,1.6,7.3,4,0,0
03/08/2023 14:39:00,SVDT1,33.5,74.6,2037,3176.4,0,85,1.1,3.7,4,0,0
03/08/2023 14:40:00,SVDT1,33.6,74.4,1811,3176.4,0,76,1.6,3.3,4,0,0
03/08/2023 14:41:00,SVDT1,33.5,74.3,1385,3176.4,0,79,1.2,1.6,4,0,0
03/08/2023 14:42:00,SVDT1,33.4,74.5,1598,3176.4,0,110,0.9,2.4,4,0,0
03/08/2023 14:43:00,SVDT1,33.3,74.1,1439,3176.4,0,127,0.6,0.6,4,0,0
03/08/2023 14:44:00,SVDT1,33.3,73.6,1384,3176.4,0,163,1.1,1.5,4,0,0
03/08/2023 14:45:00,SVDT1,33.2,74.4,1295,3176.4,0,132,0.8,0.8,4,0,0
03/08/2023 14:46:00,SVDT1,33.2,75.1,1654,3176.4,0,81,0.9,3.5,4,0,0
03/08/2023 14:47:00,SVDT1,33.3,75.5,1492,3176.4,0,75,0.9,1.2,4,0,0
03/08/2023 14:48:00,SVDT1,33.4,75.6,1902,3176.4,0,63,1.3,2.1,4,0,0
03/08/2023 14:49:00,SVDT1,33.5,75.4,2394,3176.4,0,118,1.1,2.3,4,0,0
03/08/2023 14:50:00,SVDT1,33.3,75.0,1410,3176.4,0,133,1.9,2.5,4,0,0
03/08/2023 14:51:00,SVDT1,33.2,74.6,1612,3176.4,0,73,0.7,1.1,4,0,0
03/08/2023 14:52:00,SVDT1,33.2,74.4,1435,3176.4,0,106,0.9,1.1,4,0,0
03/08/2023 14:53:00,SVDT1,33.2,74.3,2868,3176.4,0,97,0.8,0.9,4,0,0
03/08/2023 14:54:00,SVDT1,33.2,74.7,2408,3176.4,0,121,0.9,1.4,4,0,0
03/08/2023 14:55:00,SVDT1,33.3,75.0,1131,3176.4,0,138,1.2,1.5,4,0,0
03/08/2023 14:56:00,SVDT1,33.3,74.5,1734,3176.4,0,117,0.9,2.7,5,0,0
03/08/2023 14:57:00,SVDT1,33.2,75.6,1864,3176.4,0,122,0.9,1.2,5,0,0
03/08/2023 14:58:00,SVDT1,33.3,75.4,1448,3176.4,0,82,1.1,1.7,5,0,0
03/08/2023 14:59:00,SVDT1,33.2,75.9,1271,3176.4,0,96,0.7,1.8,5,0,0
03/08/2023 15:00:00,SVDT1,33.1,74.8,1433,3176.4,0,101,1.3,2.7,4,0,0
03/08/2023 15:01:00,SVDT1,33.1,75.0,1356,3176.4,0,71,1.2,2.7,4,0,0
03/08/2023 15:02:00,SVDT1,33.0,74.5,1583,3176.4,0,100,1,1.7,4,0,0
03/08/2023 15:03:00,SVDT1,33.0,74.3,1603,3176.4,0,85,1.5,3.2,5,0,0
03/08/2023 15:04:00,SVDT1,33.1,74.6,1722,3176.4,0,83,1.1,1.8,5,0,0
03/08/2023 15:05:00,SVDT1,33.3,74.7,2165,3176.4,0,127,1.6,5,5,0,0
03/08/2023 15:06:00,SVDT1,33.4,73.8,1652,3176.4,0,163,0.8,1.3,5,0,0
03/08/2023 15:07:00,SVDT1,33.4,74.4,2721,3176.4,0,178,0.5,0.7,5,0,0
03/08/2023 15:08:00,SVDT1,33.6,73.9,2897,3176.4,0,113,0.6,0.6,5,0,0
03/08/2023 15:09:00,SVDT1,33.7,73.6,1827,3176.4,0,152,0.8,0.9,5,0,0
03/08/2023 15:10:00,SVDT1,33.5,73.6,953,3176.4,0,113,0.8,0.9,5,0,0
03/08/2023 15:11:00,SVDT1,33.3,73.5,995,3176.4,0,66,1.1,2.9,5,0,0
03/08/2023 15:12:00,SVDT1,33.1,74.0,1723,3176.4,0,88,0.9,1.7,5,0,0
03/08/2023 15:13:00,SVDT1,32.9,74.7,2208,3176.4,0,106,1.3,1.8,5,0,0
03/08/2023 15:14:00,SVDT1,33.1,75.2,2253,3176.4,0,135,0.4,0.5,5,0,0
03/08/2023 15:15:00,SVDT1,33.2,74.7,2388,3176.4,0,164,0.7,1.1,5,0,0
03/08/2023 15:16:00,SVDT1,33.3,74.6,2053,3176.4,0,118,1,6.6,5,0,0
03/08/2023 15:17:00,SVDT1,33.3,74.4,1518,3176.4,0,141,1.6,3.6,4,0,0
03/08/2023 15:18:00,SVDT1,33.3,74.7,1380,3176.4,0,124,1.5,4,4,0,0
03/08/2023 15:19:00,SVDT1,33.3,74.7,1201,3176.4,0,146,1.5,3.5,4,0,0
03/08/2023 15:20:00,SVDT1,33.3,75.3,1170,3176.4,0,79,2,8.1,4,0,0
03/08/2023 15:21:00,SVDT1,33.2,75.1,1121,3176.4,0,113,1.7,3.2,4,0,0
03/08/2023 15:22:00,SVDT1,33.1,75.0,1041,3176.4,0,102,1.7,2.8,4,0,0
03/08/2023 15:23:00,SVDT1,32.9,75.3,919,3176.4,0,79,0.9,1.8,5,0,0
03/08/2023 15:24:00,SVDT1,32.8,75.3,889,3176.4,0,94,1.6,10.8,5,0,0
03/08/2023 15:25:00,SVDT1,32.6,75.7,812,3176.4,0,75,1.3,1.6,5,0,0
03/08/2023 15:26:00,SVDT1,32.5,76.2,813,3176.4,0,132,1.5,8.1,5,0,0
03/08/2023 15:27:00,SVDT1,32.4,76.8,829,3176.4,0,111,0.8,1.2,5,0,0
03/08/2023 15:28:00,SVDT1,32.2,76.8,835,3176.4,0,117,1.1,1.6,5,0,0
03/08/2023 15:29:00,SVDT1,32.2,76.8,991,3176.4,0,135,1.6,3.1,5,0,0
03/08/2023 15:30:00,SVDT1,32.2,77.4,1225,3176.4,0,133,1.1,1.4,5,0,0
03/08/2023 15:31:00,SVDT1,32.1,77.2,1179,3176.4,0,125,1.3,1.8,5,0,0
03/08/2023 15:32:00,SVDT1,32.2,77.5,943,3176.4,0,65,0.9,2,5,0,0
03/08/2023 15:33:00,SVDT1,32.1,77.4,763,3176.4,0,158,1.7,7.5,5,0,0
03/08/2023 15:34:00,SVDT1,32.1,77.8,801,3176.4,0,77,0.7,2.2,5,0,0
03/08/2023 15:35:00,SVDT1,32.1,78.1,1112,3176.4,0,90,1.2,6.8,5,0,0
03/08/2023 15:36:00,SVDT1,32.1,77.7,1085,3176.4,0,122,1.2,2.7,5,0,0
03/08/2023 15:37:00,SVDT1,32.1,77.3,1005,3176.4,0,86,1.3,2.9,5,0,0
03/08/2023 15:38:00,SVDT1,32.1,77.7,1189,3176.4,0,100,0.8,3.1,4,0,0
03/08/2023 15:39:00,SVDT1,32.2,77.9,1209,3176.4,0,145,1.3,3.1,4,0,0
03/08/2023 15:40:00,SVDT1,32.1,77.5,1087,3176.4,0,125,1.4,4.2,4,0,0
03/08/2023 15:41:00,SVDT1,32.1,77.5,1252,3176.4,0,74,2.3,6.5,4,0,0
03/08/2023 15:42:00,SVDT1,32.1,77.9,1222,3176.4,0,106,0.7,2.1,4,0,0
03/08/2023 15:43:00,SVDT1,32.1,77.3,1272,3176.4,0,96,1.7,2.5,4,0,0
03/08/2023 15:44:00,SVDT1,32.1,77.8,1245,3176.4,0,126,1.6,3.2,4,0,0
03/08/2023 15:45:00,SVDT1,32.2,77.8,1266,3176.4,0,80,0.8,1.5,4,0,0
03/08/2023 15:46:00,SVDT1,32.2,77.0,1222,3176.4,0,84,0.6,0.8,4,0,0
03/08/2023 15:47:00,SVDT1,32.3,77.3,1232,3176.4,0,176,1.6,2.2,4,0,0
03/08/2023 15:48:00,SVDT1,32.4,77.1,1222,3176.4,0,86,0.8,1,4,0,0
03/08/2023 15:49:00,SVDT1,32.5,77.4,1191,3176.4,0,127,0.8,1,4,0,0
03/08/2023 15:50:00,SVDT1,32.4,77.3,1219,3176.4,0,118,0.8,2.3,4,0,0
03/08/2023 15:51:00,SVDT1,32.3,77.4,1191,3176.4,0,109,1.1,1.3,4,0,0
03/08/2023 15:52:00,SVDT1,32.3,77.0,1222,3176.4,0,69,0.9,1.5,4,0,0
03/08/2023 15:53:00,SVDT1,32.3,76.6,1235,3176.4,0,81,1,1.3,4,0,0
03/08/2023 15:54:00,SVDT1,32.4,76.7,1178,3176.4,0,97,1.2,3.3,4,0,0
03/08/2023 15:55:00,SVDT1,32.4,76.7,1186,3176.4,0,107,1.9,3.3,4,0,0
03/08/2023 15:56:00,SVDT1,32.3,75.9,1249,3176.4,0,104,1.4,1.9,4,0,0
03/08/2023 15:57:00,SVDT1,32.4,76.2,1269,3176.4,0,102,0.9,1.6,4,0,0
03/08/2023 15:58:00,SVDT1,32.4,77.1,1074,3176.4,0,157,1.3,2.5,4,0,0
03/08/2023 15:59:00,SVDT1,32.4,77.0,1098,3176.4,0,131,2.5,3.8,4,0,0
03/08/2023 16:00:00,SVDT1,32.4,78.1,1263,3176.4,0,129,1.4,1.8,4,0,0
03/08/2023 16:01:00,SVDT1,32.5,77.8,1595,3176.4,0,91,0.6,0.9,4,0,0
03/08/2023 16:02:00,SVDT1,32.5,77.4,1482,3176.4,0,100,1.3,8.9,4,0,0
03/08/2023 16:03:00,SVDT1,32.4,77.7,1201,3176.4,0,85,0.7,0.9,4,0,0
03/08/2023 16:04:00,SVDT1,32.4,77.4,1155,3176.4,0,134,2.3,6.2,4,0,0
03/08/2023 16:05:00,SVDT1,32.3,76.7,1114,3176.4,0,124,1.5,2.3,4,0,0
03/08/2023 16:06:00,SVDT1,32.3,77.8,1088,3176.4,0,144,0.8,1.2,4,0,0
03/08/2023 16:07:00,SVDT1,32.3,77.0,1040,3176.4,0,158,1.6,5.7,4,0,0
03/08/2023 16:08:00,SVDT1,32.2,76.6,971,3176.4,0,124,1.5,4.9,4,0,0
03/08/2023 16:09:00,SVDT1,32.2,77.1,984,3176.4,0,107,1.3,2.2,4,0,0
03/08/2023 16:10:00,SVDT1,32.3,77.9,995,3176.4,0,87,1.7,4,4,0,0
03/08/2023 16:11:00,SVDT1,32.2,77.9,1005,3176.4,0,79,1.3,2.3,4,0,0
03/08/2023 16:12:00,SVDT1,32.2,78.1,988,3176.4,0,78,1.7,5.5,4,0,0
03/08/2023 16:13:00,SVDT1,32.2,77.7,1018,3176.4,0,137,1.2,4.5,4,0,0
03/08/2023 16:14:00,SVDT1,32.2,77.2,1000,3176.4,0,104,2.1,2.7,4,0,0
03/08/2023 16:15:00,SVDT1,32.1,77.2,993,3176.4,0,138,1.8,3.5,4,0,0
03/08/2023 16:16:00,SVDT1,32.0,76.5,990,3176.4,0,159,1.4,4.2,4,0,0
03/08/2023 16:17:00,SVDT1,32.0,76.8,1039,3176.4,0,113,0.8,2.1,4,0,0
03/08/2023 16:18:00,SVDT1,31.9,76.8,1055,3176.4,0,111,1.1,3.7,4,0,0
03/08/2023 16:19:00,SVDT1,31.9,76.8,1065,3176.4,0,105,1.1,8.6,4,0,0
03/08/2023 16:20:00,SVDT1,32.0,76.9,1166,3176.4,0,173,1.1,2.4,4,0,0
03/08/2023 16:21:00,SVDT1,32.0,76.4,1136,3176.4,0,115,1.6,3.1,4,0,0
03/08/2023 16:22:00,SVDT1,32.0,76.6,1192,3176.4,0,167,1.1,1.4,4,0,0
03/08/2023 16:23:00,SVDT1,31.9,76.6,1214,3176.4,0,118,1.2,2.2,4,0,0
03/08/2023 16:24:00,SVDT1,31.9,76.8,1204,3176.4,0,131,1.4,5.4,4,0,0
03/08/2023 16:25:00,SVDT1,31.9,76.7,1283,3176.4,0,108,1.6,5.6,4,0,0
03/08/2023 16:26:00,SVDT1,31.8,76.6,1097,3176.4,0,119,1.4,4.2,4,0,0
03/08/2023 16:27:00,SVDT1,31.8,77.0,1045,3176.4,0,101,0.8,1.3,4,0,0
03/08/2023 16:28:00,SVDT1,31.8,77.1,1019,3176.4,0,83,1.6,3,4,0,0
03/08/2023 16:29:00,SVDT1,31.8,76.5,1100,3176.4,0,94,1.2,3.6,4,0,0
03/08/2023 16:30:00,SVDT1,31.8,76.9,1189,3176.4,0,139,1.6,5.6,4,0,0
03/08/2023 16:31:00,SVDT1,31.8,77.0,1076,3176.4,0,125,1.4,2.5,4,0,0
03/08/2023 16:32:00,SVDT1,31.8,77.2,972,3176.4,0,106,1.1,1.5,4,0,0
03/08/2023 16:33:00,SVDT1,31.8,77.4,958,3176.4,0,110,1.6,3.5,4,0,0
03/08/2023 16:34:00,SVDT1,31.8,76.8,1029,3176.4,0,106,1.7,5.5,4,0,0
03/08/2023 16:35:00,SVDT1,31.8,76.4,1084,3176.4,0,153,1.3,2.1,4,0,0
03/08/2023 16:36:00,SVDT1,31.7,76.6,1048,3176.4,0,100,1.9,3.9,4,0,0
03/08/2023 16:37:00,SVDT1,31.7,76.5,996,3176.4,0,93,1,1.8,4,0,0
03/08/2023 16:38:00,SVDT1,31.8,76.4,947,3176.4,0,116,1.7,6.2,4,0,0
03/08/2023 16:39:00,SVDT1,31.8,76.2,954,3176.4,0,63,0.6,3.4,4,0,0
03/08/2023 16:40:00,SVDT1,31.9,76.2,975,3176.4,0,69,0.8,1.1,4,0,0
03/08/2023 16:41:00,SVDT1,31.9,76.6,1047,3176.4,0,79,1.2,1.8,4,0,0
03/08/2023 16:42:00,SVDT1,31.8,76.8,964,3176.4,0,105,0.9,1.2,4,0,0
03/08/2023 16:43:00,SVDT1,31.7,75.9,915,3176.4,0,128,1.2,2.1,4,0,0
03/08/2023 16:44:00,SVDT1,31.7,76.0,917,3176.4,0,87,1,1.2,4,0,0
03/08/2023 16:45:00,SVDT1,31.7,76.9,885,3176.4,0,78,1.4,2.6,4,0,0
03/08/2023 16:46:00,SVDT1,31.7,76.7,876,3176.4,0,96,1.7,2.8,4,0,0
03/08/2023 16:47:00,SVDT1,31.6,76.9,866,3176.4,0,99,1.5,4,4,0,0
03/08/2023 16:48:00,SVDT1,31.7,76.7,854,3176.4,0,150,1.4,4.3,4,0,0
03/08/2023 16:49:00,SVDT1,31.7,76.9,852,3176.4,0,75,1,2,4,0,0
03/08/2023 16:50:00,SVDT1,31.6,77.4,833,3176.4,0,112,0.9,1,4,0,0
03/08/2023 16:51:00,SVDT1,31.6,77.2,828,3176.4,0,97,0.9,1.3,4,0,0
03/08/2023 16:52:00,SVDT1,31.6,77.6,803,3176.4,0,77,1,4.3,4,0,0
03/08/2023 16:53:00,SVDT1,31.6,78.8,795,3176.4,0,114,1.1,2.4,4,0,0
03/08/2023 16:54:00,SVDT1,31.5,78.2,768,3176.4,0,104,0.8,1.5,4,0,0
03/08/2023 16:55:00,SVDT1,31.5,77.3,735,3176.4,0,96,0.8,1.5,4,0,0
03/08/2023 16:56:00,SVDT1,31.5,77.6,716,3176.4,0,90,1.7,3.9,4,0,0
03/08/2023 16:57:00,SVDT1,31.4,77.5,695,3176.4,0,103,1.4,2.3,4,0,0
03/08/2023 16:58:00,SVDT1,31.4,77.9,673,3176.4,0,169,1,1.6,4,0,0
03/08/2023 16:59:00,SVDT1,31.3,77.7,668,3176.4,0,95,0.9,1.2,4,0,0
03/08/2023 17:00:00,SVDT1,31.3,77.8,668,3176.4,0,90,1.5,2.5,4,0,0
03/08/2023 17:01:00,SVDT1,31.3,78.2,668,3176.4,0,90,1.4,2.4,4,0,0
03/08/2023 17:02:00,SVDT1,31.3,78.3,629,3176.4,0,108,1.9,3.2,4,0,0
03/08/2023 17:03:00,SVDT1,31.3,79.0,595,3176.4,0,142,1.1,2.1,4,0,0
03/08/2023 17:04:00,SVDT1,31.3,79.6,578,3176.4,0,146,1.6,7.1,4,0,0
03/08/2023 17:05:00,SVDT1,31.2,79.4,567,3176.4,0,113,1.2,3.1,4,0,0
03/08/2023 17:06:00,SVDT1,31.2,80.1,558,3176.4,0,85,1.1,2.1,4,0,0
03/08/2023 17:07:00,SVDT1,31.1,79.5,549,3176.4,0,112,1.6,3.6,4,0,0
03/08/2023 17:08:00,SVDT1,31.0,79.3,540,3176.4,0,113,2,2.6,4,0,0
03/08/2023 17:09:00,SVDT1,31.0,79.4,524,3176.4,0,88,1.6,2.6,4,0,0
03/08/2023 17:10:00,SVDT1,31.0,79.5,514,3176.4,0,109,1.1,2.2,4,0,0
03/08/2023 17:11:00,SVDT1,31.0,79.6,531,3176.4,0,77,1.6,6.8,4,0,0
03/08/2023 17:12:00,SVDT1,31.0,80.1,538,3176.4,0,56,1.2,1.8,4,0,0
03/08/2023 17:13:00,SVDT1,31.0,80.0,518,3176.4,0,93,0.8,2.3,4,0,0
03/08/2023 17:14:00,SVDT1,31.0,79.8,505,3176.4,0,119,0.8,1.8,4,0,0
03/08/2023 17:15:00,SVDT1,31.0,80.5,496,3176.4,0,99,0.8,1.4,4,0,0
03/08/2023 17:16:00,SVDT1,31.0,81.2,489,3176.4,0,88,2,5.6,4,0,0
03/08/2023 17:17:00,SVDT1,31.0,81.6,492,3176.4,0,89,0.8,3.1,4,0,0
03/08/2023 17:18:00,SVDT1,30.9,82.2,456,3176.4,0,122,1,1.5,4,0,0
03/08/2023 17:19:00,SVDT1,30.9,82.3,444,3176.4,0,98,0.8,1.1,4,0,0
03/08/2023 17:20:00,SVDT1,30.8,82.5,473,3176.4,0,139,1.2,1.7,4,0,0
03/08/2023 17:21:00,SVDT1,30.8,83.2,501,3176.4,0,97,1.2,2,4,0,0
03/08/2023 17:22:00,SVDT1,30.8,83.1,475,3176.4,0,116,0.9,5.3,4,0,0
03/08/2023 17:23:00,SVDT1,30.8,82.7,467,3176.4,0,123,0.8,1.4,4,0,0
03/08/2023 17:24:00,SVDT1,30.8,83.0,463,3176.4,0,104,1.5,3.3,4,0,0
03/08/2023 17:25:00,SVDT1,30.7,83.2,454,3176.4,0,138,1.1,1.8,4,0,0
03/08/2023 17:26:00,SVDT1,30.7,83.4,448,3176.4,0,123,1.1,1.7,4,0,0
03/08/2023 17:27:00,SVDT1,30.6,83.6,438,3176.4,0,83,1.5,1.9,4,0,0
03/08/2023 17:28:00,SVDT1,30.6,84.1,419,3176.4,0,92,1.7,5.9,4,0,0
03/08/2023 17:29:00,SVDT1,30.6,84.1,404,3176.4,0,99,0.8,2.9,4,0,0
03/08/2023 17:30:00,SVDT1,30.6,84.2,391,3176.4,0,93,0.7,1.4,4,0,0
03/08/2023 17:31:00,SVDT1,30.5,84.1,372,3176.4,0,114,1,2.5,4,0,0
03/08/2023 17:32:00,SVDT1,30.4,83.7,356,3176.4,0,77,1.1,1.5,4,0,0
03/08/2023 17:33:00,SVDT1,30.4,84.0,344,3176.4,0,109,1.1,2.8,4,0,0
03/08/2023 17:34:00,SVDT1,30.3,83.9,330,3176.4,0,104,1.5,2.9,4,0,0
03/08/2023 17:35:00,SVDT1,30.3,84.0,306,3176.4,0,112,1.2,3.2,4,0,0
03/08/2023 17:36:00,SVDT1,30.3,84.2,297,3176.4,0,121,1.9,5.3,4,0,0
03/08/2023 17:37:00,SVDT1,30.3,84.4,280,3176.4,0,194,1.2,3.8,4,0,0
03/08/2023 17:38:00,SVDT1,30.2,84.2,263,3176.4,0,163,1.3,3.1,4,0,0
03/08/2023 17:39:00,SVDT1,30.2,84.5,252,3176.4,0,116,1.1,1.3,4,0,0
03/08/2023 17:40:00,SVDT1,30.2,85.1,224,3176.4,0,172,0.6,2,4,0,0
03/08/2023 17:41:00,SVDT1,30.1,85.1,214,3176.4,0,111,1.7,4,4,0,0
03/08/2023 17:42:00,SVDT1,30.1,85.2,213,3176.4,0,165,1.2,3.1,4,0,0
03/08/2023 17:43:00,SVDT1,30.0,85.4,201,3176.4,0,129,0.9,1.5,4,0,0
03/08/2023 17:44:00,SVDT1,30.0,85.5,188,3176.4,0,97,1,1.6,3,0,0
03/08/2023 17:45:00,SVDT1,30.0,85.6,179,3176.4,0,89,0.7,2.4,3,0,0
03/08/2023 17:46:00,SVDT1,29.9,85.8,173,3176.4,0,143,1.7,2.6,3,0,0
03/08/2023 17:47:00,SVDT1,29.9,85.6,167,3176.4,0,175,1.1,1.9,3,0,0
03/08/2023 17:48:00,SVDT1,29.9,86.0,160,3176.4,0,109,1.2,2,3,0,0
03/08/2023 17:49:00,SVDT1,29.8,86.1,154,3176.4,0,164,1.1,1.7,3,0,0
03/08/2023 17:50:00,SVDT1,29.8,86.4,148,3176.4,0,163,2.1,4,3,0,0
03/08/2023 17:51:00,SVDT1,29.8,86.8,141,3176.4,0,140,1.5,2.4,3,0,0
03/08/2023 17:52:00,SVDT1,29.7,86.6,134,3176.4,0,108,1.6,3,3,0,0
03/08/2023 17:53:00,SVDT1,29.7,86.5,123,3176.4,0,81,1.5,3.5,3,0,0
03/08/2023 17:54:00,SVDT1,29.7,86.5,113,3176.4,0,66,1,2,3,0,0
03/08/2023 17:55:00,SVDT1,29.6,86.6,111,3176.4,0,103,0.5,0.7,3,0,0
03/08/2023 17:56:00,SVDT1,29.6,86.5,106,3176.4,0,107,1.3,3.1,3,0,0
03/08/2023 17:57:00,SVDT1,29.6,86.3,98,3176.4,0,118,1.1,2.8,3,0,0
03/08/2023 17:58:00,SVDT1,29.6,86.9,92,3176.4,0,77,0.9,1.8,3,0,0
03/08/2023 17:59:00,SVDT1,29.6,86.8,89,3176.4,0,84,0.6,1.2,3,0,0
03/08/2023 18:00:00,SVDT1,29.6,87.0,82,3176.4,0,97,1.2,1.9,3,0,0
03/08/2023 18:01:00,SVDT1,29.5,87.3,73,3176.4,0,130,1.2,2.7,3,0,0
03/08/2023 18:02:00,SVDT1,29.5,87.5,61,3176.4,0,94,0.9,1.2,3,0,0
03/08/2023 18:03:00,SVDT1,29.5,87.6,58,3176.4,0,75,1,2.3,3,0,0
03/08/2023 18:04:00,SVDT1,29.4,87.7,53,3176.4,0,157,0.4,0.6,3,0,0
03/08/2023 18:05:00,SVDT1,29.4,87.4,47,3176.4,0,110,1.5,4,3,0,0
03/08/2023 18:06:00,SVDT1,29.4,87.5,41,3176.4,0,103,1.6,2.6,3,0,0
03/08/2023 18:07:00,SVDT1,29.4,87.9,40,3176.4,0,96,0.9,1.2,3,0,0
03/08/2023 18:08:00,SVDT1,29.4,88.0,38,3176.4,0,110,1.7,2,3,0,0
03/08/2023 18:09:00,SVDT1,29.4,87.9,34,3176.4,0,116,2,2.7,3,0,0
03/08/2023 18:10:00,SVDT1,29.4,88.2,29,3176.4,0,82,2.2,4.6,3,0,0
03/08/2023 18:11:00,SVDT1,29.3,88.4,26,3176.4,0,105,1.2,3.6,3,0,0
03/08/2023 18:12:00,SVDT1,29.3,88.0,22,3176.4,0,117,1.3,4,3,0,0
03/08/2023 18:13:00,SVDT1,29.3,87.8,20,3176.4,0,102,1.2,3.6,3,0,0
03/08/2023 18:14:00,SVDT1,29.3,87.4,15,3176.4,0,68,0.9,6.9,3,0,0
03/08/2023 18:15:00,SVDT1,29.3,87.1,13,3176.4,0,95,1.3,7.1,3,0,0
03/08/2023 18:16:00,SVDT1,29.3,87.3,12,3176.4,0,118,0.9,1.8,3,0,0
03/08/2023 18:17:00,SVDT1,29.3,87.5,11,3176.4,0,110,1.8,3.9,3,0,0
03/08/2023 18:18:00,SVDT1,29.3,87.4,9,3176.4,0,92,1.2,3.4,3,0,0
03/08/2023 18:19:00,SVDT1,29.3,87.6,7,3176.4,0,114,0.9,1.6,3,0,0
03/08/2023 18:20:00,SVDT1,29.2,87.4,6,3176.4,0,167,1.5,4.2,3,0,0
03/08/2023 18:21:00,SVDT1,29.3,87.3,5,3176.4,0,144,0.7,0.9,3,0,0
03/08/2023 18:22:00,SVDT1,29.2,87.7,5,3176.4,0,126,0.9,4.1,3,0,0
03/08/2023 18:23:00,SVDT1,29.2,87.8,4,3176.4,0,157,1.9,3.1,3,0,0
03/08/2023 18:24:00,SVDT1,29.2,87.9,4,3176.4,0,82,0.7,1.5,3,0,0
03/08/2023 18:25:00,SVDT1,29.2,87.9,3,3176.4,0,122,1.3,1.7,3,0,0
03/08/2023 18:26:00,SVDT1,29.1,88.2,3,3176.4,0,146,1.2,2.1,3,0,0
03/08/2023 18:27:00,SVDT1,29.1,88.2,2,3176.4,0,114,0.7,0.9,3,0,0
03/08/2023 18:28:00,SVDT1,29.1,88.2,2,3176.4,0,127,0.7,0.8,3,0,0
03/08/2023 18:29:00,SVDT1,29.1,88.0,1,3176.4,0,95,1.1,2.7,3,0,0
03/08/2023 18:30:00,SVDT1,29.1,88.2,1,3176.4,0,110,1.2,2.7,3,0,0
03/08/2023 18:31:00,SVDT1,29.1,88.2,1,3176.4,0,85,0.9,3,3,0,0
03/08/2023 18:32:00,SVDT1,29.0,88.1,1,3176.4,0,119,0.8,4,3,0,0
03/08/2023 18:33:00,SVDT1,29.1,88.1,1,3176.4,0,109,1.2,1.3,3,0,0
03/08/2023 18:34:00,SVDT1,29.0,88.3,0,3176.4,0,128,0.9,1.3,3,0,0
03/08/2023 18:35:00,SVDT1,29.0,88.1,0,3176.4,0,123,1.3,2.1,3,0,0
03/08/2023 18:36:00,SVDT1,29.0,87.9,0,3176.4,0,101,1.4,3.8,3,0,0
03/08/2023 18:37:00,SVDT1,29.0,87.8,0,3176.4,0,83,1.6,4.3,3,0,0
03/08/2023 18:38:00,SVDT1,29.0,88.1,0,3176.4,0,131,1.2,2.7,3,0,0
03/08/2023 18:39:00,SVDT1,29.0,88.3,0,3176.4,0,77,0.7,1,3,0,0
03/08/2023 18:40:00,SVDT1,28.9,88.4,0,3176.4,0,162,0.6,1.3,3,0,0
03/08/2023 18:41:00,SVDT1,28.9,88.3,0,3176.4,0,167,0.6,1.3,3,0,0
03/08/2023 18:42:00,SVDT1,28.9,88.3,0,3176.4,0,88,0.7,1.3,3,0,0
03/08/2023 18:43:00,SVDT1,28.9,88.0,0,3176.4,0,76,0.9,1.6,3,0,0
03/08/2023 18:44:00,SVDT1,28.9,88.1,0,3176.4,0,100,1.5,6.4,3,0,0
03/08/2023 18:45:00,SVDT1,28.9,88.2,0,3176.4,0,138,1.3,3.1,3,0,0
03/08/2023 18:46:00,SVDT1,28.8,88.3,0,3176.4,0,87,0.3,0.3,3,0,0
03/08/2023 18:47:00,SVDT1,28.8,88.5,0,3176.4,0,95,0.5,0.5,3,0,0
03/08/2023 18:48:00,SVDT1,28.8,88.6,0,3176.4,0,108,0.5,0.7,3,0,0
03/08/2023 18:49:00,SVDT1,28.8,88.6,0,3176.4,0,93,1,4.8,3,0,0
03/08/2023 18:50:00,SVDT1,28.8,88.7,0,3176.4,0,92,1,2.7,3,0,0
03/08/2023 18:51:00,SVDT1,28.7,88.6,0,3176.4,0,155,1.1,2,3,0,0
03/08/2023 18:52:00,SVDT1,28.8,88.7,0,3176.4,0,76,1.2,1.5,3,0,0
03/08/2023 18:53:00,SVDT1,28.7,88.7,0,3176.4,0,97,0.8,1.3,3,0,0
03/08/2023 18:54:00,SVDT1,28.7,88.9,0,3176.4,0,85,0.6,0.7,3,0,0
03/08/2023 18:55:00,SVDT1,28.7,88.9,0,3176.4,0,88,1.2,2.2,3,0,0
03/08/2023 18:56:00,SVDT1,28.7,89.0,0,3176.4,0,103,0.6,0.9,3,0,0
03/08/2023 18:57:00,SVDT1,28.7,89.3,0,3176.4,0,95,1.4,1.6,3,0,0
03/08/2023 18:58:00,SVDT1,28.7,89.3,0,3176.4,0,98,1,1.8,3,0,0
03/08/2023 18:59:00,SVDT1,28.7,89.5,0,3176.4,0,123,1.4,2.7,3,0,0
03/08/2023 19:00:00,SVDT1,28.6,89.6,0,3176.4,0,105,1.3,4.7,3,0,0
03/08/2023 19:01:00,SVDT1,28.6,89.7,0,3176.4,0,101,1.1,4.2,3,0,0
03/08/2023 19:02:00,SVDT1,28.6,89.8,0,3176.4,0,98,1.5,6.6,3,0,0
03/08/2023 19:03:00,SVDT1,28.6,89.9,0,3176.4,0,77,1.5,2.4,3,0,0
03/08/2023 19:04:00,SVDT1,28.6,90.1,0,3176.4,0,108,1,1.4,3,0,0
03/08/2023 19:05:00,SVDT1,28.6,90.4,0,3176.4,0,117,0.7,1.5,3,0,0
03/08/2023 19:06:00,SVDT1,28.6,90.5,0,3176.4,0,118,1.1,3.8,3,0,0
03/08/2023 19:07:00,SVDT1,28.6,90.6,0,3176.4,0,146,1,1.8,3,0,0
03/08/2023 19:08:00,SVDT1,28.6,90.7,0,3176.4,0,105,0.6,0.6,3,0,0
03/08/2023 19:09:00,SVDT1,28.6,90.8,0,3176.4,0,103,1.1,4.3,3,0,0
03/08/2023 19:10:00,SVDT1,28.6,90.8,0,3176.4,0,122,0.9,3.4,3,0,0
03/08/2023 19:11:00,SVDT1,28.6,90.9,0,3176.4,0,96,1,2.3,3,0,0
03/08/2023 19:12:00,SVDT1,28.6,91.0,0,3176.4,0,88,1.1,1.7,3,0,0
03/08/2023 19:13:00,SVDT1,28.6,90.9,0,3176.4,0,133,1.6,3.5,3,0,0
03/08/2023 19:14:00,SVDT1,28.6,90.9,0,3176.4,0,98,0.8,0.9,3,0,0
03/08/2023 19:15:00,SVDT1,28.6,91.0,0,3176.4,0,112,0.9,0.9,3,0,0
03/08/2023 19:16:00,SVDT1,28.6,91.0,0,3176.4,0,81,0.5,0.6,3,0,0
03/08/2023 19:17:00,SVDT1,28.6,91.1,0,3176.4,0,114,1,4,3,0,0
03/08/2023 19:18:00,SVDT1,28.6,91.1,0,3176.4,0,143,1.3,3.3,3,0,0
03/08/2023 19:19:00,SVDT1,28.6,91.2,0,3176.4,0,100,0.9,1.1,3,0,0
03/08/2023 19:20:00,SVDT1,28.6,91.2,0,3176.4,0,100,0.6,0.7,3,0,0
03/08/2023 19:21:00,SVDT1,28.6,91.2,0,3176.4,0,112,1.5,2.3,3,0,0
03/08/2023 19:22:00,SVDT1,28.6,91.3,0,3176.4,0,100,0.6,0.8,3,0,0
03/08/2023 19:23:00,SVDT1,28.6,91.1,0,3176.4,0,87,0.8,1.2,3,0,0
03/08/2023 19:24:00,SVDT1,28.6,91.3,0,3176.4,0,94,2.1,4,3,0,0
03/08/2023 19:25:00,SVDT1,28.5,91.5,0,3176.4,0,77,1.4,3.2,3,0,0
03/08/2023 19:26:00,SVDT1,28.5,91.6,0,3176.4,0,136,1.8,6.6,3,0,0
03/08/2023 19:27:00,SVDT1,28.5,91.6,0,3176.4,0,115,1,3,3,0,0
03/08/2023 19:28:00,SVDT1,28.5,91.6,0,3176.4,0,119,0.7,4.9,3,0,0
03/08/2023 19:29:00,SVDT1,28.5,91.5,0,3176.4,0,159,0.7,0.8,3,0,0
03/08/2023 19:30:00,SVDT1,28.5,91.6,0,3176.4,0,129,1.7,3,3,0,0
03/08/2023 19:31:00,SVDT1,28.5,91.7,0,3176.4,0,196,1.3,4.4,3,0,0
03/08/2023 19:32:00,SVDT1,28.5,91.7,0,3176.4,0,129,1.4,4.1,3,0,0
03/08/2023 19:33:00,SVDT1,28.5,91.8,0,3176.4,0,154,1,2.3,3,0,0
03/08/2023 19:34:00,SVDT1,28.5,91.9,0,3176.4,0,116,0.8,1.5,3,0,0
03/08/2023 19:35:00,SVDT1,28.5,92.1,0,3176.4,0,105,0.7,0.7,3,0,0
03/08/2023 19:36:00,SVDT1,28.4,92.0,0,3176.4,0,142,1.4,3.1,3,0,0
03/08/2023 19:37:00,SVDT1,28.4,91.9,0,3176.4,0,181,1.1,1.9,3,0,0
03/08/2023 19:38:00,SVDT1,28.4,91.8,0,3176.4,0,139,1.3,2.4,3,0,0
03/08/2023 19:39:00,SVDT1,28.5,91.9,0,3176.4,0,124,1.6,4.6,3,0,0
03/08/2023 19:40:00,SVDT1,28.4,91.9,0,3176.4,0,182,1.4,2.6,3,0,0
03/08/2023 19:41:00,SVDT1,28.4,91.9,0,3176.4,0,132,1.1,3,3,0,0
03/08/2023 19:42:00,SVDT1,28.4,92.0,0,3176.4,0,85,1.3,2.7,3,0,0
03/08/2023 19:43:00,SVDT1,28.4,92.0,0,3176.4,0,133,1.1,2.6,3,0,0
03/08/2023 19:44:00,SVDT1,28.4,92.1,0,3176.4,0,80,1.4,5.5,3,0,0
03/08/2023 19:45:00,SVDT1,28.4,92.2,0,3176.4,0,105,1.4,3.4,3,0,0
03/08/2023 19:46:00,SVDT1,28.4,92.3,0,3176.4,0,161,0.9,5.8,3,0,0
03/08/2023 19:47:00,SVDT1,28.4,92.4,0,3176.4,0,126,0.5,0.6,3,0,0
03/08/2023 19:48:00,SVDT1,28.4,92.4,0,3176.4,0,108,0.4,0.6,3,0,0
03/08/2023 19:49:00,SVDT1,28.4,92.4,0,3176.4,0,119,1.4,2.6,3,0,0
03/08/2023 19:50:00,SVDT1,28.4,92.5,0,3176.4,0,88,1.3,2.3,3,0,0
03/08/2023 19:51:00,SVDT1,28.3,92.6,0,3176.4,0,152,0.5,0.5,3,0,0
03/08/2023 19:52:00,SVDT1,28.3,92.6,0,3176.4,0,106,1.4,1.6,3,0,0
03/08/2023 19:53:00,SVDT1,28.3,92.8,0,3176.4,0,122,0.9,1.3,3,0,0
03/08/2023 19:54:00,SVDT1,28.3,92.7,0,3176.4,0,175,0.7,4.8,3,0,0
03/08/2023 19:55:00,SVDT1,28.3,92.7,0,3176.4,0,113,1,3.4,3,0,0
03/08/2023 19:56:00,SVDT1,28.3,92.6,0,3176.4,0,103,1.2,4.1,3,0,0
03/08/2023 19:57:00,SVDT1,28.3,92.7,0,3176.4,0,126,0.5,0.5,3,0,0
03/08/2023 19:58:00,SVDT1,28.3,92.7,0,3176.4,0,141,1,1.9,3,0,0
03/08/2023 19:59:00,SVDT1,28.3,92.8,0,3176.4,0,146,1,1.5,3,0,0
03/08/2023 20:00:00,SVDT1,28.3,92.7,0,3176.4,0,161,1.4,1.8,3,0,0
03/08/2023 20:01:00,SVDT1,28.3,92.8,0,3176.4,0,85,0.7,3.5,3,0,0
03/08/2023 20:02:00,SVDT1,28.2,92.8,0,3176.4,0,107,0.7,1.8,3,0,0
03/08/2023 20:03:00,SVDT1,28.2,92.8,0,3176.4,0,106,0.5,0.6,3,0,0
03/08/2023 20:04:00,SVDT1,28.3,92.8,0,3176.4,0,96,1.1,1.4,3,0,0
03/08/2023 20:05:00,SVDT1,28.3,92.7,0,3176.4,0,123,0.6,1.1,3,0,0
03/08/2023 20:06:00,SVDT1,28.3,92.8,0,3176.4,0,120,1.3,2.7,3,0,0
03/08/2023 20:07:00,SVDT1,28.3,92.9,0,3176.4,0,104,1.2,1.8,3,0,0
03/08/2023 20:08:00,SVDT1,28.3,93.0,0,3176.4,0,114,1,2.3,3,0,0
03/08/2023 20:09:00,SVDT1,28.2,93.0,0,3176.4,0,132,0.9,1.2,3,0,0
03/08/2023 20:10:00,SVDT1,28.2,93.0,0,3176.4,0,240,1.1,2.1,3,0,0
03/08/2023 20:11:00,SVDT1,28.2,93.1,0,3176.4,0,105,2.3,5.1,3,0,0
03/08/2023 20:12:00,SVDT1,28.2,93.1,0,3176.4,0,87,1.4,4.4,3,0,0
03/08/2023 20:13:00,SVDT1,28.2,93.1,0,3176.4,0,106,0.9,1.8,3,0,0
03/08/2023 20:14:00,SVDT1,28.2,93.1,0,3176.4,0,101,1.2,2.3,3,0,0
03/08/2023 20:15:00,SVDT1,28.2,93.1,0,3176.4,0,90,1.2,2.3,3,0,0
03/08/2023 20:16:00,SVDT1,28.2,93.1,0,3176.4,0,135,1.7,5.4,3,0,0
03/08/2023 20:17:00,SVDT1,28.2,93.1,0,3176.4,0,133,1.4,2.4,3,0,0
03/08/2023 20:18:00,SVDT1,28.2,93.2,0,3176.4,0,147,2.5,4.4,3,0,0
03/08/2023 20:19:00,SVDT1,28.2,93.2,0,3176.4,0,78,0.9,1.5,3,0,0
03/08/2023 20:20:00,SVDT1,28.2,93.3,0,3176.4,0,65,1.8,3.1,3,0,0
03/08/2023 20:21:00,SVDT1,28.2,93.3,0,3176.4,0,66,1.5,2.8,3,0,0
03/08/2023 20:22:00,SVDT1,28.2,93.2,0,3176.4,0,92,1.1,1.8,3,0,0
03/08/2023 20:23:00,SVDT1,28.2,93.2,0,3176.4,0,109,1.1,3.9,3,0,0
03/08/2023 20:24:00,SVDT1,28.2,93.2,0,3176.4,0,108,1.4,3,3,0,0
03/08/2023 20:25:00,SVDT1,28.2,93.2,0,3176.4,0,103,1.1,3.9,3,0,0
03/08/2023 20:26:00,SVDT1,28.2,93.3,0,3176.4,0,86,1,2.3,3,0,0
03/08/2023 20:27:00,SVDT1,28.2,93.3,0,3176.4,0,96,0.6,0.6,3,0,0
03/08/2023 20:28:00,SVDT1,28.2,93.4,0,3176.4,0,96,0.7,0.9,3,0,0
03/08/2023 20:29:00,SVDT1,28.2,93.4,0,3176.4,0,120,0.8,1.3,3,0,0
03/08/2023 20:30:00,SVDT1,28.2,93.3,0,3176.4,0,141,0.7,2,3,0,0
03/08/2023 20:31:00,SVDT1,28.2,93.3,0,3176.4,0,104,1.2,3.9,3,0,0
03/08/2023 20:32:00,SVDT1,28.2,93.4,0,3176.4,0,103,1,1.3,3,0,0
03/08/2023 20:33:00,SVDT1,28.2,93.4,0,3176.4,0,80,0.9,4.4,3,0,0
03/08/2023 20:34:00,SVDT1,28.2,93.3,0,3176.4,0,89,1.9,5.5,3,0,0
03/08/2023 20:35:00,SVDT1,28.2,93.4,0,3176.4,0,159,1,3.8,3,0,0
03/08/2023 20:36:00,SVDT1,28.1,93.4,0,3176.4,0,82,0.6,1.2,3,0,0
03/08/2023 20:37:00,SVDT1,28.2,93.4,0,3176.4,0,62,0.6,0.7,3,0,0
03/08/2023 20:38:00,SVDT1,28.2,93.5,0,3176.4,0,104,1.4,3.5,3,0,0
03/08/2023 20:39:00,SVDT1,28.2,93.4,0,3176.4,0,97,1.1,3,3,0,0
03/08/2023 20:40:00,SVDT1,28.2,93.4,0,3176.4,0,192,1.7,2.9,3,0,0
03/08/2023 20:41:00,SVDT1,28.2,93.3,0,3176.4,0,126,2.5,7.7,3,0,0
03/08/2023 20:42:00,SVDT1,28.2,93.3,0,3176.4,0,141,1.2,3.3,3,0,0
03/08/2023 20:43:00,SVDT1,28.2,93.4,0,3176.4,0,101,1.3,7,3,0,0
03/08/2023 20:44:00,SVDT1,28.1,93.4,0,3176.4,0,115,1.3,2,3,0,0
03/08/2023 20:45:00,SVDT1,28.1,93.4,0,3176.4,0,105,1.3,1.8,3,0,0
03/08/2023 20:46:00,SVDT1,28.1,93.3,0,3176.4,0,112,2.1,6.8,3,0,0
03/08/2023 20:47:00,SVDT1,28.2,93.3,0,3176.4,0,176,1.3,2.5,3,0,0
03/08/2023 20:48:00,SVDT1,28.2,93.3,0,3176.4,0,122,0.7,1.5,3,0,0
03/08/2023 20:49:00,SVDT1,28.2,93.3,0,3176.4,0,111,0.9,1.6,3,0,0
03/08/2023 20:50:00,SVDT1,28.2,93.3,0,3176.4,0,121,0.8,1.4,3,0,0
03/08/2023 20:51:00,SVDT1,28.2,93.3,0,3176.4,0,123,1,1.9,3,0,0
03/08/2023 20:52:00,SVDT1,28.2,93.4,0,3176.4,0,121,0.5,0.5,3,0,0
03/08/2023 20:53:00,SVDT1,28.1,93.5,0,3176.4,0,180,1.7,5.1,3,0,0
03/08/2023 20:54:00,SVDT1,28.1,93.4,0,3176.4,0,129,1.1,3.5,3,0,0
03/08/2023 20:55:00,SVDT1,28.1,93.5,0,3176.4,0,140,1.1,3,3,0,0
03/08/2023 20:56:00,SVDT1,28.1,93.5,0,3176.4,0,143,0.6,0.7,3,0,0
03/08/2023 20:57:00,SVDT1,28.1,93.6,0,3176.4,0,178,0.9,1,3,0,0
03/08/2023 20:58:00,SVDT1,28.1,93.6,0,3176.4,0,83,1.1,2.3,3,0,0
03/08/2023 20:59:00,SVDT1,28.1,93.5,0,3176.4,0,131,0.5,0.6,3,0,0
03/08/2023 21:00:00,SVDT1,28.1,93.5,0,3176.4,0,155,1,1.6,3,0,0
03/08/2023 21:01:00,SVDT1,28.1,93.6,0,3176.4,0,96,2,3.4,3,0,0
03/08/2023 21:02:00,SVDT1,28.1,93.5,0,3176.4,0,158,0.9,4.6,3,0,0
03/08/2023 21:03:00,SVDT1,28.1,93.5,0,3176.4,0,126,0.7,5.8,3,0,0
03/08/2023 21:04:00,SVDT1,28.1,93.5,0,3176.4,0,80,0.8,2.3,3,0,0
03/08/2023 21:05:00,SVDT1,28.1,93.5,0,3176.4,0,84,1,1.9,3,0,0
03/08/2023 21:06:00,SVDT1,28.1,93.4,0,3176.4,0,144,1.2,3.1,3,0,0
03/08/2023 21:07:00,SVDT1,28.1,93.5,0,3176.4,0,106,1.1,2.2,3,0,0
03/08/2023 21:08:00,SVDT1,28.1,93.5,0,3176.4,0,195,1,4.6,3,0,0
03/08/2023 21:09:00,SVDT1,28.2,93.3,0,3176.4,0,103,1.5,3.9,3,0,0
03/08/2023 21:10:00,SVDT1,28.2,93.3,0,3176.4,0,186,1.3,4.7,3,0,0
03/08/2023 21:11:00,SVDT1,28.2,93.3,0,3176.4,0,162,1,7.8,3,0,0
03/08/2023 21:12:00,SVDT1,28.2,93.3,0,3176.4,0,86,2.4,13.3,3,0,0
03/08/2023 21:13:00,SVDT1,28.2,93.3,0,3176.4,0,139,1.8,9.1,3,0,0
03/08/2023 21:14:00,SVDT1,28.2,93.4,0,3176.4,0,124,0.6,0.9,3,0,0
03/08/2023 21:15:00,SVDT1,28.1,93.4,0,3176.4,0,96,1.7,2.6,3,0,0
03/08/2023 21:16:00,SVDT1,28.1,93.3,0,3176.4,0,190,0.9,2.6,3,0,0
03/08/2023 21:17:00,SVDT1,28.2,93.4,0,3176.4,0,94,0.5,0.6,3,0,0
03/08/2023 21:18:00,SVDT1,28.1,93.3,0,3176.4,0,106,0.8,1.3,3,0,0
03/08/2023 21:19:00,SVDT1,28.2,93.4,0,3176.4,0,152,2,4.4,3,0,0
03/08/2023 21:20:00,SVDT1,28.1,93.4,0,3176.4,0,106,1,3,3,0,0
03/08/2023 21:21:00,SVDT1,28.1,93.4,0,3176.4,0,128,0.9,5.3,3,0,0
03/08/2023 21:22:00,SVDT1,28.1,93.4,0,3176.4,0,138,0.8,2,3,0,0
03/08/2023 21:23:00,SVDT1,28.1,93.5,0,3176.4,0,89,1,2,3,0,0
03/08/2023 21:24:00,SVDT1,28.1,93.6,0,3176.4,0,155,0.7,1.1,3,0,0
03/08/2023 21:25:00,SVDT1,28.1,93.6,0,3176.4,0,97,1.7,2.7,3,0,0
03/08/2023 21:26:00,SVDT1,28.1,93.6,0,3176.4,0,86,1.5,3,3,0,0
03/08/2023 21:27:00,SVDT1,28.1,93.7,0,3176.4,0,91,0.8,1.9,3,0,0
03/08/2023 21:28:00,SVDT1,28.1,93.6,0,3176.4,0,119,0.9,1,3,0,0
03/08/2023 21:29:00,SVDT1,28.1,93.5,0,3176.4,0,122,1.1,1.5,3,0,0
03/08/2023 21:30:00,SVDT1,28.1,93.5,0,3176.4,0,184,1.9,4.6,3,0,0
03/08/2023 21:31:00,SVDT1,28.1,93.5,0,3176.4,0,100,1,1.2,3,0,0
03/08/2023 21:32:00,SVDT1,28.1,93.6,0,3176.4,0,105,1.1,2.3,3,0,0
03/08/2023 21:33:00,SVDT1,28.1,93.6,0,3176.4,0,104,0.6,1,3,0,0
03/08/2023 21:34:00,SVDT1,28.1,93.6,0,3176.4,0,89,0.9,2.4,3,0,0
03/08/2023 21:35:00,SVDT1,28.1,93.6,0,3176.4,0,144,1.2,2.9,3,0,0
03/08/2023 21:36:00,SVDT1,28.1,93.6,0,3176.4,0,133,1.4,4.8,3,0,0
03/08/2023 21:37:00,SVDT1,28.1,93.6,0,3176.4,0,139,1.2,2.9,3,0,0
03/08/2023 21:38:00,SVDT1,28.1,93.6,0,3176.4,0,100,0.9,2.2,3,0,0
03/08/2023 21:39:00,SVDT1,28.1,93.7,0,3176.4,0,63,1.1,1.2,3,0,0
03/08/2023 21:40:00,SVDT1,28.1,93.7,0,3176.4,0,104,1.6,2.4,3,0,0
03/08/2023 21:41:00,SVDT1,28.1,93.7,0,3176.4,0,128,1.2,3.5,3,0,0
03/08/2023 21:42:00,SVDT1,28.1,93.7,0,3176.4,0,143,1,2.5,3,0,0
03/08/2023 21:43:00,SVDT1,28.1,93.6,0,3176.4,0,187,2,5,3,0,0
03/08/2023 21:44:00,SVDT1,28.1,93.7,0,3176.4,0,103,1.2,3.7,3,0,0
03/08/2023 21:45:00,SVDT1,28.1,93.8,0,3176.4,0,224,1,4.2,3,0,0
03/08/2023 21:46:00,SVDT1,28.1,93.8,0,3176.4,0,87,1.8,10.7,3,0,0
03/08/2023 21:47:00,SVDT1,28.1,93.8,0,3176.4,0,84,1.3,2.6,3,0,0
03/08/2023 21:48:00,SVDT1,28.1,93.9,0,3176.4,0,172,1.7,3.2,3,0,0
03/08/2023 21:49:00,SVDT1,28.1,93.9,0,3176.4,0,86,1.6,6.4,3,0,0
03/08/2023 21:50:00,SVDT1,28.0,93.9,0,3176.4,0,107,1,2.4,3,0,0
03/08/2023 21:51:00,SVDT1,28.1,93.8,0,3176.4,0,88,1.2,4.3,3,0,0
03/08/2023 21:52:00,SVDT1,28.0,93.9,0,3176.4,0,105,1.1,2.1,3,0,0
03/08/2023 21:53:00,SVDT1,28.0,93.9,0,3176.4,0,204,1.3,1.5,3,0,0
03/08/2023 21:54:00,SVDT1,28.0,94.0,0,3176.4,0,102,1.4,2.1,3,0,0
03/08/2023 21:55:00,SVDT1,28.0,94.1,0,3176.4,0,110,2.3,4.3,3,0,0
03/08/2023 21:56:00,SVDT1,28.0,94.1,0,3176.4,0,76,1.5,1.9,3,0,0
03/08/2023 21:57:00,SVDT1,28.0,94.1,0,3176.4,0,90,2.1,4.5,3,0,0
03/08/2023 21:58:00,SVDT1,28.0,94.2,0,3176.4,0,138,0.5,0.9,3,0,0
03/08/2023 21:59:00,SVDT1,28.0,94.2,0,3176.4,0,165,1,1.8,3,0,0
03/08/2023 22:00:00,SVDT1,28.0,94.2,0,3176.4,0,118,0.8,0.8,3,0,0
03/08/2023 22:01:00,SVDT1,27.9,94.2,0,3176.4,0,96,1.2,2.3,3,0,0
03/08/2023 22:02:00,SVDT1,27.9,94.2,0,3176.4,0,159,1.2,1.7,3,0,0
03/08/2023 22:03:00,SVDT1,27.9,94.2,0,3176.4,0,95,0.9,1.8,3,0,0
03/08/2023 22:04:00,SVDT1,27.9,94.2,0,3176.4,0,97,1.5,2.7,3,0,0
03/08/2023 22:05:00,SVDT1,27.9,94.2,0,3176.4,0,120,1.9,4.5,3,0,0
03/08/2023 22:06:00,SVDT1,27.9,94.2,0,3176.4,0,129,0.9,1.8,3,0,0
03/08/2023 22:07:00,SVDT1,27.9,94.3,0,3176.4,0,100,0.6,1,3,0,0
03/08/2023 22:08:00,SVDT1,27.9,94.3,0,3176.4,0,104,0.5,0.9,3,0,0
03/08/2023 22:09:00,SVDT1,27.9,94.3,0,3176.4,0,134,1.2,5.2,3,0,0
03/08/2023 22:10:00,SVDT1,27.9,94.4,0,3176.4,0,67,0.5,0.6,3,0,0
03/08/2023 22:11:00,SVDT1,27.8,94.5,0,3176.4,0,151,0.5,0.5,3,0,0
03/08/2023 22:12:00,SVDT1,27.8,94.5,0,3176.4,0,105,1.1,1.8,3,0,0
03/08/2023 22:13:00,SVDT1,27.8,94.6,0,3176.4,0,119,1.1,2.3,3,0,0
03/08/2023 22:14:00,SVDT1,27.8,94.6,0,3176.4,0,85,2.1,3.9,3,0,0
03/08/2023 22:15:00,SVDT1,27.8,94.6,0,3176.4,0,90,0.9,1.2,3,0,0
03/08/2023 22:16:00,SVDT1,27.8,94.7,0,3176.4,0,102,0.6,1.1,3,0,0
03/08/2023 22:17:00,SVDT1,27.8,94.7,0,3176.4,0,138,1,6,3,0,0
03/08/2023 22:18:00,SVDT1,27.8,94.7,0,3176.4,0,110,1.3,2.7,3,0,0
03/08/2023 22:19:00,SVDT1,27.8,94.7,0,3176.4,0,107,1,2.4,3,0,0
03/08/2023 22:20:00,SVDT1,27.8,94.7,0,3176.4,0,105,0.5,0.6,3,0,0
03/08/2023 22:21:00,SVDT1,27.8,94.7,0,3176.4,0,98,1.9,4.1,3,0,0
03/08/2023 22:22:00,SVDT1,27.8,94.7,0,3176.4,0,106,1.2,2.5,3,0,0
03/08/2023 22:23:00,SVDT1,27.8,94.7,0,3176.4,0,107,0.5,0.6,3,0,0
03/08/2023 22:24:00,SVDT1,27.8,94.7,0,3176.4,0,108,1.5,2.9,3,0,0
03/08/2023 22:25:00,SVDT1,27.8,94.7,0,3176.4,0,109,1.4,4.1,3,0,0
03/08/2023 22:26:00,SVDT1,27.8,94.7,0,3176.4,0,106,0.9,4.3,3,0,0
03/08/2023 22:27:00,SVDT1,27.8,94.7,0,3176.4,0,79,1.4,3,3,0,0
03/08/2023 22:28:00,SVDT1,27.7,94.7,0,3176.4,0,59,0.6,0.8,3,0,0
03/08/2023 22:29:00,SVDT1,27.7,94.7,0,3176.4,0,100,1.7,4,3,0,0
03/08/2023 22:30:00,SVDT1,27.7,94.7,0,3176.4,0,108,0.8,1.3,3,0,0
03/08/2023 22:31:00,SVDT1,27.7,94.8,0,3176.4,0,103,1.1,3.7,3,0,0
03/08/2023 22:32:00,SVDT1,27.7,94.8,0,3176.4,0,76,0.6,1.2,3,0,0
03/08/2023 22:33:00,SVDT1,27.7,94.8,0,3176.4,0,99,0.8,0.9,3,0,0
03/08/2023 22:34:00,SVDT1,27.7,94.8,0,3176.4,0,96,0.9,1.4,3,0,0
03/08/2023 22:35:00,SVDT1,27.7,94.8,0,3176.4,0,172,1.4,2.8,3,0,0
03/08/2023 22:36:00,SVDT1,27.7,94.8,0,3176.4,0,123,0.7,0.7,3,0,0
03/08/2023 22:37:00,SVDT1,27.7,94.8,0,3176.4,0,93,1.2,2.3,3,0,0
03/08/2023 22:38:00,SVDT1,27.7,94.8,0,3176.4,0,82,2,3.2,3,0,0
03/08/2023 22:39:00,SVDT1,27.6,94.9,0,3176.4,0,73,1.5,6.1,3,0,0
03/08/2023 22:40:00,SVDT1,27.6,94.9,0,3176.4,0,94,0.9,1.7,3,0,0
03/08/2023 22:41:00,SVDT1,27.6,94.9,0,3176.4,0,99,1.7,4.2,3,0,0
03/08/2023 22:42:00,SVDT1,27.6,95.0,0,3176.4,0,172,1.5,3.7,3,0,0
03/08/2023 22:43:00,SVDT1,27.6,95.0,0,3176.4,0,99,1.8,3,3,0,0
03/08/2023 22:44:00,SVDT1,27.6,95.0,0,3176.4,0,104,0.7,0.8,2,0,0
03/08/2023 22:45:00,SVDT1,27.6,95.0,0,3176.4,0,105,0.8,1.6,2,0,0
03/08/2023 22:46:00,SVDT1,27.6,95.0,0,3176.4,0,124,1.7,3.5,2,0,0
03/08/2023 22:47:00,SVDT1,27.6,95.0,0,3176.4,0,116,1.1,2.2,2,0,0
03/08/2023 22:48:00,SVDT1,27.6,95.1,0,3176.4,0,72,1.1,2.2,2,0,0
03/08/2023 22:49:00,SVDT1,27.6,95.1,0,3176.4,0,56,0.8,1.5,2,0,0
03/08/2023 22:50:00,SVDT1,27.6,95.1,0,3176.4,0,60,1,3,2,0,0
03/08/2023 22:51:00,SVDT1,27.6,95.2,0,3176.4,0,82,1,1,2,0,0
03/08/2023 22:52:00,SVDT1,27.6,95.2,0,3176.4,0,71,1.1,2.2,2,0,0
03/08/2023 22:53:00,SVDT1,27.6,95.2,0,3176.4,0,89,0.9,3.9,2,0,0
03/08/2023 22:54:00,SVDT1,27.6,95.2,0,3176.4,0,64,1.8,7.4,2,0,0
03/08/2023 22:55:00,SVDT1,27.6,95.2,0,3176.4,0,106,1.9,3.5,2,0,0
03/08/2023 22:56:00,SVDT1,27.5,95.2,0,3176.4,0,97,2,10.1,2,0,0
03/08/2023 22:57:00,SVDT1,27.5,95.2,0,3176.4,0,102,0.5,0.9,2,0,0
03/08/2023 22:58:00,SVDT1,27.5,95.2,0,3176.4,0,141,1.3,6.6,2,0,0
03/08/2023 22:59:00,SVDT1,27.5,95.3,0,3176.4,0,64,0.8,0.9,2,0,0
03/08/2023 23:00:00,SVDT1,27.5,95.3,0,3176.4,0,92,0.8,1,2,0,0
03/08/2023 23:01:00,SVDT1,27.5,95.3,0,3176.4,0,88,1.4,4.7,2,0,0
03/08/2023 23:02:00,SVDT1,27.5,95.3,0,3176.4,0,90,1,2,2,0,0
03/08/2023 23:03:00,SVDT1,27.5,95.3,0,3176.4,0,96,0.8,1.2,2,0,0
03/08/2023 23:04:00,SVDT1,27.5,95.3,0,3176.4,0,105,1.2,2.6,2,0,0
03/08/2023 23:05:00,SVDT1,27.5,95.3,0,3176.4,0,99,0.9,1.6,2,0,0
03/08/2023 23:06:00,SVDT1,27.5,95.4,0,3176.4,0,68,1,3,2,0,0
03/08/2023 23:07:00,SVDT1,27.5,95.4,0,3176.4,0,143,0.6,1,2,0,0
03/08/2023 23:08:00,SVDT1,27.5,95.4,0,3176.4,0,87,1.5,6.8,2,0,0
03/08/2023 23:09:00,SVDT1,27.5,95.5,0,3176.4,0,97,1.4,3.2,2,0,0
03/08/2023 23:10:00,SVDT1,27.4,95.5,0,3176.4,0,95,1.1,2.7,2,0,0
03/08/2023 23:11:00,SVDT1,27.4,95.5,0,3176.4,0,108,1.7,3.9,2,0,0
03/08/2023 23:12:00,SVDT1,27.4,95.5,0,3176.4,0,103,1.4,2.4,2,0,0
03/08/2023 23:13:00,SVDT1,27.4,95.5,0,3176.4,0,110,1.2,6,2,0,0
03/08/2023 23:14:00,SVDT1,27.4,95.5,0,3176.4,0,109,1.1,4.9,2,0,0
03/08/2023 23:15:00,SVDT1,27.4,95.6,0,3176.4,0,92,1,4.3,2,0,0
03/08/2023 23:16:00,SVDT1,27.4,95.6,0,3176.4,0,86,1.3,7,2,0,0
03/08/2023 23:17:00,SVDT1,27.4,95.6,0,3176.4,0,92,1.1,3.9,2,0,0
03/08/2023 23:18:00,SVDT1,27.4,95.6,0,3176.4,0,92,1,1.6,2,0,0
03/08/2023 23:19:00,SVDT1,27.4,95.6,0,3176.4,0,103,1,2.7,2,0,0
03/08/2023 23:20:00,SVDT1,27.4,95.6,0,3176.4,0,85,1.6,4.3,2,0,0
03/08/2023 23:21:00,SVDT1,27.4,95.6,0,3176.4,0,109,1.5,3.2,2,0,0
03/08/2023 23:22:00,SVDT1,27.4,95.6,0,3176.4,0,110,0.6,1.3,2,0,0
03/08/2023 23:23:00,SVDT1,27.4,95.6,0,3176.4,0,102,1.3,2.5,2,0,0
03/08/2023 23:24:00,SVDT1,27.4,95.6,0,3176.4,0,105,2.3,3.6,2,0,0
03/08/2023 23:25:00,SVDT1,27.4,95.6,0,3176.4,0,105,0.9,1,2,0,0
03/08/2023 23:26:00,SVDT1,27.4,95.5,0,3176.4,0,105,1.2,1.9,2,0,0
03/08/2023 23:27:00,SVDT1,27.4,95.6,0,3176.4,0,103,1.3,3.2,2,0,0
03/08/2023 23:28:00,SVDT1,27.4,95.6,0,3176.4,0,106,1.6,3.5,2,0,0
03/08/2023 23:29:00,SVDT1,27.4,95.6,0,3176.4,0,105,0.6,0.7,2,0,0
03/08/2023 23:30:00,SVDT1,27.4,95.7,0,3176.4,0,111,0.8,1.1,2,0,0
03/08/2023 23:31:00,SVDT1,27.4,95.7,0,3176.4,0,109,0.8,2.1,2,0,0
03/08/2023 23:32:00,SVDT1,27.4,95.7,0,3176.4,0,85,0.8,0.9,2,0,0
03/08/2023 23:33:00,SVDT1,27.4,95.7,0,3176.4,0,106,1.1,2.1,2,0,0
03/08/2023 23:34:00,SVDT1,27.4,95.7,0,3176.4,0,97,1,2.3,2,0,0
03/08/2023 23:35:00,SVDT1,27.4,95.7,0,3176.4,0,83,1.2,3,2,0,0
03/08/2023 23:36:00,SVDT1,27.4,95.7,0,3176.4,0,75,1.4,2.3,2,0,0
03/08/2023 23:37:00,SVDT1,27.4,95.7,0,3176.4,0,106,0.9,2.3,2,0,0
03/08/2023 23:38:00,SVDT1,27.4,95.7,0,3176.4,0,85,1.1,9.1,2,0,0
03/08/2023 23:39:00,SVDT1,27.4,95.8,0,3176.4,0,59,0.7,2.3,2,0,0
03/08/2023 23:40:00,SVDT1,27.4,95.8,0,3176.4,0,71,0.9,1.1,2,0,0
03/08/2023 23:41:00,SVDT1,27.4,95.8,0,3176.4,0,82,1.2,1.6,2,0,0
03/08/2023 23:42:00,SVDT1,27.3,95.8,0,3176.4,0,76,1.1,3.1,2,0,0
03/08/2023 23:43:00,SVDT1,27.4,95.8,0,3176.4,0,76,1.5,2.5,2,0,0
03/08/2023 23:44:00,SVDT1,27.4,95.8,0,3176.4,0,69,2,6.6,2,0,0
03/08/2023 23:45:00,SVDT1,27.3,95.7,0,3176.4,0,46,1.2,1.5,2,0,0
03/08/2023 23:46:00,SVDT1,27.4,95.7,0,3176.4,0,105,1.1,2.5,2,0,0
03/08/2023 23:47:00,SVDT1,27.4,95.8,0,3176.4,0,35,1.3,7.2,2,0,0
03/08/2023 23:48:00,SVDT1,27.4,95.7,0,3176.4,0,95,2.6,12,2,0,0
03/08/2023 23:49:00,SVDT1,27.4,95.8,0,3176.4,0,111,1.7,4.7,2,0,0
03/08/2023 23:50:00,SVDT1,27.4,95.8,0,3176.4,0,98,0.8,5.1,2,0,0
03/08/2023 23:51:00,SVDT1,27.4,95.8,0,3176.4,0,108,0.9,2.8,2,0,0
03/08/2023 23:52:00,SVDT1,27.4,95.8,0,3176.4,0,66,2,8.7,2,0,0
03/08/2023 23:53:00,SVDT1,27.3,95.8,0,3176.4,0,102,0.6,1.2,2,0,0
03/08/2023 23:54:00,SVDT1,27.4,95.8,0,3176.4,0,96,1.6,1.9,2,0,0
03/08/2023 23:55:00,SVDT1,27.3,95.8,0,3176.4,0,112,1.6,2,2,0,0
03/08/2023 23:56:00,SVDT1,27.3,95.8,0,3176.4,0,78,0.9,1,2,0,0
03/08/2023 23:57:00,SVDT1,27.3,95.9,0,3176.4,0,97,1.2,1.7,2,0,0
03/08/2023 23:58:00,SVDT1,27.3,95.9,0,3176.4,0,63,2.3,3.7,2,0,0
03/08/2023 23:59:00,SVDT1,27.3,95.9,0,3176.4,0,69,0.7,1.2,2,0,0
04/08/2023 00:00:00,SVDT1,27.3,95.9,0,3176.4,0,73,0.6,0.6,2,0,0
04/08/2023 00:01:00,SVDT1,27.3,95.9,0,3176.4,0,95,1.4,3.4,2,0,0
04/08/2023 00:02:00,SVDT1,27.3,96.0,0,3176.4,0,114,0.9,2.1,2,0,0
04/08/2023 00:03:00,SVDT1,27.3,96.0,0,3176.4,0,99,1.5,2.3,2,0,0
04/08/2023 00:04:00,SVDT1,27.3,96.0,0,3176.4,0,81,0.9,2.4,2,0,0
04/08/2023 00:05:00,SVDT1,27.3,96.0,0,3176.4,0,86,2.3,7.7,2,0,0
04/08/2023 00:06:00,SVDT1,27.3,96.0,0,3176.4,0,102,1.2,3.2,2,0,0
04/08/2023 00:07:00,SVDT1,27.3,96.0,0,3176.4,0,103,1.1,3,2,0,0
04/08/2023 00:08:00,SVDT1,27.3,96.0,0,3176.4,0,113,1.3,5.2,2,0,0
04/08/2023 00:09:00,SVDT1,27.3,96.0,0,3176.4,0,92,1.2,3.3,2,0,0
04/08/2023 00:10:00,SVDT1,27.3,96.1,0,3176.4,0,93,1.7,2.5,2,0,0
04/08/2023 00:11:00,SVDT1,27.2,96.1,0,3176.4,0,102,1.2,2.3,2,0,0
04/08/2023 00:12:00,SVDT1,27.2,96.1,0,3176.4,0,106,1,1.1,2,0,0
04/08/2023 00:13:00,SVDT1,27.2,96.1,0,3176.4,0,94,1.1,2.7,2,0,0
04/08/2023 00:14:00,SVDT1,27.2,96.1,0,3176.4,0,86,1.4,2.1,2,0,0
04/08/2023 00:15:00,SVDT1,27.2,96.1,0,3176.4,0,92,1.4,2.3,2,0,0
04/08/2023 00:16:00,SVDT1,27.2,96.2,0,3176.4,0,107,1.2,2.6,2,0,0
04/08/2023 00:17:00,SVDT1,27.2,96.2,0,3176.4,0,110,1.7,3.7,2,0,0
04/08/2023 00:18:00,SVDT1,27.2,96.2,0,3176.4,0,99,1.3,1.6,2,0,0
04/08/2023 00:19:00,SVDT1,27.2,96.2,0,3176.4,0,129,1.2,1.4,2,0,0
04/08/2023 00:20:00,SVDT1,27.2,96.2,0,3176.4,0,111,0.9,0.9,2,0,0
04/08/2023 00:21:00,SVDT1,27.2,96.2,0,3176.4,0,196,1.1,2.1,2,0,0
04/08/2023 00:22:00,SVDT1,27.2,96.3,0,3176.4,0,114,1.9,11.5,2,0,0
04/08/2023 00:23:00,SVDT1,27.2,96.3,0,3176.4,0,108,1.1,1.5,2,0,0
04/08/2023 00:24:00,SVDT1,27.2,96.3,0,3176.4,0,106,1.6,2.9,2,0,0
04/08/2023 00:25:00,SVDT1,27.2,96.3,0,3176.4,0,99,1.3,2.8,2,0,0
04/08/2023 00:26:00,SVDT1,27.2,96.3,0,3176.4,0,104,1,1.4,2,0,0
04/08/2023 00:27:00,SVDT1,27.2,96.3,0,3176.4,0,92,1.4,2.6,2,0,0
04/08/2023 00:28:00,SVDT1,27.2,96.2,0,3176.4,0,105,1.1,3.5,2,0,0
04/08/2023 00:29:00,SVDT1,27.2,96.2,0,3176.4,0,106,0.9,2.1,2,0,0
04/08/2023 00:30:00,SVDT1,27.2,96.2,0,3176.4,0,103,1.2,1.7,2,0,0
04/08/2023 00:31:00,SVDT1,27.2,96.2,0,3176.4,0,97,1.9,6.1,2,0,0
04/08/2023 00:32:00,SVDT1,27.2,96.2,0,3176.4,0,102,1,1.5,2,0,0
04/08/2023 00:33:00,SVDT1,27.2,96.2,0,3176.4,0,102,1.6,3,2,0,0
04/08/2023 00:34:00,SVDT1,27.2,96.2,0,3176.4,0,83,1.5,3.2,2,0,0
04/08/2023 00:35:00,SVDT1,27.2,96.2,0,3176.4,0,109,1.3,4.3,2,0,0
04/08/2023 00:36:00,SVDT1,27.2,96.2,0,3176.4,0,95,1.1,2,2,0,0
04/08/2023 00:37:00,SVDT1,27.2,96.2,0,3176.4,0,80,2,4.8,2,0,0
04/08/2023 00:38:00,SVDT1,27.2,96.1,0,3176.4,0,96,0.9,1.3,2,0,0
04/08/2023 00:39:00,SVDT1,27.2,96.1,0,3176.4,0,86,2.1,4.8,2,0,0
04/08/2023 00:40:00,SVDT1,27.2,96.1,0,3176.4,0,108,1.6,3.2,2,0,0
04/08/2023 00:41:00,SVDT1,27.2,96.1,0,3176.4,0,97,1,1.5,2,0,0
04/08/2023 00:42:00,SVDT1,27.2,96.2,0,3176.4,0,148,1.4,2.2,2,0,0
04/08/2023 00:43:00,SVDT1,27.2,96.2,0,3176.4,0,167,0.9,6.5,2,0,0
04/08/2023 00:44:00,SVDT1,27.3,96.2,0,3176.4,0,76,1.5,3.5,2,0,0
04/08/2023 00:45:00,SVDT1,27.3,96.1,0,3176.4,0,110,1.5,4.2,2,0,0
04/08/2023 00:46:00,SVDT1,27.3,96.1,0,3176.4,0,102,1.4,7.5,2,0,0
04/08/2023 00:47:00,SVDT1,27.3,96.1,0,3176.4,0,108,1.2,4.9,2,0,0
04/08/2023 00:48:00,SVDT1,27.3,96.1,0,3176.4,0,123,1,3.8,2,0,0
04/08/2023 00:49:00,SVDT1,27.3,96.0,0,3176.4,0,94,1.2,2.5,2,0,0
04/08/2023 00:50:00,SVDT1,27.3,96.0,0,3176.4,0,111,1.6,3.6,2,0,0
04/08/2023 00:51:00,SVDT1,27.3,96.0,0,3176.4,0,111,1.7,3.1,2,0,0
04/08/2023 00:52:00,SVDT1,27.3,96.0,0,3176.4,0,123,1.5,2.9,2,0,0
04/08/2023 00:53:00,SVDT1,27.3,96.1,0,3176.4,0,101,1.1,2,2,0,0
04/08/2023 00:54:00,SVDT1,27.3,96.1,0,3176.4,0,87,1.3,5.1,2,0,0
04/08/2023 00:55:00,SVDT1,27.3,96.1,0,3176.4,0,65,1.7,3.6,2,0,0
04/08/2023 00:56:00,SVDT1,27.3,96.0,0,3176.4,0,105,2.5,5.7,2,0,0
04/08/2023 00:57:00,SVDT1,27.3,96.1,0,3176.4,0,99,1.3,2.3,2,0,0
04/08/2023 00:58:00,SVDT1,27.3,96.1,0,3176.4,0,95,1.6,4,2,0,0
04/08/2023 00:59:00,SVDT1,27.3,96.1,0,3176.4,0,86,0.9,1.7,2,0,0
04/08/2023 01:00:00,SVDT1,27.3,96.1,0,3176.4,0,52,1.7,4.7,2,0,0
04/08/2023 01:01:00,SVDT1,27.3,96.1,0,3176.4,0,93,0.9,1.4,2,0,0
04/08/2023 01:02:00,SVDT1,27.3,96.2,0,3176.4,0,213,1.3,3.7,2,0,0
04/08/2023 01:03:00,SVDT1,27.2,96.2,0,3176.4,0,85,1.5,4.6,2,0,0
04/08/2023 01:04:00,SVDT1,27.2,96.2,0,3176.4,0,112,1.4,3.4,2,0,0
04/08/2023 01:05:00,SVDT1,27.2,96.2,0,3176.4,0,159,0.7,2,2,0,0
04/08/2023 01:06:00,SVDT1,27.2,96.3,0,3176.4,0,94,1.4,3,2,0,0
04/08/2023 01:07:00,SVDT1,27.3,96.3,0,3176.4,0,104,1.1,2.6,2,0,0
04/08/2023 01:08:00,SVDT1,27.3,96.3,0,3176.4,0,126,1.8,5.6,2,0,0
04/08/2023 01:09:00,SVDT1,27.3,96.3,0,3176.4,0,92,1.6,2.1,2,0,0
04/08/2023 01:10:00,SVDT1,27.2,96.2,0,3176.4,0,106,1.3,8.6,2,0,0
04/08/2023 01:11:00,SVDT1,27.2,96.2,0,3176.4,0,98,0.9,2.4,2,0,0
04/08/2023 01:12:00,SVDT1,27.2,96.3,0,3176.4,0,116,0.8,1.3,2,0,0
04/08/2023 01:13:00,SVDT1,27.2,96.3,0,3176.4,0,133,1.4,2.9,2,0,0
04/08/2023 01:14:00,SVDT1,27.2,96.3,0,3176.4,0,97,1.1,1.8,2,0,0
04/08/2023 01:15:00,SVDT1,27.2,96.3,0,3176.4,0,99,1.5,2.5,2,0,0
04/08/2023 01:16:00,SVDT1,27.2,96.4,0,3176.4,0,91,2.4,6.3,2,0,0
04/08/2023 01:17:00,SVDT1,27.2,96.4,0,3176.4,0,110,1.9,6.2,2,0,0
04/08/2023 01:18:00,SVDT1,27.2,96.4,0,3176.4,0,103,0.9,1.7,2,0,0
04/08/2023 01:19:00,SVDT1,27.2,96.4,0,3176.4,0,106,1.4,3.9,2,0,0
04/08/2023 01:20:00,SVDT1,27.2,96.5,0,3176.4,0,99,2,10.2,2,0,0
04/08/2023 01:21:00,SVDT1,27.2,96.5,0,3176.4,0,111,1.2,1.8,2,0,0
04/08/2023 01:22:00,SVDT1,27.2,96.5,0,3176.4,0,103,1.2,2.9,2,0,0
04/08/2023 01:23:00,SVDT1,27.2,96.6,0,3176.4,0,94,0.7,1.6,2,0,0
04/08/2023 01:24:00,SVDT1,27.2,96.6,0,3176.4,0,114,0.8,6.2,2,0,0
04/08/2023 01:25:00,SVDT1,27.1,96.6,0,3176.4,0,107,1.1,2.4,2,0,0
04/08/2023 01:26:00,SVDT1,27.1,96.6,0,3176.4,0,116,1.7,2.6,2,0,0
04/08/2023 01:27:00,SVDT1,27.1,96.5,0,3176.4,0,104,2.5,4.1,2,0,0
04/08/2023 01:28:00,SVDT1,27.1,96.6,0,3176.4,0,110,1.1,2.6,2,0,0
04/08/2023 01:29:00,SVDT1,27.1,96.5,0,3176.4,0,108,1.2,9.1,2,0,0
04/08/2023 01:30:00,SVDT1,27.1,96.6,0,3176.4,0,106,1.5,6.2,2,0,0
04/08/2023 01:31:00,SVDT1,27.1,96.6,0,3176.4,0,105,1.3,7.7,2,0,0
04/08/2023 01:32:00,SVDT1,27.1,96.6,0,3176.4,0,115,0.9,1.3,2,0,0
04/08/2023 01:33:00,SVDT1,27.1,96.6,0,3176.4,0,119,1.7,4,2,0,0
04/08/2023 01:34:00,SVDT1,27.1,96.6,0,3176.4,0,108,1.7,5.6,2,0,0
04/08/2023 01:35:00,SVDT1,27.1,96.7,0,3176.4,0,112,1.2,5.5,2,0,0
04/08/2023 01:36:00,SVDT1,27.1,96.6,0,3176.4,0,109,1.7,4.3,2,0,0
04/08/2023 01:37:00,SVDT1,27.1,96.6,0,3176.4,0,101,1.1,6.4,2,0,0
04/08/2023 01:38:00,SVDT1,27.1,96.7,0,3176.4,0,99,1,1.4,2,0,0
04/08/2023 01:39:00,SVDT1,27.1,96.7,0,3176.4,0,103,1,1.5,2,0,0
04/08/2023 01:40:00,SVDT1,27.1,96.7,0,3176.4,0,107,0.7,0.8,2,0,0
04/08/2023 01:41:00,SVDT1,27.1,96.7,0,3176.4,0,107,1.2,5.4,2,0,0
04/08/2023 01:42:00,SVDT1,27.1,96.8,0,3176.4,0,100,1.7,2.7,2,0,0
04/08/2023 01:43:00,SVDT1,27.1,96.8,0,3176.4,0,108,1.5,3.8,2,0,0
04/08/2023 01:44:00,SVDT1,27.1,96.8,0,3176.4,0,105,0.8,1.1,2,0,0
04/08/2023 01:45:00,SVDT1,27.0,96.8,0,3176.4,0,98,0.7,0.9,2,0,0
04/08/2023 01:46:00,SVDT1,27.0,96.8,0,3176.4,0,111,0.8,1.1,2,0,0
04/08/2023 01:47:00,SVDT1,27.0,96.8,0,3176.4,0,106,1.2,2.6,2,0,0
04/08/2023 01:48:00,SVDT1,27.0,96.9,0,3176.4,0,104,1.6,3,2,0,0
04/08/2023 01:49:00,SVDT1,27.0,96.9,0,3176.4,0,110,1.1,1.4,2,0,0
04/08/2023 01:50:00,SVDT1,27.1,96.9,0,3176.4,0,106,1.9,2.8,2,0,0
04/08/2023 01:51:00,SVDT1,27.0,96.9,0,3176.4,0,105,1,2.5,2,0,0
04/08/2023 01:52:00,SVDT1,27.0,96.9,0,3176.4,0,107,0.9,1.1,2,0,0
04/08/2023 01:53:00,SVDT1,27.0,96.9,0,3176.4,0,92,1,2,2,0,0
04/08/2023 01:54:00,SVDT1,27.0,96.9,0,3176.4,0,111,0.9,1.8,2,0,0
04/08/2023 01:55:00,SVDT1,27.0,96.9,0,3176.4,0,87,0.7,2.1,2,0,0
04/08/2023 01:56:00,SVDT1,27.0,96.9,0,3176.4,0,101,1.6,4.6,2,0,0
04/08/2023 01:57:00,SVDT1,27.0,97.0,0,3176.4,0,98,1.1,4.1,2,0,0
04/08/2023 01:58:00,SVDT1,27.0,97.0,0,3176.4,0,113,1,2.3,2,0,0
04/08/2023 01:59:00,SVDT1,27.0,96.9,0,3176.4,0,105,1,1.8,2,0,0
04/08/2023 02:00:00,SVDT1,27.0,97.0,0,3176.4,0,102,1.1,1.8,2,0,0
04/08/2023 02:01:00,SVDT1,27.0,97.0,0,3176.4,0,108,0.9,1.3,2,0,0
04/08/2023 02:02:00,SVDT1,27.0,97.0,0,3176.4,0,96,1,2.2,2,0,0
04/08/2023 02:03:00,SVDT1,27.0,97.0,0,3176.4,0,109,0.9,2.5,2,0,0
04/08/2023 02:04:00,SVDT1,27.0,97.0,0,3176.4,0,108,1,4.2,2,0,0
04/08/2023 02:05:00,SVDT1,27.0,97.0,0,3176.4,0,106,1,3.5,2,0,0
04/08/2023 02:06:00,SVDT1,27.0,97.0,0,3176.4,0,107,0.9,1,2,0,0
04/08/2023 02:07:00,SVDT1,27.0,97.1,0,3176.4,0,101,0.9,3.1,2,0,0
04/08/2023 02:08:00,SVDT1,27.0,97.1,0,3176.4,0,96,1.4,5.5,2,0,0
04/08/2023 02:09:00,SVDT1,27.0,97.1,0,3176.4,0,113,1.1,3.3,2,0,0
04/08/2023 02:10:00,SVDT1,27.0,97.1,0,3176.4,0,96,0.7,4.1,2,0,0
04/08/2023 02:11:00,SVDT1,27.0,97.1,0,3176.4,0,104,0.7,1.8,2,0,0
04/08/2023 02:12:00,SVDT1,27.0,97.1,0,3176.4,0,108,0.9,1,2,0,0
04/08/2023 02:13:00,SVDT1,26.9,97.1,0,3176.4,0,109,1.1,2.6,2,0,0
04/08/2023 02:14:00,SVDT1,26.9,97.1,0,3176.4,0,124,0.8,3.4,2,0,0
04/08/2023 02:15:00,SVDT1,26.9,97.2,0,3176.4,0,100,0.7,2.1,2,0,0
04/08/2023 02:16:00,SVDT1,26.9,97.2,0,3176.4,0,98,1.1,4.3,2,0,0
04/08/2023 02:17:00,SVDT1,26.9,97.2,0,3176.4,0,113,1.1,1.9,2,0,0
04/08/2023 02:18:00,SVDT1,26.9,97.2,0,3176.4,0,115,1,1.9,2,0,0
04/08/2023 02:19:00,SVDT1,26.9,97.2,0,3176.4,0,102,1.2,8.5,2,0,0
04/08/2023 02:20:00,SVDT1,26.9,97.2,0,3176.4,0,102,1,1.5,2,0,0
04/08/2023 02:21:00,SVDT1,26.9,97.3,0,3176.4,0,112,1.5,4.6,2,0,0
04/08/2023 02:22:00,SVDT1,26.9,97.3,0,3176.4,0,106,1,1.6,2,0,0
04/08/2023 02:23:00,SVDT1,26.8,97.3,0,3176.4,0,88,1.1,4.7,2,0,0
04/08/2023 02:24:00,SVDT1,26.8,97.3,0,3176.4,0,112,1.2,2.4,2,0,0
04/08/2023 02:25:00,SVDT1,26.8,97.4,0,3176.4,0,106,1.3,3.3,2,0,0
04/08/2023 02:26:00,SVDT1,26.8,97.4,0,3176.4,0,103,0.8,1.5,2,0,0
04/08/2023 02:27:00,SVDT1,26.8,97.4,0,3176.4,0,102,1.6,4.5,2,0,0
04/08/2023 02:28:00,SVDT1,26.9,97.4,0,3176.4,0,102,1,1.4,2,0,0
04/08/2023 02:29:00,SVDT1,26.8,97.5,0,3176.4,0,110,1.3,3,2,0,0
04/08/2023 02:30:00,SVDT1,26.8,97.5,0,3176.4,0,90,1.1,6.3,2,0,0
04/08/2023 02:31:00,SVDT1,26.9,97.5,0,3176.4,0,94,0.8,5.5,2,0,0
04/08/2023 02:32:00,SVDT1,26.8,97.5,0,3176.4,0,103,1.4,3.1,2,0,0
04/08/2023 02:33:00,SVDT1,26.8,97.5,0,3176.4,0,111,1.8,6.1,2,0,0
04/08/2023 02:34:00,SVDT1,26.8,97.5,0,3176.4,0,104,0.8,1.8,2,0,0
04/08/2023 02:35:00,SVDT1,26.8,97.5,0,3176.4,0,83,1.4,2.3,2,0,0
04/08/2023 02:36:00,SVDT1,26.8,97.5,0,3176.4,0,105,0.9,3.2,2,0,0
04/08/2023 02:37:00,SVDT1,26.8,97.6,0,3176.4,0,107,1.2,2.8,2,0,0
04/08/2023 02:38:00,SVDT1,26.9,97.5,0,3176.4,0,86,1.1,4.6,2,0,0
04/08/2023 02:39:00,SVDT1,26.9,97.5,0,3176.4,0,112,1.1,2.5,2,0,0
04/08/2023 02:40:00,SVDT1,26.9,97.5,0,3176.4,0,104,0.5,0.6,2,0,0
04/08/2023 02:41:00,SVDT1,26.8,97.5,0,3176.4,0,98,0.8,3.4,2,0,0
04/08/2023 02:42:00,SVDT1,26.9,97.6,0,3176.4,0,103,1.7,3.6,2,0,0
04/08/2023 02:43:00,SVDT1,26.9,97.6,0,3176.4,0,96,1,2.1,2,0,0
04/08/2023 02:44:00,SVDT1,26.9,97.5,0,3176.4,0,102,1.8,4.9,2,0,0
04/08/2023 02:45:00,SVDT1,26.9,97.5,0,3176.4,0,106,1.4,3.9,2,0,0
04/08/2023 02:46:00,SVDT1,26.9,97.5,0,3176.4,0,107,1.4,2.8,2,0,0
04/08/2023 02:47:00,SVDT1,26.9,97.5,0,3176.4,0,119,1,1.8,2,0,0
04/08/2023 02:48:00,SVDT1,26.9,97.5,0,3176.4,0,113,1.9,7.9,2,0,0
04/08/2023 02:49:00,SVDT1,26.9,97.5,0,3176.4,0,106,1.6,5.5,2,0,0
04/08/2023 02:50:00,SVDT1,26.9,97.5,0,3176.4,0,108,1.1,2.8,2,0,0
04/08/2023 02:51:00,SVDT1,26.9,97.5,0,3176.4,0,109,1.3,1.7,2,0,0
04/08/2023 02:52:00,SVDT1,26.9,97.4,0,3176.4,0,108,1.5,2.9,2,0,0
04/08/2023 02:53:00,SVDT1,26.9,97.4,0,3176.4,0,111,1.5,6.6,2,0,0
04/08/2023 02:54:00,SVDT1,26.9,97.5,0,3176.4,0,110,1.2,3.1,2,0,0
04/08/2023 02:55:00,SVDT1,26.9,97.5,0,3176.4,0,100,1.1,1.8,2,0,0
04/08/2023 02:56:00,SVDT1,26.8,97.5,0,3176.4,0,100,1.3,2.4,2,0,0
04/08/2023 02:57:00,SVDT1,26.8,97.5,0,3176.4,0,114,1.2,4.4,2,0,0
04/08/2023 02:58:00,SVDT1,26.8,97.5,0,3176.4,0,132,0.8,1.5,2,0,0
04/08/2023 02:59:00,SVDT1,26.8,97.5,0,3176.4,0,105,1.1,3.7,2,0,0
04/08/2023 03:00:00,SVDT1,26.8,97.5,0,3176.4,0,104,1.1,3.7,2,0,0
04/08/2023 03:01:00,SVDT1,26.8,97.5,0,3176.4,0,106,1.2,2.8,2,0,0
04/08/2023 03:02:00,SVDT1,26.8,97.6,0,3176.4,0,103,0.8,4.6,2,0,0
04/08/2023 03:03:00,SVDT1,26.8,97.6,0,3176.4,0,89,0.9,2.9,2,0,0
04/08/2023 03:04:00,SVDT1,26.8,97.6,0,3176.4,0,113,1.7,7.4,2,0,0
04/08/2023 03:05:00,SVDT1,26.8,97.6,0,3176.4,0,109,1.5,3.2,2,0,0
04/08/2023 03:06:00,SVDT1,26.7,97.7,0,3176.4,0,108,1.1,3.4,2,0,0
04/08/2023 03:07:00,SVDT1,26.7,97.7,0,3176.4,0,109,1.2,2.5,2,0,0
04/08/2023 03:08:00,SVDT1,26.7,97.7,0,3176.4,0,110,0.9,2.4,2,0,0
04/08/2023 03:09:00,SVDT1,26.7,97.7,0,3176.4,0,78,0.8,1.1,2,0,0
04/08/2023 03:10:00,SVDT1,26.7,97.7,0,3176.4,0,103,0.9,3.3,2,0,0
04/08/2023 03:11:00,SVDT1,26.7,97.7,0,3176.4,0,73,1.5,6.2,2,0,0
04/08/2023 03:12:00,SVDT1,26.7,97.8,0,3176.4,0,95,0.9,2.1,2,0,0
04/08/2023 03:13:00,SVDT1,26.7,97.8,0,3176.4,0,106,0.9,3,2,0,0
04/08/2023 03:14:00,SVDT1,26.7,97.7,0,3176.4,0,109,1.4,4.9,2,0,0
04/08/2023 03:15:00,SVDT1,26.7,97.9,0,3176.4,0,110,1.7,3,2,0,0
04/08/2023 03:16:00,SVDT1,26.7,97.9,0,3176.4,0,89,1,3.8,2,0,0
04/08/2023 03:17:00,SVDT1,26.7,97.9,0,3176.4,0,107,0.8,5.9,2,0,0
04/08/2023 03:18:00,SVDT1,26.7,97.9,0,3176.4,0,130,1.2,8.1,2,0,0
04/08/2023 03:19:00,SVDT1,26.7,97.9,0,3176.4,0,85,1,1.8,2,0,0
04/08/2023 03:20:00,SVDT1,26.7,97.9,0,3176.4,0,137,1.3,2.3,2,0,0
04/08/2023 03:21:00,SVDT1,26.7,97.9,0,3176.4,0,109,1.2,2.4,2,0,0
04/08/2023 03:22:00,SVDT1,26.7,97.9,0,3176.4,0,116,1,2.8,2,0,0
04/08/2023 03:23:00,SVDT1,26.7,97.9,0,3176.4,0,83,1,3.2,2,0,0
04/08/2023 03:24:00,SVDT1,26.7,97.9,0,3176.4,0,92,0.7,2.9,2,0,0
04/08/2023 03:25:00,SVDT1,26.7,97.9,0,3176.4,0,89,1.1,2.5,2,0,0
04/08/2023 03:26:00,SVDT1,26.7,98.0,0,3176.4,0,106,1.2,2.1,2,0,0
04/08/2023 03:27:00,SVDT1,26.7,97.9,0,3176.4,0,93,1.3,2,2,0,0
04/08/2023 03:28:00,SVDT1,26.7,97.9,0,3176.4,0,85,0.7,1,2,0,0
04/08/2023 03:29:00,SVDT1,26.7,98.0,0,3176.4,0,85,1.1,1.4,2,0,0
04/08/2023 03:30:00,SVDT1,26.7,98.0,0,3176.4,0,73,0.8,1,2,0,0
04/08/2023 03:31:00,SVDT1,26.7,98.0,0,3176.4,0,61,0.8,1.1,2,0,0
04/08/2023 03:32:00,SVDT1,26.7,98.0,0,3176.4,0,129,1,2.5,2,0,0
04/08/2023 03:33:00,SVDT1,26.7,98.0,0,3176.4,0,117,0.7,2.5,2,0,0
04/08/2023 03:34:00,SVDT1,26.7,98.0,0,3176.4,0,84,1.4,2.7,2,0,0
04/08/2023 03:35:00,SVDT1,26.7,98.0,0,3176.4,0,106,1,2.2,2,0,0
04/08/2023 03:36:00,SVDT1,26.7,98.0,0,3176.4,0,104,1.1,1.6,2,0,0
04/08/2023 03:37:00,SVDT1,26.7,98.0,0,3176.4,0,125,1.3,1.8,2,0,0
04/08/2023 03:38:00,SVDT1,26.7,98.0,0,3176.4,0,107,1.5,5.4,2,0,0
04/08/2023 03:39:00,SVDT1,26.7,98.0,0,3176.4,0,95,2.1,5.6,2,0,0
04/08/2023 03:40:00,SVDT1,26.7,98.0,0,3176.4,0,93,1.3,3.6,2,0,0
04/08/2023 03:41:00,SVDT1,26.7,98.0,0,3176.4,0,94,1.5,4,2,0,0
04/08/2023 03:42:00,SVDT1,26.7,98.0,0,3176.4,0,100,1.4,3.3,2,0,0
04/08/2023 03:43:00,SVDT1,26.7,98.0,0,3176.4,0,92,1.3,10.4,2,0,0
04/08/2023 03:44:00,SVDT1,26.7,98.0,0,3176.4,0,103,1.3,2.8,2,0,0
04/08/2023 03:45:00,SVDT1,26.7,98.0,0,3176.4,0,106,1.2,11.7,2,0,0
04/08/2023 03:46:00,SVDT1,26.7,98.0,0,3176.4,0,112,1.2,6.5,2,0,0
04/08/2023 03:47:00,SVDT1,26.7,98.0,0,3176.4,0,103,1.3,2.9,2,0,0
04/08/2023 03:48:00,SVDT1,26.7,98.0,0,3176.4,0,115,1.9,6,2,0,0
04/08/2023 03:49:00,SVDT1,26.7,98.0,0,3176.4,0,113,1.2,5.4,2,0,0
04/08/2023 03:50:00,SVDT1,26.7,98.0,0,3176.4,0,111,1.5,3.2,2,0,0
04/08/2023 03:51:00,SVDT1,26.7,98.0,0,3176.4,0,112,1,1.8,2,0,0
04/08/2023 03:52:00,SVDT1,26.7,98.0,0,3176.4,0,107,1.2,5,2,0,0
04/08/2023 03:53:00,SVDT1,26.7,98.0,0,3176.4,0,105,1.6,6.9,2,0,0
04/08/2023 03:54:00,SVDT1,26.7,98.0,0,3176.4,0,95,1.6,19.3,2,0,0
04/08/2023 03:55:00,SVDT1,26.7,98.0,0,3176.4,0,113,1,1.8,2,0,0
04/08/2023 03:56:00,SVDT1,26.7,98.0,0,3176.4,0,111,0.9,1.5,2,0,0
04/08/2023 03:57:00,SVDT1,26.7,98.0,0,3176.4,0,106,1.3,3.2,2,0,0
04/08/2023 03:58:00,SVDT1,26.7,98.0,0,3176.4,0,108,1.2,2.9,2,0,0
04/08/2023 03:59:00,SVDT1,26.6,98.0,0,3176.4,0,111,1,2.3,2,0,0
04/08/2023 04:00:00,SVDT1,26.6,98.1,0,3176.4,0,110,0.7,1,2,0,0
04/08/2023 04:01:00,SVDT1,26.6,98.1,0,3176.4,0,107,1.1,2.1,2,0,0
04/08/2023 04:02:00,SVDT1,26.6,98.1,0,3176.4,0,115,1.6,5.3,2,0,0
04/08/2023 04:03:00,SVDT1,26.6,98.1,0,3176.4,0,102,1.3,3,2,0,0
04/08/2023 04:04:00,SVDT1,26.6,98.1,0,3176.4,0,123,2,4.1,2,0,0
04/08/2023 04:05:00,SVDT1,26.6,98.1,0,3176.4,0,109,1,3.4,2,0,0
04/08/2023 04:06:00,SVDT1,26.6,98.1,0,3176.4,0,108,1.5,5,2,0,0
04/08/2023 04:07:00,SVDT1,26.6,98.1,0,3176.4,0,109,0.9,1.4,2,0,0
04/08/2023 04:08:00,SVDT1,26.6,98.1,0,3176.4,0,114,1.7,5.5,2,0,0
04/08/2023 04:09:00,SVDT1,26.6,98.1,0,3176.4,0,118,2.3,8.5,2,0,0
04/08/2023 04:10:00,SVDT1,26.6,98.2,0,3176.4,0,99,1.4,2.4,2,0,0
04/08/2023 04:11:00,SVDT1,26.6,98.2,0,3176.4,0,93,1.8,4.7,2,0,0
04/08/2023 04:12:00,SVDT1,26.6,98.2,0,3176.4,0,98,1.7,2.9,2,0,0
04/08/2023 04:13:00,SVDT1,26.6,98.2,0,3176.4,0,128,1.2,3,2,0,0
04/08/2023 04:14:00,SVDT1,26.6,98.2,0,3176.4,0,110,1.5,4.6,2,0,0
04/08/2023 04:15:00,SVDT1,26.6,98.2,0,3176.4,0,107,1.4,2.6,2,0,0
04/08/2023 04:16:00,SVDT1,26.6,98.2,0,3176.4,0,105,1.4,4.8,2,0,0
04/08/2023 04:17:00,SVDT1,26.5,98.2,0,3176.4,0,159,1.5,3.2,2,0,0
04/08/2023 04:18:00,SVDT1,26.6,98.3,0,3176.4,0,106,1.6,2.6,2,0,0
04/08/2023 04:19:00,SVDT1,26.5,98.3,0,3176.4,0,111,2.2,9.5,2,0,0
04/08/2023 04:20:00,SVDT1,26.6,98.3,0,3176.4,0,105,1.2,2.4,2,0,0
04/08/2023 04:21:00,SVDT1,26.6,98.3,0,3176.4,0,111,1.9,5.4,2,0,0
04/08/2023 04:22:00,SVDT1,26.6,98.3,0,3176.4,0,110,1.8,4.1,2,0,0
04/08/2023 04:23:00,SVDT1,26.6,98.3,0,3176.4,0,106,1.4,7.5,2,0,0
04/08/2023 04:24:00,SVDT1,26.6,98.3,0,3176.4,0,105,1.5,5,2,0,0
04/08/2023 04:25:00,SVDT1,26.6,98.3,0,3176.4,0,75,1.4,4.1,2,0,0
04/08/2023 04:26:00,SVDT1,26.6,98.3,0,3176.4,0,94,1.7,11.5,2,0,0
04/08/2023 04:27:00,SVDT1,26.6,98.3,0,3176.4,0,74,1.6,3.1,2,0,0
04/08/2023 04:28:00,SVDT1,26.6,98.3,0,3176.4,0,95,1.9,3.5,2,0,0
04/08/2023 04:29:00,SVDT1,26.6,98.3,0,3176.4,0,111,1.9,3,2,0,0
04/08/2023 04:30:00,SVDT1,26.6,98.3,0,3176.4,0,106,2,6.8,2,0,0
04/08/2023 04:31:00,SVDT1,26.6,98.3,0,3176.4,0,98,1.4,3.6,2,0,0
04/08/2023 04:32:00,SVDT1,26.6,98.3,0,3176.4,0,91,0.9,2,2,0,0
04/08/2023 04:33:00,SVDT1,26.6,98.3,0,3176.4,0,95,1.2,3.5,2,0,0
04/08/2023 04:34:00,SVDT1,26.6,98.3,0,3176.4,0,110,1.3,1.6,2,0,0
04/08/2023 04:35:00,SVDT1,26.6,98.3,0,3176.4,0,108,1.5,2.4,2,0,0
04/08/2023 04:36:00,SVDT1,26.6,98.4,0,3176.4,0,111,2.7,4.5,2,0,0
04/08/2023 04:37:00,SVDT1,26.6,98.4,0,3176.4,0,100,1.4,2.9,2,0,0
04/08/2023 04:38:00,SVDT1,26.6,98.4,0,3176.4,0,107,1.6,4.7,2,0,0
04/08/2023 04:39:00,SVDT1,26.6,98.4,0,3176.4,0,111,2.2,7,2,0,0
04/08/2023 04:40:00,SVDT1,26.6,98.4,0,3176.4,0,113,1.5,3.4,2,0,0
04/08/2023 04:41:00,SVDT1,26.6,98.4,0,3176.4,0,110,1.6,5.2,2,0,0
04/08/2023 04:42:00,SVDT1,26.6,98.4,0,3176.4,0,111,1.6,2.9,2,0,0
04/08/2023 04:43:00,SVDT1,26.6,98.4,0,3176.4,0,101,1.5,2.7,2,0,0
04/08/2023 04:44:00,SVDT1,26.6,98.4,0,3176.4,0,106,1.3,2.8,2,0,0
04/08/2023 04:45:00,SVDT1,26.6,98.5,0,3176.4,0,109,1.4,4.5,2,0,0
04/08/2023 04:46:00,SVDT1,26.6,98.5,0,3176.4,0,112,2.1,6.2,2,0,0
04/08/2023 04:47:00,SVDT1,26.6,98.5,0,3176.4,0,111,1.1,2.5,2,0,0
04/08/2023 04:48:00,SVDT1,26.6,98.5,0,3176.4,0,108,1.5,2.4,2,0,0
04/08/2023 04:49:00,SVDT1,26.6,98.5,0,3176.4,0,107,1.6,2.9,2,0,0
04/08/2023 04:50:00,SVDT1,26.6,98.5,0,3176.4,0,109,1.1,2.6,2,0,0
04/08/2023 04:51:00,SVDT1,26.6,98.5,0,3176.4,0,94,1.3,2.8,2,0,0
04/08/2023 04:52:00,SVDT1,26.6,98.5,0,3176.4,0,113,1.6,11,2,0,0
04/08/2023 04:53:00,SVDT1,26.6,98.5,0,3176.4,0,80,1.3,3.8,2,0,0
04/08/2023 04:54:00,SVDT1,26.6,98.5,0,3176.4,0,83,1.2,2,2,0,0
04/08/2023 04:55:00,SVDT1,26.6,98.5,0,3176.4,0,94,1.4,3.9,2,0,0
04/08/2023 04:56:00,SVDT1,26.6,98.5,0,3176.4,0,86,1.2,4.9,2,0,0
04/08/2023 04:57:00,SVDT1,26.6,98.5,0,3176.4,0,103,1.5,5,2,0,0
04/08/2023 04:58:00,SVDT1,26.6,98.5,0,3176.4,0,103,2.2,4.2,2,0,0
04/08/2023 04:59:00,SVDT1,26.6,98.5,0,3176.4,0,94,1.7,3.5,2,0,0
04/08/2023 05:00:00,SVDT1,26.6,98.5,0,3176.4,0,96,1.6,5.1,2,0,0
04/08/2023 05:01:00,SVDT1,26.6,98.5,0,3176.4,0,111,1.6,9.1,2,0,0
04/08/2023 05:02:00,SVDT1,26.6,98.5,0,3176.4,0,98,1.2,4.6,2,0,0
04/08/2023 05:03:00,SVDT1,26.6,98.6,0,3176.4,0,92,1.3,2.7,2,0,0
04/08/2023 05:04:00,SVDT1,26.6,98.6,0,3176.4,0,98,1.6,7.2,2,0,0
04/08/2023 05:05:00,SVDT1,26.6,98.5,0,3176.4,0,111,1.2,2,2,0,0
04/08/2023 05:06:00,SVDT1,26.6,98.6,0,3176.4,0,96,1.3,4.1,2,0,0
04/08/2023 05:07:00,SVDT1,26.6,98.6,0,3176.4,0,88,1.7,4.7,2,0,0
04/08/2023 05:08:00,SVDT1,26.6,98.6,0,3176.4,0,104,1.7,3.5,2,0,0
04/08/2023 05:09:00,SVDT1,26.6,98.6,0,3176.4,0,109,1.7,3.3,2,0,0
04/08/2023 05:10:00,SVDT1,26.6,98.6,0,3176.4,0,79,1.6,8.5,2,0,0
04/08/2023 05:11:00,SVDT1,26.6,98.6,0,3176.4,0,111,1.3,2.9,2,0,0
04/08/2023 05:12:00,SVDT1,26.6,98.6,0,3176.4,0,111,1.6,3.1,2,0,0
04/08/2023 05:13:00,SVDT1,26.6,98.6,0,3176.4,0,95,1.5,3.3,2,0,0
04/08/2023 05:14:00,SVDT1,26.6,98.6,0,3176.4,0,107,1.3,3.6,2,0,0
04/08/2023 05:15:00,SVDT1,26.6,98.6,0,3176.4,0,105,2,5.8,2,0,0
04/08/2023 05:16:00,SVDT1,26.7,98.6,0,3176.4,0,112,1.5,6.9,2,0,0
04/08/2023 05:17:00,SVDT1,26.6,98.6,0,3176.4,0,110,1.6,6.6,2,0,0
04/08/2023 05:18:00,SVDT1,26.7,98.6,0,3176.4,0,106,2.3,3.6,2,0,0
04/08/2023 05:19:00,SVDT1,26.7,98.6,0,3176.4,0,108,1.9,6,2,0,0
04/08/2023 05:20:00,SVDT1,26.7,98.6,0,3176.4,0,108,1.4,5.4,2,0,0
04/08/2023 05:21:00,SVDT1,26.6,98.6,0,3176.4,0,116,1.2,3,2,0,0
